id,pointer_cpu,packed_pointer,mode,target_pc,target_cpu,target_source_owned,target_origin,ngplus_target_cpu,arena,speaker,theme
0,$D1D000,$800000,compressed,0,$C00000,False,Clean_ROM,,NATIVE_SHARED_0000_0420,Narration/System,$02 Narration / System
1,$D1D003,$800017,compressed,23,$C00017,False,Clean_ROM,,NATIVE_SHARED_0000_0420,Narration/System,$02 Narration / System
2,$D1D006,$80002A,compressed,42,$C0002A,False,Clean_ROM,,NATIVE_SHARED_0000_0420,Narration/System,$02 Narration / System
3,$D1D009,$80003D,compressed,61,$C0003D,False,Clean_ROM,,NATIVE_SHARED_0000_0420,Narration/System,$02 Narration / System
4,$D1D00C,$800050,compressed,80,$C00050,False,Clean_ROM,,NATIVE_SHARED_0000_0420,Narration/System,$02 Narration / System
5,$D1D00F,$800058,compressed,88,$C00058,False,Clean_ROM,,NATIVE_SHARED_0000_0420,Narration/System,$02 Narration / System
6,$D1D012,$800069,compressed,105,$C00069,False,Clean_ROM,,NATIVE_SHARED_0000_0420,Narration/System,$02 Narration / System
7,$D1D015,$80007A,compressed,122,$C0007A,False,Clean_ROM,,NATIVE_SHARED_0000_0420,Narration/System,$02 Narration / System
8,$D1D018,$800087,compressed,135,$C00087,False,Clean_ROM,,NATIVE_SHARED_0000_0420,Narration/System,$02 Narration / System
9,$D1D01B,$18E800,raw,3237888,$F16800,True,LiveText_0009,,NATIVE_SHARED_0000_0420,Narration/System,$02 Narration / System
10,$D1D01E,$8000A1,compressed,161,$C000A1,False,Clean_ROM,,NATIVE_SHARED_0000_0420,Narration/System,$02 Narration / System
11,$D1D021,$8000AD,compressed,173,$C000AD,False,Clean_ROM,,NATIVE_SHARED_0000_0420,Narration/System,$02 Narration / System
12,$D1D024,$8000BB,compressed,187,$C000BB,False,Clean_ROM,,NATIVE_SHARED_0000_0420,Narration/System,$02 Narration / System
13,$D1D027,$8000C5,compressed,197,$C000C5,False,Clean_ROM,,NATIVE_SHARED_0000_0420,Narration/System,$02 Narration / System
14,$D1D02A,$8000D3,compressed,211,$C000D3,False,Clean_ROM,,NATIVE_SHARED_0000_0420,Narration/System,$02 Narration / System
15,$D1D02D,$8000DE,compressed,222,$C000DE,False,Clean_ROM,,NATIVE_SHARED_0000_0420,Narration/System,$02 Narration / System
16,$D1D030,$8000EA,compressed,234,$C000EA,False,Clean_ROM,,NATIVE_SHARED_0000_0420,Narration/System,$02 Narration / System
17,$D1D033,$8000F3,compressed,243,$C000F3,False,Clean_ROM,,NATIVE_SHARED_0000_0420,Narration/System,$02 Narration / System
18,$D1D036,$800101,compressed,257,$C00101,False,Clean_ROM,,NATIVE_SHARED_0000_0420,Narration/System,$02 Narration / System
19,$D1D039,$800111,compressed,273,$C00111,False,Clean_ROM,,NATIVE_SHARED_0000_0420,Narration/System,$02 Narration / System
20,$D1D03C,$800121,compressed,289,$C00121,False,Clean_ROM,,NATIVE_SHARED_0000_0420,Narration/System,$02 Narration / System
21,$D1D03F,$80012E,compressed,302,$C0012E,False,Clean_ROM,,NATIVE_SHARED_0000_0420,Narration/System,$02 Narration / System
22,$D1D042,$80013B,compressed,315,$C0013B,False,Clean_ROM,,NATIVE_SHARED_0000_0420,Narration/System,$02 Narration / System
23,$D1D045,$800147,compressed,327,$C00147,False,Clean_ROM,,NATIVE_SHARED_0000_0420,Narration/System,$02 Narration / System
24,$D1D048,$800154,compressed,340,$C00154,False,Clean_ROM,,NATIVE_SHARED_0000_0420,Narration/System,$02 Narration / System
25,$D1D04B,$800162,compressed,354,$C00162,False,Clean_ROM,,NATIVE_SHARED_0000_0420,Narration/System,$02 Narration / System
26,$D1D04E,$80016C,compressed,364,$C0016C,False,Clean_ROM,,NATIVE_SHARED_0000_0420,Narration/System,$02 Narration / System
27,$D1D051,$80017A,compressed,378,$C0017A,False,Clean_ROM,,NATIVE_SHARED_0000_0420,Narration/System,$02 Narration / System
28,$D1D054,$800184,compressed,388,$C00184,False,Clean_ROM,,NATIVE_SHARED_0000_0420,Narration/System,$02 Narration / System
29,$D1D057,$800195,compressed,405,$C00195,False,Clean_ROM,,NATIVE_SHARED_0000_0420,Narration/System,$02 Narration / System
30,$D1D05A,$8001A2,compressed,418,$C001A2,False,Clean_ROM,,NATIVE_SHARED_0000_0420,Narration/System,$02 Narration / System
31,$D1D05D,$8001AF,compressed,431,$C001AF,False,Clean_ROM,,NATIVE_SHARED_0000_0420,Narration/System,$02 Narration / System
32,$D1D060,$8001BB,compressed,443,$C001BB,False,Clean_ROM,,NATIVE_SHARED_0000_0420,Narration/System,$02 Narration / System
33,$D1D063,$8001C9,compressed,457,$C001C9,False,Clean_ROM,,NATIVE_SHARED_0000_0420,Narration/System,$02 Narration / System
34,$D1D066,$8001D3,compressed,467,$C001D3,False,Clean_ROM,,NATIVE_SHARED_0000_0420,Narration/System,$02 Narration / System
35,$D1D069,$8001E4,compressed,484,$C001E4,False,Clean_ROM,,NATIVE_SHARED_0000_0420,Narration/System,$02 Narration / System
36,$D1D06C,$8001F2,compressed,498,$C001F2,False,Clean_ROM,,NATIVE_SHARED_0000_0420,Narration/System,$02 Narration / System
37,$D1D06F,$800203,compressed,515,$C00203,False,Clean_ROM,,NATIVE_SHARED_0000_0420,Narration/System,$02 Narration / System
38,$D1D072,$800210,compressed,528,$C00210,False,Clean_ROM,,NATIVE_SHARED_0000_0420,Narration/System,$02 Narration / System
39,$D1D075,$80021F,compressed,543,$C0021F,False,Clean_ROM,,NATIVE_SHARED_0000_0420,Narration/System,$02 Narration / System
40,$D1D078,$80022C,compressed,556,$C0022C,False,Clean_ROM,,NATIVE_SHARED_0000_0420,Narration/System,$02 Narration / System
41,$D1D07B,$800239,compressed,569,$C00239,False,Clean_ROM,,NATIVE_SHARED_0000_0420,Narration/System,$02 Narration / System
42,$D1D07E,$800242,compressed,578,$C00242,False,Clean_ROM,,NATIVE_SHARED_0000_0420,Narration/System,$02 Narration / System
43,$D1D081,$800250,compressed,592,$C00250,False,Clean_ROM,,NATIVE_SHARED_0000_0420,Narration/System,$02 Narration / System
44,$D1D084,$80025A,compressed,602,$C0025A,False,Clean_ROM,,NATIVE_SHARED_0000_0420,Narration/System,$02 Narration / System
45,$D1D087,$80026D,compressed,621,$C0026D,False,Clean_ROM,,NATIVE_SHARED_0000_0420,Narration/System,$02 Narration / System
46,$D1D08A,$80027C,compressed,636,$C0027C,False,Clean_ROM,,NATIVE_SHARED_0000_0420,Narration/System,$02 Narration / System
47,$D1D08D,$80028C,compressed,652,$C0028C,False,Clean_ROM,,NATIVE_SHARED_0000_0420,Narration/System,$02 Narration / System
48,$D1D090,$800298,compressed,664,$C00298,False,Clean_ROM,,NATIVE_SHARED_0000_0420,Narration/System,$02 Narration / System
49,$D1D093,$8002A5,compressed,677,$C002A5,False,Clean_ROM,,NATIVE_SHARED_0000_0420,Narration/System,$02 Narration / System
50,$D1D096,$8002AF,compressed,687,$C002AF,False,Clean_ROM,,NATIVE_SHARED_0000_0420,Narration/System,$02 Narration / System
51,$D1D099,$8002BF,compressed,703,$C002BF,False,Clean_ROM,,NATIVE_SHARED_0000_0420,Narration/System,$02 Narration / System
52,$D1D09C,$8002CB,compressed,715,$C002CB,False,Clean_ROM,,NATIVE_SHARED_0000_0420,Narration/System,$02 Narration / System
53,$D1D09F,$8002DC,compressed,732,$C002DC,False,Clean_ROM,,NATIVE_SHARED_0000_0420,Narration/System,$02 Narration / System
54,$D1D0A2,$8002E9,compressed,745,$C002E9,False,Clean_ROM,,NATIVE_SHARED_0000_0420,Narration/System,$02 Narration / System
55,$D1D0A5,$8002F7,compressed,759,$C002F7,False,Clean_ROM,,NATIVE_SHARED_0000_0420,Narration/System,$02 Narration / System
56,$D1D0A8,$800302,compressed,770,$C00302,False,Clean_ROM,,NATIVE_SHARED_0000_0420,Narration/System,$02 Narration / System
57,$D1D0AB,$800311,compressed,785,$C00311,False,Clean_ROM,,NATIVE_SHARED_0000_0420,Narration/System,$02 Narration / System
58,$D1D0AE,$80031C,compressed,796,$C0031C,False,Clean_ROM,,NATIVE_SHARED_0000_0420,Narration/System,$02 Narration / System
59,$D1D0B1,$80032F,compressed,815,$C0032F,False,Clean_ROM,,NATIVE_SHARED_0000_0420,Narration/System,$02 Narration / System
60,$D1D0B4,$80033E,compressed,830,$C0033E,False,Clean_ROM,,NATIVE_SHARED_0000_0420,Narration/System,$02 Narration / System
61,$D1D0B7,$80034B,compressed,843,$C0034B,False,Clean_ROM,,NATIVE_SHARED_0000_0420,Narration/System,$02 Narration / System
62,$D1D0BA,$800354,compressed,852,$C00354,False,Clean_ROM,,NATIVE_SHARED_0000_0420,Narration/System,$02 Narration / System
63,$D1D0BD,$800367,compressed,871,$C00367,False,Clean_ROM,,NATIVE_SHARED_0000_0420,Narration/System,$02 Narration / System
64,$D1D0C0,$800378,compressed,888,$C00378,False,Clean_ROM,,NATIVE_SHARED_0000_0420,Narration/System,$02 Narration / System
65,$D1D0C3,$800386,compressed,902,$C00386,False,Clean_ROM,,NATIVE_SHARED_0000_0420,Narration/System,$02 Narration / System
66,$D1D0C6,$800390,compressed,912,$C00390,False,Clean_ROM,,NATIVE_SHARED_0000_0420,Narration/System,$02 Narration / System
67,$D1D0C9,$80039D,compressed,925,$C0039D,False,Clean_ROM,,NATIVE_SHARED_0000_0420,Narration/System,$02 Narration / System
68,$D1D0CC,$8003A7,compressed,935,$C003A7,False,Clean_ROM,,NATIVE_SHARED_0000_0420,Narration/System,$02 Narration / System
69,$D1D0CF,$8003B4,compressed,948,$C003B4,False,Clean_ROM,,NATIVE_SHARED_0000_0420,Narration/System,$02 Narration / System
70,$D1D0D2,$8003C1,compressed,961,$C003C1,False,Clean_ROM,,NATIVE_SHARED_0000_0420,Narration/System,$02 Narration / System
71,$D1D0D5,$8003CD,compressed,973,$C003CD,False,Clean_ROM,,NATIVE_SHARED_0000_0420,Narration/System,$02 Narration / System
72,$D1D0D8,$8003DC,compressed,988,$C003DC,False,Clean_ROM,,NATIVE_SHARED_0000_0420,Narration/System,$02 Narration / System
73,$D1D0DB,$8003E7,compressed,999,$C003E7,False,Clean_ROM,,NATIVE_SHARED_0000_0420,Narration/System,$02 Narration / System
74,$D1D0DE,$8003F7,compressed,1015,$C003F7,False,Clean_ROM,,NATIVE_SHARED_0000_0420,Narration/System,$02 Narration / System
75,$D1D0E1,$800402,compressed,1026,$C00402,False,Clean_ROM,,NATIVE_SHARED_0000_0420,Narration/System,$02 Narration / System
76,$D1D0E4,$800412,compressed,1042,$C00412,False,Clean_ROM,,NATIVE_SHARED_0000_0420,Narration/System,$02 Narration / System
77,$D1D0E7,$800420,compressed,1056,$C00420,False,Clean_ROM,,NATIVE_SHARED_0000_0420,Narration/System,$02 Narration / System
78,$D1D0EA,$800430,compressed,1072,$C00430,False,Clean_ROM,,NATIVE_SHARED_0000_0420,Narration/System,$02 Narration / System
79,$D1D0ED,$800440,compressed,1088,$C00440,False,Clean_ROM,,NATIVE_SHARED_0000_0420,Narration/System,$02 Narration / System
80,$D1D0F0,$80044F,compressed,1103,$C0044F,False,Clean_ROM,,NATIVE_SHARED_0000_0420,Narration/System,$02 Narration / System
81,$D1D0F3,$800460,compressed,1120,$C00460,False,Clean_ROM,,NATIVE_SHARED_0000_0420,Narration/System,$02 Narration / System
82,$D1D0F6,$80046F,compressed,1135,$C0046F,False,Clean_ROM,,NATIVE_SHARED_0000_0420,Narration/System,$02 Narration / System
83,$D1D0F9,$80047D,compressed,1149,$C0047D,False,Clean_ROM,,NATIVE_SHARED_0000_0420,Narration/System,$02 Narration / System
84,$D1D0FC,$800489,compressed,1161,$C00489,False,Clean_ROM,,NATIVE_SHARED_0000_0420,Narration/System,$02 Narration / System
85,$D1D0FF,$800499,compressed,1177,$C00499,False,Clean_ROM,,NATIVE_SHARED_0000_0420,Narration/System,$02 Narration / System
86,$D1D102,$8004A6,compressed,1190,$C004A6,False,Clean_ROM,,NATIVE_SHARED_0000_0420,Narration/System,$02 Narration / System
87,$D1D105,$8004B3,compressed,1203,$C004B3,False,Clean_ROM,,NATIVE_SHARED_0000_0420,Narration/System,$02 Narration / System
88,$D1D108,$8004BF,compressed,1215,$C004BF,False,Clean_ROM,,NATIVE_SHARED_0000_0420,Narration/System,$02 Narration / System
89,$D1D10B,$8004D2,compressed,1234,$C004D2,False,Clean_ROM,,NATIVE_SHARED_0000_0420,Narration/System,$02 Narration / System
90,$D1D10E,$8004E0,compressed,1248,$C004E0,False,Clean_ROM,,NATIVE_SHARED_0000_0420,Narration/System,$02 Narration / System
91,$D1D111,$8004EE,compressed,1262,$C004EE,False,Clean_ROM,,NATIVE_SHARED_0000_0420,Narration/System,$02 Narration / System
92,$D1D114,$8004FF,compressed,1279,$C004FF,False,Clean_ROM,,NATIVE_SHARED_0000_0420,Narration/System,$02 Narration / System
93,$D1D117,$800511,compressed,1297,$C00511,False,Clean_ROM,,NATIVE_SHARED_0000_0420,Narration/System,$02 Narration / System
94,$D1D11A,$800521,compressed,1313,$C00521,False,Clean_ROM,,NATIVE_SHARED_0000_0420,Narration/System,$02 Narration / System
95,$D1D11D,$800532,compressed,1330,$C00532,False,Clean_ROM,,NATIVE_SHARED_0000_0420,Narration/System,$02 Narration / System
96,$D1D120,$800541,compressed,1345,$C00541,False,Clean_ROM,,NATIVE_SHARED_0000_0420,Narration/System,$02 Narration / System
97,$D1D123,$800553,compressed,1363,$C00553,False,Clean_ROM,,NATIVE_SHARED_0000_0420,Narration/System,$02 Narration / System
98,$D1D126,$800562,compressed,1378,$C00562,False,Clean_ROM,,NATIVE_SHARED_0000_0420,Narration/System,$02 Narration / System
99,$D1D129,$800570,compressed,1392,$C00570,False,Clean_ROM,,NATIVE_SHARED_0000_0420,Narration/System,$02 Narration / System
100,$D1D12C,$80057F,compressed,1407,$C0057F,False,Clean_ROM,,NATIVE_SHARED_0000_0420,Narration/System,$02 Narration / System
101,$D1D12F,$800591,compressed,1425,$C00591,False,Clean_ROM,,NATIVE_SHARED_0000_0420,Narration/System,$02 Narration / System
102,$D1D132,$8005A2,compressed,1442,$C005A2,False,Clean_ROM,,NATIVE_SHARED_0000_0420,Narration/System,$02 Narration / System
103,$D1D135,$8005B1,compressed,1457,$C005B1,False,Clean_ROM,,NATIVE_SHARED_0000_0420,Narration/System,$02 Narration / System
104,$D1D138,$8005C2,compressed,1474,$C005C2,False,Clean_ROM,,NATIVE_SHARED_0000_0420,Narration/System,$02 Narration / System
105,$D1D13B,$8005D4,compressed,1492,$C005D4,False,Clean_ROM,,NATIVE_SHARED_0000_0420,Narration/System,$02 Narration / System
106,$D1D13E,$8005E0,compressed,1504,$C005E0,False,Clean_ROM,,NATIVE_SHARED_0000_0420,Narration/System,$02 Narration / System
107,$D1D141,$8005ED,compressed,1517,$C005ED,False,Clean_ROM,,NATIVE_SHARED_0000_0420,Narration/System,$02 Narration / System
108,$D1D144,$8005FD,compressed,1533,$C005FD,False,Clean_ROM,,NATIVE_SHARED_0000_0420,Narration/System,$02 Narration / System
109,$D1D147,$80060A,compressed,1546,$C0060A,False,Clean_ROM,,NATIVE_SHARED_0000_0420,Narration/System,$02 Narration / System
110,$D1D14A,$800617,compressed,1559,$C00617,False,Clean_ROM,,NATIVE_SHARED_0000_0420,Narration/System,$02 Narration / System
111,$D1D14D,$800629,compressed,1577,$C00629,False,Clean_ROM,,NATIVE_SHARED_0000_0420,Narration/System,$02 Narration / System
112,$D1D150,$800632,compressed,1586,$C00632,False,Clean_ROM,,NATIVE_SHARED_0000_0420,Narration/System,$02 Narration / System
113,$D1D153,$80063E,compressed,1598,$C0063E,False,Clean_ROM,,NATIVE_SHARED_0000_0420,Narration/System,$02 Narration / System
114,$D1D156,$800647,compressed,1607,$C00647,False,Clean_ROM,,NATIVE_SHARED_0000_0420,Narration/System,$02 Narration / System
115,$D1D159,$800651,compressed,1617,$C00651,False,Clean_ROM,,NATIVE_SHARED_0000_0420,Narration/System,$02 Narration / System
116,$D1D15C,$80065A,compressed,1626,$C0065A,False,Clean_ROM,,NATIVE_SHARED_0000_0420,Narration/System,$02 Narration / System
117,$D1D15F,$80066A,compressed,1642,$C0066A,False,Clean_ROM,,NATIVE_SHARED_0000_0420,Narration/System,$02 Narration / System
118,$D1D162,$800677,compressed,1655,$C00677,False,Clean_ROM,,NATIVE_SHARED_0000_0420,Narration/System,$02 Narration / System
119,$D1D165,$800683,compressed,1667,$C00683,False,Clean_ROM,,NATIVE_SHARED_0000_0420,Narration/System,$02 Narration / System
120,$D1D168,$800690,compressed,1680,$C00690,False,Clean_ROM,,NATIVE_SHARED_0000_0420,Narration/System,$02 Narration / System
121,$D1D16B,$800699,compressed,1689,$C00699,False,Clean_ROM,,NATIVE_SHARED_0000_0420,Narration/System,$02 Narration / System
122,$D1D16E,$8006A2,compressed,1698,$C006A2,False,Clean_ROM,,NATIVE_SHARED_0000_0420,Narration/System,$02 Narration / System
123,$D1D171,$8006AE,compressed,1710,$C006AE,False,Clean_ROM,,NATIVE_SHARED_0000_0420,Narration/System,$02 Narration / System
124,$D1D174,$8006BA,compressed,1722,$C006BA,False,Clean_ROM,,NATIVE_SHARED_0000_0420,Narration/System,$02 Narration / System
125,$D1D177,$8006C3,compressed,1731,$C006C3,False,Clean_ROM,,NATIVE_SHARED_0000_0420,Narration/System,$02 Narration / System
126,$D1D17A,$8006D0,compressed,1744,$C006D0,False,Clean_ROM,,NATIVE_SHARED_0000_0420,Narration/System,$02 Narration / System
127,$D1D17D,$8006DD,compressed,1757,$C006DD,False,Clean_ROM,,NATIVE_SHARED_0000_0420,Narration/System,$02 Narration / System
128,$D1D180,$8006E9,compressed,1769,$C006E9,False,Clean_ROM,,NATIVE_SHARED_0000_0420,Narration/System,$02 Narration / System
129,$D1D183,$8006F2,compressed,1778,$C006F2,False,Clean_ROM,,NATIVE_SHARED_0000_0420,Narration/System,$02 Narration / System
130,$D1D186,$8006FB,compressed,1787,$C006FB,False,Clean_ROM,,NATIVE_SHARED_0000_0420,Narration/System,$02 Narration / System
131,$D1D189,$800709,compressed,1801,$C00709,False,Clean_ROM,,NATIVE_SHARED_0000_0420,Narration/System,$02 Narration / System
132,$D1D18C,$800714,compressed,1812,$C00714,False,Clean_ROM,,NATIVE_SHARED_0000_0420,Narration/System,$02 Narration / System
133,$D1D18F,$80071D,compressed,1821,$C0071D,False,Clean_ROM,,NATIVE_SHARED_0000_0420,Narration/System,$02 Narration / System
134,$D1D192,$800729,compressed,1833,$C00729,False,Clean_ROM,,NATIVE_SHARED_0000_0420,Narration/System,$02 Narration / System
135,$D1D195,$800735,compressed,1845,$C00735,False,Clean_ROM,,NATIVE_SHARED_0000_0420,Narration/System,$02 Narration / System
136,$D1D198,$80073F,compressed,1855,$C0073F,False,Clean_ROM,,NATIVE_SHARED_0000_0420,Narration/System,$02 Narration / System
137,$D1D19B,$800749,compressed,1865,$C00749,False,Clean_ROM,,NATIVE_SHARED_0000_0420,Narration/System,$02 Narration / System
138,$D1D19E,$800757,compressed,1879,$C00757,False,Clean_ROM,,NATIVE_SHARED_0000_0420,Narration/System,$02 Narration / System
139,$D1D1A1,$80075F,compressed,1887,$C0075F,False,Clean_ROM,,NATIVE_SHARED_0000_0420,Narration/System,$02 Narration / System
140,$D1D1A4,$80076F,compressed,1903,$C0076F,False,Clean_ROM,,NATIVE_SHARED_0000_0420,Narration/System,$02 Narration / System
141,$D1D1A7,$800778,compressed,1912,$C00778,False,Clean_ROM,,NATIVE_SHARED_0000_0420,Narration/System,$02 Narration / System
142,$D1D1AA,$800782,compressed,1922,$C00782,False,Clean_ROM,,NATIVE_SHARED_0000_0420,Narration/System,$02 Narration / System
143,$D1D1AD,$80078F,compressed,1935,$C0078F,False,Clean_ROM,,NATIVE_SHARED_0000_0420,Narration/System,$02 Narration / System
144,$D1D1B0,$80079C,compressed,1948,$C0079C,False,Clean_ROM,,NATIVE_SHARED_0000_0420,Narration/System,$02 Narration / System
145,$D1D1B3,$8007A8,compressed,1960,$C007A8,False,Clean_ROM,,NATIVE_SHARED_0000_0420,Narration/System,$02 Narration / System
146,$D1D1B6,$8007B7,compressed,1975,$C007B7,False,Clean_ROM,,NATIVE_SHARED_0000_0420,Narration/System,$02 Narration / System
147,$D1D1B9,$8007C2,compressed,1986,$C007C2,False,Clean_ROM,,NATIVE_SHARED_0000_0420,Narration/System,$02 Narration / System
148,$D1D1BC,$8007D2,compressed,2002,$C007D2,False,Clean_ROM,,NATIVE_SHARED_0000_0420,Narration/System,$02 Narration / System
149,$D1D1BF,$8007DD,compressed,2013,$C007DD,False,Clean_ROM,,NATIVE_SHARED_0000_0420,Narration/System,$02 Narration / System
150,$D1D1C2,$8007ED,compressed,2029,$C007ED,False,Clean_ROM,,NATIVE_SHARED_0000_0420,Narration/System,$02 Narration / System
151,$D1D1C5,$8007FB,compressed,2043,$C007FB,False,Clean_ROM,,NATIVE_SHARED_0000_0420,Narration/System,$02 Narration / System
152,$D1D1C8,$80080B,compressed,2059,$C0080B,False,Clean_ROM,,NATIVE_SHARED_0000_0420,Narration/System,$02 Narration / System
153,$D1D1CB,$80081B,compressed,2075,$C0081B,False,Clean_ROM,,NATIVE_SHARED_0000_0420,Narration/System,$02 Narration / System
154,$D1D1CE,$80082A,compressed,2090,$C0082A,False,Clean_ROM,,NATIVE_SHARED_0000_0420,Narration/System,$02 Narration / System
155,$D1D1D1,$80083B,compressed,2107,$C0083B,False,Clean_ROM,,NATIVE_SHARED_0000_0420,Narration/System,$02 Narration / System
156,$D1D1D4,$80084A,compressed,2122,$C0084A,False,Clean_ROM,,NATIVE_SHARED_0000_0420,Narration/System,$02 Narration / System
157,$D1D1D7,$800858,compressed,2136,$C00858,False,Clean_ROM,,NATIVE_SHARED_0000_0420,Narration/System,$02 Narration / System
158,$D1D1DA,$800864,compressed,2148,$C00864,False,Clean_ROM,,NATIVE_SHARED_0000_0420,Narration/System,$02 Narration / System
159,$D1D1DD,$800874,compressed,2164,$C00874,False,Clean_ROM,,NATIVE_SHARED_0000_0420,Narration/System,$02 Narration / System
160,$D1D1E0,$800881,compressed,2177,$C00881,False,Clean_ROM,,NATIVE_SHARED_0000_0420,Narration/System,$02 Narration / System
161,$D1D1E3,$80088E,compressed,2190,$C0088E,False,Clean_ROM,,NATIVE_SHARED_0000_0420,Narration/System,$02 Narration / System
162,$D1D1E6,$80089A,compressed,2202,$C0089A,False,Clean_ROM,,NATIVE_SHARED_0000_0420,Narration/System,$02 Narration / System
163,$D1D1E9,$8008AD,compressed,2221,$C008AD,False,Clean_ROM,,NATIVE_SHARED_0000_0420,Narration/System,$02 Narration / System
164,$D1D1EC,$8008BB,compressed,2235,$C008BB,False,Clean_ROM,,NATIVE_SHARED_0000_0420,Narration/System,$02 Narration / System
165,$D1D1EF,$8008C9,compressed,2249,$C008C9,False,Clean_ROM,,NATIVE_SHARED_0000_0420,Narration/System,$02 Narration / System
166,$D1D1F2,$8008DA,compressed,2266,$C008DA,False,Clean_ROM,,NATIVE_SHARED_0000_0420,Narration/System,$02 Narration / System
167,$D1D1F5,$8008EC,compressed,2284,$C008EC,False,Clean_ROM,,NATIVE_SHARED_0000_0420,Narration/System,$02 Narration / System
168,$D1D1F8,$8008FC,compressed,2300,$C008FC,False,Clean_ROM,,NATIVE_SHARED_0000_0420,Narration/System,$02 Narration / System
169,$D1D1FB,$80090D,compressed,2317,$C0090D,False,Clean_ROM,,NATIVE_SHARED_0000_0420,Narration/System,$02 Narration / System
170,$D1D1FE,$80091C,compressed,2332,$C0091C,False,Clean_ROM,,NATIVE_SHARED_0000_0420,Narration/System,$02 Narration / System
171,$D1D201,$80092E,compressed,2350,$C0092E,False,Clean_ROM,,NATIVE_SHARED_0000_0420,Narration/System,$02 Narration / System
172,$D1D204,$80093E,compressed,2366,$C0093E,False,Clean_ROM,,NATIVE_SHARED_0000_0420,Narration/System,$02 Narration / System
173,$D1D207,$80094C,compressed,2380,$C0094C,False,Clean_ROM,,NATIVE_SHARED_0000_0420,Narration/System,$02 Narration / System
174,$D1D20A,$80095B,compressed,2395,$C0095B,False,Clean_ROM,,NATIVE_SHARED_0000_0420,Narration/System,$02 Narration / System
175,$D1D20D,$80096D,compressed,2413,$C0096D,False,Clean_ROM,,NATIVE_SHARED_0000_0420,Narration/System,$02 Narration / System
176,$D1D210,$80097E,compressed,2430,$C0097E,False,Clean_ROM,,NATIVE_SHARED_0000_0420,Narration/System,$02 Narration / System
177,$D1D213,$80098D,compressed,2445,$C0098D,False,Clean_ROM,,NATIVE_SHARED_0000_0420,Narration/System,$02 Narration / System
178,$D1D216,$80099E,compressed,2462,$C0099E,False,Clean_ROM,,NATIVE_SHARED_0000_0420,Narration/System,$02 Narration / System
179,$D1D219,$8009B0,compressed,2480,$C009B0,False,Clean_ROM,,NATIVE_SHARED_0000_0420,Narration/System,$02 Narration / System
180,$D1D21C,$8009BC,compressed,2492,$C009BC,False,Clean_ROM,,NATIVE_SHARED_0000_0420,Narration/System,$02 Narration / System
181,$D1D21F,$8009C9,compressed,2505,$C009C9,False,Clean_ROM,,NATIVE_SHARED_0000_0420,Narration/System,$02 Narration / System
182,$D1D222,$8009D9,compressed,2521,$C009D9,False,Clean_ROM,,NATIVE_SHARED_0000_0420,Narration/System,$02 Narration / System
183,$D1D225,$8009E6,compressed,2534,$C009E6,False,Clean_ROM,,NATIVE_SHARED_0000_0420,Narration/System,$02 Narration / System
184,$D1D228,$8009F3,compressed,2547,$C009F3,False,Clean_ROM,,NATIVE_SHARED_0000_0420,Narration/System,$02 Narration / System
185,$D1D22B,$800A05,compressed,2565,$C00A05,False,Clean_ROM,,NATIVE_SHARED_0000_0420,Narration/System,$02 Narration / System
186,$D1D22E,$800A15,compressed,2581,$C00A15,False,Clean_ROM,,NATIVE_SHARED_0000_0420,Narration/System,$02 Narration / System
187,$D1D231,$800A28,compressed,2600,$C00A28,False,Clean_ROM,,NATIVE_SHARED_0000_0420,Narration/System,$02 Narration / System
188,$D1D234,$800A3B,compressed,2619,$C00A3B,False,Clean_ROM,,NATIVE_SHARED_0000_0420,Narration/System,$02 Narration / System
189,$D1D237,$800A4C,compressed,2636,$C00A4C,False,Clean_ROM,,NATIVE_SHARED_0000_0420,Narration/System,$02 Narration / System
190,$D1D23A,$800A5F,compressed,2655,$C00A5F,False,Clean_ROM,,NATIVE_SHARED_0000_0420,Narration/System,$02 Narration / System
191,$D1D23D,$800A74,compressed,2676,$C00A74,False,Clean_ROM,,NATIVE_SHARED_0000_0420,Narration/System,$02 Narration / System
192,$D1D240,$800A8B,compressed,2699,$C00A8B,False,Clean_ROM,,NATIVE_SHARED_0000_0420,Narration/System,$02 Narration / System
193,$D1D243,$800AA0,compressed,2720,$C00AA0,False,Clean_ROM,,NATIVE_SHARED_0000_0420,Narration/System,$02 Narration / System
194,$D1D246,$800AB0,compressed,2736,$C00AB0,False,Clean_ROM,,NATIVE_SHARED_0000_0420,Narration/System,$02 Narration / System
195,$D1D249,$800AC6,compressed,2758,$C00AC6,False,Clean_ROM,,NATIVE_SHARED_0000_0420,Narration/System,$02 Narration / System
196,$D1D24C,$800AD9,compressed,2777,$C00AD9,False,Clean_ROM,,NATIVE_SHARED_0000_0420,Narration/System,$02 Narration / System
197,$D1D24F,$800AE9,compressed,2793,$C00AE9,False,Clean_ROM,,NATIVE_SHARED_0000_0420,Narration/System,$02 Narration / System
198,$D1D252,$800AFB,compressed,2811,$C00AFB,False,Clean_ROM,,NATIVE_SHARED_0000_0420,Narration/System,$02 Narration / System
199,$D1D255,$800B0E,compressed,2830,$C00B0E,False,Clean_ROM,,NATIVE_SHARED_0000_0420,Narration/System,$02 Narration / System
200,$D1D258,$800B1E,compressed,2846,$C00B1E,False,Clean_ROM,,NATIVE_SHARED_0000_0420,Narration/System,$02 Narration / System
201,$D1D25B,$800B2E,compressed,2862,$C00B2E,False,Clean_ROM,,NATIVE_SHARED_0000_0420,Narration/System,$02 Narration / System
202,$D1D25E,$800B3D,compressed,2877,$C00B3D,False,Clean_ROM,,NATIVE_SHARED_0000_0420,Narration/System,$02 Narration / System
203,$D1D261,$800B4E,compressed,2894,$C00B4E,False,Clean_ROM,,NATIVE_SHARED_0000_0420,Narration/System,$02 Narration / System
204,$D1D264,$800B62,compressed,2914,$C00B62,False,Clean_ROM,,NATIVE_SHARED_0000_0420,Narration/System,$02 Narration / System
205,$D1D267,$800B74,compressed,2932,$C00B74,False,Clean_ROM,,NATIVE_SHARED_0000_0420,Narration/System,$02 Narration / System
206,$D1D26A,$800B81,compressed,2945,$C00B81,False,Clean_ROM,,NATIVE_SHARED_0000_0420,Narration/System,$02 Narration / System
207,$D1D26D,$800B8F,compressed,2959,$C00B8F,False,Clean_ROM,,NATIVE_SHARED_0000_0420,Narration/System,$02 Narration / System
208,$D1D270,$800BA2,compressed,2978,$C00BA2,False,Clean_ROM,,NATIVE_SHARED_0000_0420,Narration/System,$02 Narration / System
209,$D1D273,$800BB2,compressed,2994,$C00BB2,False,Clean_ROM,,NATIVE_SHARED_0000_0420,Narration/System,$02 Narration / System
210,$D1D276,$800BC2,compressed,3010,$C00BC2,False,Clean_ROM,,NATIVE_SHARED_0000_0420,Narration/System,$02 Narration / System
211,$D1D279,$800BD2,compressed,3026,$C00BD2,False,Clean_ROM,,NATIVE_SHARED_0000_0420,Narration/System,$02 Narration / System
212,$D1D27C,$800BE3,compressed,3043,$C00BE3,False,Clean_ROM,,NATIVE_SHARED_0000_0420,Narration/System,$02 Narration / System
213,$D1D27F,$800BF6,compressed,3062,$C00BF6,False,Clean_ROM,,NATIVE_SHARED_0000_0420,Narration/System,$02 Narration / System
214,$D1D282,$800C03,compressed,3075,$C00C03,False,Clean_ROM,,NATIVE_SHARED_0000_0420,Narration/System,$02 Narration / System
215,$D1D285,$800C1A,compressed,3098,$C00C1A,False,Clean_ROM,,NATIVE_SHARED_0000_0420,Narration/System,$02 Narration / System
216,$D1D288,$800C29,compressed,3113,$C00C29,False,Clean_ROM,,NATIVE_SHARED_0000_0420,Narration/System,$02 Narration / System
217,$D1D28B,$800C3A,compressed,3130,$C00C3A,False,Clean_ROM,,NATIVE_SHARED_0000_0420,Narration/System,$02 Narration / System
218,$D1D28E,$800C46,compressed,3142,$C00C46,False,Clean_ROM,,NATIVE_SHARED_0000_0420,Narration/System,$02 Narration / System
219,$D1D291,$800C51,compressed,3153,$C00C51,False,Clean_ROM,,NATIVE_SHARED_0000_0420,Narration/System,$02 Narration / System
220,$D1D294,$800C5B,compressed,3163,$C00C5B,False,Clean_ROM,,NATIVE_SHARED_0000_0420,Narration/System,$02 Narration / System
221,$D1D297,$800C6A,compressed,3178,$C00C6A,False,Clean_ROM,,NATIVE_SHARED_0000_0420,Merchant / Trader caller,$03 Generic NPC
222,$D1D29A,$800C81,compressed,3201,$C00C81,False,Clean_ROM,,NATIVE_SHARED_0000_0420,Merchant / Trader caller,$03 Generic NPC
223,$D1D29D,$800C9C,compressed,3228,$C00C9C,False,Clean_ROM,,NATIVE_SHARED_0000_0420,Merchant / Trader caller,$03 Generic NPC
224,$D1D2A0,$800C9F,compressed,3231,$C00C9F,False,Clean_ROM,,NATIVE_SHARED_0000_0420,Merchant / Trader caller,$03 Generic NPC
225,$D1D2A3,$800CBB,compressed,3259,$C00CBB,False,Clean_ROM,,NATIVE_SHARED_0000_0420,Merchant / Trader caller,$03 Generic NPC
226,$D1D2A6,$800CBE,compressed,3262,$C00CBE,False,Clean_ROM,,NATIVE_SHARED_0000_0420,Merchant / Trader caller,$03 Generic NPC
227,$D1D2A9,$800CDF,compressed,3295,$C00CDF,False,Clean_ROM,,NATIVE_SHARED_0000_0420,Merchant / Trader caller,$03 Generic NPC
228,$D1D2AC,$800CEC,compressed,3308,$C00CEC,False,Clean_ROM,,NATIVE_SHARED_0000_0420,Merchant / Trader caller,$03 Generic NPC
229,$D1D2AF,$800D17,compressed,3351,$C00D17,False,Clean_ROM,,NATIVE_SHARED_0000_0420,Merchant / Trader caller,$03 Generic NPC
230,$D1D2B2,$800D44,compressed,3396,$C00D44,False,Clean_ROM,,NATIVE_SHARED_0000_0420,Merchant / Trader caller,$03 Generic NPC
231,$D1D2B5,$800D72,compressed,3442,$C00D72,False,Clean_ROM,,NATIVE_SHARED_0000_0420,Merchant / Trader caller,$03 Generic NPC
232,$D1D2B8,$800D9A,compressed,3482,$C00D9A,False,Clean_ROM,,NATIVE_SHARED_0000_0420,Merchant / Trader caller,$03 Generic NPC
233,$D1D2BB,$800DC9,compressed,3529,$C00DC9,False,Clean_ROM,,NATIVE_SHARED_0000_0420,Merchant / Trader caller,$03 Generic NPC
234,$D1D2BE,$800DF9,compressed,3577,$C00DF9,False,Clean_ROM,,NATIVE_SHARED_0000_0420,Merchant / Trader caller,$03 Generic NPC
235,$D1D2C1,$800E24,compressed,3620,$C00E24,False,Clean_ROM,,NATIVE_SHARED_0000_0420,Merchant / Trader caller,$03 Generic NPC
236,$D1D2C4,$800E50,compressed,3664,$C00E50,False,Clean_ROM,,NATIVE_SHARED_0000_0420,Merchant / Trader caller,$03 Generic NPC
237,$D1D2C7,$800E7E,compressed,3710,$C00E7E,False,Clean_ROM,,NATIVE_SHARED_0000_0420,Merchant / Trader caller,$03 Generic NPC
238,$D1D2CA,$800EA9,compressed,3753,$C00EA9,False,Clean_ROM,,NATIVE_SHARED_0000_0420,Merchant / Trader caller,$03 Generic NPC
239,$D1D2CD,$800ED5,compressed,3797,$C00ED5,False,Clean_ROM,,NATIVE_SHARED_0000_0420,Merchant / Trader caller,$03 Generic NPC
240,$D1D2D0,$800F00,compressed,3840,$C00F00,False,Clean_ROM,,NATIVE_SHARED_0000_0420,Merchant / Trader caller,$03 Generic NPC
241,$D1D2D3,$800F20,compressed,3872,$C00F20,False,Clean_ROM,,NATIVE_SHARED_0000_0420,Merchant / Trader caller,$03 Generic NPC
242,$D1D2D6,$800F37,compressed,3895,$C00F37,False,Clean_ROM,,NATIVE_SHARED_0000_0420,Merchant / Trader caller,$03 Generic NPC
243,$D1D2D9,$800F4A,compressed,3914,$C00F4A,False,Clean_ROM,,NATIVE_SHARED_0000_0420,Merchant / Trader caller,$03 Generic NPC
244,$D1D2DC,$800F57,compressed,3927,$C00F57,False,Clean_ROM,,NATIVE_SHARED_0000_0420,Merchant / Trader caller,$03 Generic NPC
245,$D1D2DF,$800F6A,compressed,3946,$C00F6A,False,Clean_ROM,,NATIVE_SHARED_0000_0420,Merchant / Trader caller,$03 Generic NPC
246,$D1D2E2,$800F77,compressed,3959,$C00F77,False,Clean_ROM,,NATIVE_SHARED_0000_0420,Merchant / Trader caller,$03 Generic NPC
247,$D1D2E5,$800F8E,compressed,3982,$C00F8E,False,Clean_ROM,,NATIVE_SHARED_0000_0420,Merchant / Trader caller,$03 Generic NPC
248,$D1D2E8,$800FA8,compressed,4008,$C00FA8,False,Clean_ROM,,NATIVE_SHARED_0000_0420,Merchant / Trader caller,$03 Generic NPC
249,$D1D2EB,$800FC3,compressed,4035,$C00FC3,False,Clean_ROM,,NATIVE_SHARED_0000_0420,Merchant / Trader caller,$03 Generic NPC
250,$D1D2EE,$800FE9,compressed,4073,$C00FE9,False,Clean_ROM,,NATIVE_SHARED_0000_0420,Merchant / Trader caller,$03 Generic NPC
251,$D1D2F1,$801017,compressed,4119,$C01017,False,Clean_ROM,,NATIVE_SHARED_0000_0420,Merchant / Trader caller,$03 Generic NPC
252,$D1D2F4,$801023,compressed,4131,$C01023,False,Clean_ROM,,NATIVE_SHARED_0000_0420,Narration/System,$02 Narration / System
253,$D1D2F7,$801032,compressed,4146,$C01032,False,Clean_ROM,,NATIVE_SHARED_0000_0420,Narration/System,$02 Narration / System
254,$D1D2FA,$80103E,compressed,4158,$C0103E,False,Clean_ROM,,NATIVE_SHARED_0000_0420,Narration/System,$02 Narration / System
255,$D1D2FD,$801049,compressed,4169,$C01049,False,Clean_ROM,,NATIVE_SHARED_0000_0420,Narration/System,$02 Narration / System
256,$D1D300,$801053,compressed,4179,$C01053,False,Clean_ROM,,NATIVE_SHARED_0000_0420,Narration/System,$02 Narration / System
257,$D1D303,$801057,compressed,4183,$C01057,False,Clean_ROM,,NATIVE_SHARED_0000_0420,Narration/System,$02 Narration / System
258,$D1D306,$801061,compressed,4193,$C01061,False,Clean_ROM,,NATIVE_SHARED_0000_0420,Narration/System,$02 Narration / System
259,$D1D309,$80106C,compressed,4204,$C0106C,False,Clean_ROM,,NATIVE_SHARED_0000_0420,Narration/System,$02 Narration / System
260,$D1D30C,$801070,compressed,4208,$C01070,False,Clean_ROM,,NATIVE_SHARED_0000_0420,Narration/System,$02 Narration / System
261,$D1D30F,$80107A,compressed,4218,$C0107A,False,Clean_ROM,,NATIVE_SHARED_0000_0420,Narration/System,$02 Narration / System
262,$D1D312,$80108A,compressed,4234,$C0108A,False,Clean_ROM,,NATIVE_SHARED_0000_0420,Narration/System,$02 Narration / System
263,$D1D315,$801095,compressed,4245,$C01095,False,Clean_ROM,,NATIVE_SHARED_0000_0420,Narration/System,$02 Narration / System
264,$D1D318,$8010A1,compressed,4257,$C010A1,False,Clean_ROM,,NATIVE_SHARED_0000_0420,Narration/System,$02 Narration / System
265,$D1D31B,$8010AD,compressed,4269,$C010AD,False,Clean_ROM,,NATIVE_SHARED_0000_0420,Narration/System,$02 Narration / System
266,$D1D31E,$8010B4,compressed,4276,$C010B4,False,Clean_ROM,,NATIVE_SHARED_0000_0420,Narration/System,$02 Narration / System
267,$D1D321,$8010C1,compressed,4289,$C010C1,False,Clean_ROM,,NATIVE_SHARED_0000_0420,Narration/System,$02 Narration / System
268,$D1D324,$8010CF,compressed,4303,$C010CF,False,Clean_ROM,,NATIVE_SHARED_0000_0420,Narration/System,$02 Narration / System
269,$D1D327,$8010DB,compressed,4315,$C010DB,False,Clean_ROM,,NATIVE_SHARED_0000_0420,Narration/System,$02 Narration / System
270,$D1D32A,$8010E6,compressed,4326,$C010E6,False,Clean_ROM,,NATIVE_SHARED_0000_0420,Narration/System,$02 Narration / System
271,$D1D32D,$8010F4,compressed,4340,$C010F4,False,Clean_ROM,,NATIVE_SHARED_0000_0420,Narration/System,$02 Narration / System
272,$D1D330,$8010FF,compressed,4351,$C010FF,False,Clean_ROM,,NATIVE_SHARED_0000_0420,Narration/System,$02 Narration / System
273,$D1D333,$80110B,compressed,4363,$C0110B,False,Clean_ROM,,NATIVE_SHARED_0000_0420,Narration/System,$02 Narration / System
274,$D1D336,$801115,compressed,4373,$C01115,False,Clean_ROM,,NATIVE_SHARED_0000_0420,Narration/System,$02 Narration / System
275,$D1D339,$801119,compressed,4377,$C01119,False,Clean_ROM,,NATIVE_SHARED_0000_0420,Narration/System,$02 Narration / System
276,$D1D33C,$801128,compressed,4392,$C01128,False,Clean_ROM,,NATIVE_SHARED_0000_0420,Narration/System,$02 Narration / System
277,$D1D33F,$801135,compressed,4405,$C01135,False,Clean_ROM,,NATIVE_SHARED_0000_0420,Narration/System,$02 Narration / System
278,$D1D342,$801141,compressed,4417,$C01141,False,Clean_ROM,,NATIVE_SHARED_0000_0420,Narration/System,$02 Narration / System
279,$D1D345,$00114B,raw,4427,$C0114B,False,Clean_ROM,,NATIVE_SHARED_0000_0420,Narration/System,$02 Narration / System
280,$D1D348,$80115D,compressed,4445,$C0115D,False,Clean_ROM,,NATIVE_SHARED_0000_0420,Narration/System,$02 Narration / System
281,$D1D34B,$80116A,compressed,4458,$C0116A,False,Clean_ROM,,NATIVE_SHARED_0000_0420,Narration/System,$02 Narration / System
282,$D1D34E,$801177,compressed,4471,$C01177,False,Clean_ROM,,NATIVE_SHARED_0000_0420,Narration/System,$02 Narration / System
283,$D1D351,$801181,compressed,4481,$C01181,False,Clean_ROM,,NATIVE_SHARED_0000_0420,Narration/System,$02 Narration / System
284,$D1D354,$80118E,compressed,4494,$C0118E,False,Clean_ROM,,NATIVE_SHARED_0000_0420,Merchant / Trader caller,$03 Generic NPC
285,$D1D357,$80119E,compressed,4510,$C0119E,False,Clean_ROM,,NATIVE_SHARED_0000_0420,Merchant / Trader caller,$03 Generic NPC
286,$D1D35A,$8011A4,compressed,4516,$C011A4,False,Clean_ROM,,NATIVE_SHARED_0000_0420,Merchant / Trader caller,$03 Generic NPC
287,$D1D35D,$0011AA,raw,4522,$C011AA,False,Clean_ROM,,NATIVE_SHARED_0000_0420,Merchant / Trader caller,$03 Generic NPC
288,$D1D360,$8011B4,compressed,4532,$C011B4,False,Clean_ROM,,NATIVE_SHARED_0000_0420,Merchant / Trader caller,$03 Generic NPC
289,$D1D363,$8011BC,compressed,4540,$C011BC,False,Clean_ROM,,NATIVE_SHARED_0000_0420,Merchant / Trader caller,$03 Generic NPC
290,$D1D366,$8011C3,compressed,4547,$C011C3,False,Clean_ROM,,NATIVE_SHARED_0000_0420,Merchant / Trader caller,$03 Generic NPC
291,$D1D369,$8011C8,compressed,4552,$C011C8,False,Clean_ROM,,NATIVE_SHARED_0000_0420,Merchant / Trader caller,$03 Generic NPC
292,$D1D36C,$8011D3,compressed,4563,$C011D3,False,Clean_ROM,,NATIVE_SHARED_0000_0420,Merchant / Trader caller,$03 Generic NPC
293,$D1D36F,$80120F,compressed,4623,$C0120F,False,Clean_ROM,,NATIVE_SHARED_0000_0420,Merchant / Trader caller,$03 Generic NPC
294,$D1D372,$801218,compressed,4632,$C01218,False,Clean_ROM,,NATIVE_SHARED_0000_0420,Merchant / Trader caller,$03 Generic NPC
295,$D1D375,$801245,compressed,4677,$C01245,False,Clean_ROM,,NATIVE_SHARED_0000_0420,Merchant / Trader caller,$03 Generic NPC
296,$D1D378,$801263,compressed,4707,$C01263,False,Clean_ROM,,NATIVE_SHARED_0000_0420,Merchant / Trader caller,$03 Generic NPC
297,$D1D37B,$801277,compressed,4727,$C01277,False,Clean_ROM,,NATIVE_SHARED_0000_0420,Merchant / Trader caller,$03 Generic NPC
298,$D1D37E,$801288,compressed,4744,$C01288,False,Clean_ROM,,NATIVE_SHARED_0000_0420,Merchant / Trader caller,$03 Generic NPC
299,$D1D381,$80128F,compressed,4751,$C0128F,False,Clean_ROM,,NATIVE_SHARED_0000_0420,Merchant / Trader caller,$03 Generic NPC
300,$D1D384,$801298,compressed,4760,$C01298,False,Clean_ROM,,NATIVE_SHARED_0000_0420,Merchant / Trader caller,$03 Generic NPC
301,$D1D387,$80129F,compressed,4767,$C0129F,False,Clean_ROM,,NATIVE_SHARED_0000_0420,Merchant / Trader caller,$03 Generic NPC
302,$D1D38A,$0012A9,raw,4777,$C012A9,False,Clean_ROM,,NATIVE_SHARED_0000_0420,Merchant / Trader caller,$03 Generic NPC
303,$D1D38D,$8012AD,compressed,4781,$C012AD,False,Clean_ROM,,NATIVE_SHARED_0000_0420,Merchant / Trader caller,$03 Generic NPC
304,$D1D390,$8012C4,compressed,4804,$C012C4,False,Clean_ROM,,NATIVE_SHARED_0000_0420,Merchant / Trader caller,$03 Generic NPC
305,$D1D393,$8012E4,compressed,4836,$C012E4,False,Clean_ROM,,NATIVE_SHARED_0000_0420,Merchant / Trader caller,$03 Generic NPC
306,$D1D396,$8012E7,compressed,4839,$C012E7,False,Clean_ROM,,NATIVE_SHARED_0000_0420,Merchant / Trader caller,$03 Generic NPC
307,$D1D399,$801309,compressed,4873,$C01309,False,Clean_ROM,,NATIVE_SHARED_0000_0420,Merchant / Trader caller,$03 Generic NPC
308,$D1D39C,$801331,compressed,4913,$C01331,False,Clean_ROM,,NATIVE_SHARED_0000_0420,Merchant / Trader caller,$03 Generic NPC
309,$D1D39F,$80135C,compressed,4956,$C0135C,False,Clean_ROM,,NATIVE_SHARED_0000_0420,Merchant / Trader caller,$03 Generic NPC
310,$D1D3A2,$80137F,compressed,4991,$C0137F,False,Clean_ROM,,NATIVE_SHARED_0000_0420,Merchant / Trader caller,$03 Generic NPC
311,$D1D3A5,$80139A,compressed,5018,$C0139A,False,Clean_ROM,,NATIVE_SHARED_0000_0420,Merchant / Trader caller,$03 Generic NPC
312,$D1D3A8,$8013B8,compressed,5048,$C013B8,False,Clean_ROM,,NATIVE_SHARED_0000_0420,Merchant / Trader caller,$03 Generic NPC
313,$D1D3AB,$8013C9,compressed,5065,$C013C9,False,Clean_ROM,,NATIVE_SHARED_0000_0420,Merchant / Trader caller,$03 Generic NPC
314,$D1D3AE,$8013D5,compressed,5077,$C013D5,False,Clean_ROM,,NATIVE_SHARED_0000_0420,Merchant / Trader caller,$03 Generic NPC
315,$D1D3B1,$8013EC,compressed,5100,$C013EC,False,Clean_ROM,,NATIVE_SHARED_0000_0420,Merchant / Trader caller,$03 Generic NPC
316,$D1D3B4,$8013F9,compressed,5113,$C013F9,False,Clean_ROM,,NATIVE_SHARED_0000_0420,Merchant / Trader caller,$03 Generic NPC
317,$D1D3B7,$8013FD,compressed,5117,$C013FD,False,Clean_ROM,,NATIVE_SHARED_0000_0420,Merchant / Trader caller,$03 Generic NPC
318,$D1D3BA,$001401,raw,5121,$C01401,False,Clean_ROM,,NATIVE_SHARED_0000_0420,Merchant / Trader caller,$03 Generic NPC
319,$D1D3BD,$80140B,compressed,5131,$C0140B,False,Clean_ROM,,NATIVE_SHARED_0000_0420,Merchant / Trader caller,$03 Generic NPC
320,$D1D3C0,$80140F,compressed,5135,$C0140F,False,Clean_ROM,,NATIVE_SHARED_0000_0420,Merchant / Trader caller,$03 Generic NPC
321,$D1D3C3,$801413,compressed,5139,$C01413,False,Clean_ROM,,NATIVE_SHARED_0000_0420,Merchant / Trader caller,$03 Generic NPC
322,$D1D3C6,$801417,compressed,5143,$C01417,False,Clean_ROM,,NATIVE_SHARED_0000_0420,Merchant / Trader caller,$03 Generic NPC
323,$D1D3C9,$80141B,compressed,5147,$C0141B,False,Clean_ROM,,NATIVE_SHARED_0000_0420,Merchant / Trader caller,$03 Generic NPC
324,$D1D3CC,$80141F,compressed,5151,$C0141F,False,Clean_ROM,,NATIVE_SHARED_0000_0420,Merchant / Trader caller,$03 Generic NPC
325,$D1D3CF,$80142C,compressed,5164,$C0142C,False,Clean_ROM,,NATIVE_SHARED_0000_0420,Merchant / Trader caller,$03 Generic NPC
326,$D1D3D2,$801438,compressed,5176,$C01438,False,Clean_ROM,,NATIVE_SHARED_0000_0420,Merchant / Trader caller,$03 Generic NPC
327,$D1D3D5,$80143D,compressed,5181,$C0143D,False,Clean_ROM,,NATIVE_SHARED_0000_0420,Merchant / Trader caller,$03 Generic NPC
328,$D1D3D8,$801441,compressed,5185,$C01441,False,Clean_ROM,,NATIVE_SHARED_0000_0420,Merchant / Trader caller,$03 Generic NPC
329,$D1D3DB,$80144A,compressed,5194,$C0144A,False,Clean_ROM,,NATIVE_SHARED_0000_0420,Merchant / Trader caller,$03 Generic NPC
330,$D1D3DE,$801452,compressed,5202,$C01452,False,Clean_ROM,,NATIVE_SHARED_0000_0420,Merchant / Trader caller,$03 Generic NPC
331,$D1D3E1,$801460,compressed,5216,$C01460,False,Clean_ROM,,NATIVE_SHARED_0000_0420,Merchant / Trader caller,$03 Generic NPC
332,$D1D3E4,$80146D,compressed,5229,$C0146D,False,Clean_ROM,,NATIVE_SHARED_0000_0420,Merchant / Trader caller,$03 Generic NPC
333,$D1D3E7,$801479,compressed,5241,$C01479,False,Clean_ROM,,NATIVE_SHARED_0000_0420,Merchant / Trader caller,$03 Generic NPC
334,$D1D3EA,$801484,compressed,5252,$C01484,False,Clean_ROM,,NATIVE_SHARED_0000_0420,Merchant / Trader caller,$03 Generic NPC
335,$D1D3ED,$801492,compressed,5266,$C01492,False,Clean_ROM,,NATIVE_SHARED_0000_0420,Merchant / Trader caller,$03 Generic NPC
336,$D1D3F0,$80149F,compressed,5279,$C0149F,False,Clean_ROM,,NATIVE_SHARED_0000_0420,Merchant / Trader caller,$03 Generic NPC
337,$D1D3F3,$8014A9,compressed,5289,$C014A9,False,Clean_ROM,,NATIVE_SHARED_0000_0420,Merchant / Trader caller,$03 Generic NPC
338,$D1D3F6,$8014B2,compressed,5298,$C014B2,False,Clean_ROM,,NATIVE_SHARED_0000_0420,Merchant / Trader caller,$03 Generic NPC
339,$D1D3F9,$8014C3,compressed,5315,$C014C3,False,Clean_ROM,,NATIVE_SHARED_0000_0420,Merchant / Trader caller,$03 Generic NPC
340,$D1D3FC,$8014D3,compressed,5331,$C014D3,False,Clean_ROM,,NATIVE_SHARED_0000_0420,Merchant / Trader caller,$03 Generic NPC
341,$D1D3FF,$8014DF,compressed,5343,$C014DF,False,Clean_ROM,,NATIVE_SHARED_0000_0420,Merchant / Trader caller,$03 Generic NPC
342,$D1D402,$8014EB,compressed,5355,$C014EB,False,Clean_ROM,,NATIVE_SHARED_0000_0420,Merchant / Trader caller,$03 Generic NPC
343,$D1D405,$8014F7,compressed,5367,$C014F7,False,Clean_ROM,,NATIVE_SHARED_0000_0420,Merchant / Trader caller,$03 Generic NPC
344,$D1D408,$8014FF,compressed,5375,$C014FF,False,Clean_ROM,,NATIVE_SHARED_0000_0420,Merchant / Trader caller,$03 Generic NPC
345,$D1D40B,$801509,compressed,5385,$C01509,False,Clean_ROM,,NATIVE_SHARED_0000_0420,Merchant / Trader caller,$03 Generic NPC
346,$D1D40E,$801510,compressed,5392,$C01510,False,Clean_ROM,,NATIVE_SHARED_0000_0420,Merchant / Trader caller,$03 Generic NPC
347,$D1D411,$801518,compressed,5400,$C01518,False,Clean_ROM,,NATIVE_SHARED_0000_0420,Merchant / Trader caller,$03 Generic NPC
348,$D1D414,$80151F,compressed,5407,$C0151F,False,Clean_ROM,,NATIVE_SHARED_0000_0420,Merchant / Trader caller,$03 Generic NPC
349,$D1D417,$801526,compressed,5414,$C01526,False,Clean_ROM,,NATIVE_SHARED_0000_0420,Merchant / Trader caller,$03 Generic NPC
350,$D1D41A,$001535,raw,5429,$C01535,False,Clean_ROM,,NATIVE_SHARED_0000_0420,Narration/System,$02 Narration / System
351,$D1D41D,$001565,raw,5477,$C01565,False,Clean_ROM,,NATIVE_SHARED_0000_0420,Narration/System,$02 Narration / System
352,$D1D420,$00157F,raw,5503,$C0157F,False,Clean_ROM,,NATIVE_SHARED_0000_0420,Narration/System,$02 Narration / System
353,$D1D423,$00159B,raw,5531,$C0159B,False,Clean_ROM,,NATIVE_SHARED_0000_0420,Narration/System,$02 Narration / System
354,$D1D426,$0015F3,raw,5619,$C015F3,False,Clean_ROM,,NATIVE_SHARED_0000_0420,Narration/System,$02 Narration / System
355,$D1D429,$001613,raw,5651,$C01613,False,Clean_ROM,,NATIVE_SHARED_0000_0420,Narration/System,$02 Narration / System
356,$D1D42C,$001731,raw,5937,$C01731,False,Clean_ROM,,NATIVE_SHARED_0000_0420,Narration/System,$02 Narration / System
357,$D1D42F,$001749,raw,5961,$C01749,False,Clean_ROM,,NATIVE_SHARED_0000_0420,Narration/System,$02 Narration / System
358,$D1D432,$001875,raw,6261,$C01875,False,Clean_ROM,,NATIVE_SHARED_0000_0420,Narration/System,$02 Narration / System
359,$D1D435,$001895,raw,6293,$C01895,False,Clean_ROM,,NATIVE_SHARED_0000_0420,Narration/System,$02 Narration / System
360,$D1D438,$0018B5,raw,6325,$C018B5,False,Clean_ROM,,NATIVE_SHARED_0000_0420,Narration/System,$02 Narration / System
361,$D1D43B,$0018E7,raw,6375,$C018E7,False,Clean_ROM,,NATIVE_SHARED_0000_0420,Narration/System,$02 Narration / System
362,$D1D43E,$001907,raw,6407,$C01907,False,Clean_ROM,,NATIVE_SHARED_0000_0420,Narration/System,$02 Narration / System
363,$D1D441,$001933,raw,6451,$C01933,False,Clean_ROM,,NATIVE_SHARED_0000_0420,Narration/System,$02 Narration / System
364,$D1D444,$00196D,raw,6509,$C0196D,False,Clean_ROM,,NATIVE_SHARED_0000_0420,Narration/System,$02 Narration / System
365,$D1D447,$00199B,raw,6555,$C0199B,False,Clean_ROM,,NATIVE_SHARED_0000_0420,Narration/System,$02 Narration / System
366,$D1D44A,$0019B5,raw,6581,$C019B5,False,Clean_ROM,,NATIVE_SHARED_0000_0420,Narration/System,$02 Narration / System
367,$D1D44D,$0019DF,raw,6623,$C019DF,False,Clean_ROM,,NATIVE_SHARED_0000_0420,Narration/System,$02 Narration / System
368,$D1D450,$0019FB,raw,6651,$C019FB,False,Clean_ROM,,NATIVE_SHARED_0000_0420,Narration/System,$02 Narration / System
369,$D1D453,$001A23,raw,6691,$C01A23,False,Clean_ROM,,NATIVE_SHARED_0000_0420,Narration/System,$02 Narration / System
370,$D1D456,$001A49,raw,6729,$C01A49,False,Clean_ROM,,NATIVE_SHARED_0000_0420,Narration/System,$02 Narration / System
371,$D1D459,$001A77,raw,6775,$C01A77,False,Clean_ROM,,NATIVE_SHARED_0000_0420,Narration/System,$02 Narration / System
372,$D1D45C,$001A91,raw,6801,$C01A91,False,Clean_ROM,,NATIVE_SHARED_0000_0420,Narration/System,$02 Narration / System
373,$D1D45F,$001ABB,raw,6843,$C01ABB,False,Clean_ROM,,NATIVE_SHARED_0000_0420,Narration/System,$02 Narration / System
374,$D1D462,$001ADD,raw,6877,$C01ADD,False,Clean_ROM,,NATIVE_SHARED_0000_0420,Narration/System,$02 Narration / System
375,$D1D465,$001AFD,raw,6909,$C01AFD,False,Clean_ROM,,NATIVE_SHARED_0000_0420,Narration/System,$02 Narration / System
376,$D1D468,$001B7F,raw,7039,$C01B7F,False,Clean_ROM,,NATIVE_SHARED_0000_0420,Narration/System,$02 Narration / System
377,$D1D46B,$001BD3,raw,7123,$C01BD3,False,Clean_ROM,,NATIVE_SHARED_0000_0420,Narration/System,$02 Narration / System
378,$D1D46E,$001BF3,raw,7155,$C01BF3,False,Clean_ROM,,NATIVE_SHARED_0000_0420,Narration/System,$02 Narration / System
379,$D1D471,$001C19,raw,7193,$C01C19,False,Clean_ROM,,NATIVE_SHARED_0000_0420,Narration/System,$02 Narration / System
380,$D1D474,$001C3F,raw,7231,$C01C3F,False,Clean_ROM,,NATIVE_SHARED_0000_0420,Narration/System,$02 Narration / System
381,$D1D477,$001C5B,raw,7259,$C01C5B,False,Clean_ROM,,NATIVE_SHARED_0000_0420,Narration/System,$02 Narration / System
382,$D1D47A,$001CF5,raw,7413,$C01CF5,False,Clean_ROM,,NATIVE_SHARED_0000_0420,Narration/System,$02 Narration / System
383,$D1D47D,$001D2F,raw,7471,$C01D2F,False,Clean_ROM,,NATIVE_SHARED_0000_0420,Narration/System,$02 Narration / System
384,$D1D480,$001D4D,raw,7501,$C01D4D,False,Clean_ROM,,NATIVE_SHARED_0000_0420,Narration/System,$02 Narration / System
385,$D1D483,$001D7B,raw,7547,$C01D7B,False,Clean_ROM,,NATIVE_SHARED_0000_0420,Narration/System,$02 Narration / System
386,$D1D486,$001DDD,raw,7645,$C01DDD,False,Clean_ROM,,NATIVE_SHARED_0000_0420,Narration/System,$02 Narration / System
387,$D1D489,$001DFF,raw,7679,$C01DFF,False,Clean_ROM,,NATIVE_SHARED_0000_0420,Narration/System,$02 Narration / System
388,$D1D48C,$001E21,raw,7713,$C01E21,False,Clean_ROM,,NATIVE_SHARED_0000_0420,Narration/System,$02 Narration / System
389,$D1D48F,$001E4F,raw,7759,$C01E4F,False,Clean_ROM,,NATIVE_SHARED_0000_0420,Narration/System,$02 Narration / System
390,$D1D492,$001F71,raw,8049,$C01F71,False,Clean_ROM,,NATIVE_SHARED_0000_0420,Narration/System,$02 Narration / System
391,$D1D495,$001FB1,raw,8113,$C01FB1,False,Clean_ROM,,NATIVE_SHARED_0000_0420,Narration/System,$02 Narration / System
392,$D1D498,$001FD1,raw,8145,$C01FD1,False,Clean_ROM,,NATIVE_SHARED_0000_0420,Narration/System,$02 Narration / System
393,$D1D49B,$002009,raw,8201,$C02009,False,Clean_ROM,,NATIVE_SHARED_0000_0420,Narration/System,$02 Narration / System
394,$D1D49E,$002023,raw,8227,$C02023,False,Clean_ROM,,NATIVE_SHARED_0000_0420,Narration/System,$02 Narration / System
395,$D1D4A1,$00204F,raw,8271,$C0204F,False,Clean_ROM,,NATIVE_SHARED_0000_0420,Narration/System,$02 Narration / System
396,$D1D4A4,$002097,raw,8343,$C02097,False,Clean_ROM,,NATIVE_SHARED_0000_0420,Narration/System,$02 Narration / System
397,$D1D4A7,$0020BB,raw,8379,$C020BB,False,Clean_ROM,,NATIVE_SHARED_0000_0420,Narration/System,$02 Narration / System
398,$D1D4AA,$0020E1,raw,8417,$C020E1,False,Clean_ROM,,NATIVE_SHARED_0000_0420,Narration/System,$02 Narration / System
399,$D1D4AD,$0020F7,raw,8439,$C020F7,False,Clean_ROM,,NATIVE_SHARED_0000_0420,Narration/System,$02 Narration / System
400,$D1D4B0,$002117,raw,8471,$C02117,False,Clean_ROM,,NATIVE_SHARED_0000_0420,Narration/System,$02 Narration / System
401,$D1D4B3,$80213B,compressed,8507,$C0213B,False,Clean_ROM,,NATIVE_SHARED_0000_0420,Narration/System,$02 Narration / System
402,$D1D4B6,$00218A,raw,8586,$C0218A,False,Clean_ROM,,NATIVE_SHARED_0000_0420,Narration/System,$02 Narration / System
403,$D1D4B9,$0021B6,raw,8630,$C021B6,False,Clean_ROM,,NATIVE_SHARED_0000_0420,Narration/System,$02 Narration / System
404,$D1D4BC,$0021D0,raw,8656,$C021D0,False,Clean_ROM,,NATIVE_SHARED_0000_0420,Narration/System,$02 Narration / System
405,$D1D4BF,$0021F2,raw,8690,$C021F2,False,Clean_ROM,,NATIVE_SHARED_0000_0420,Narration/System,$02 Narration / System
406,$D1D4C2,$002256,raw,8790,$C02256,False,Clean_ROM,,NATIVE_SHARED_0000_0420,Narration/System,$02 Narration / System
407,$D1D4C5,$00228E,raw,8846,$C0228E,False,Clean_ROM,,NATIVE_SHARED_0000_0420,Narration/System,$02 Narration / System
408,$D1D4C8,$0022B0,raw,8880,$C022B0,False,Clean_ROM,,NATIVE_SHARED_0000_0420,Narration/System,$02 Narration / System
409,$D1D4CB,$0022D8,raw,8920,$C022D8,False,Clean_ROM,,NATIVE_SHARED_0000_0420,Narration/System,$02 Narration / System
410,$D1D4CE,$00242E,raw,9262,$C0242E,False,Clean_ROM,,NATIVE_SHARED_0000_0420,Narration/System,$02 Narration / System
411,$D1D4D1,$002460,raw,9312,$C02460,False,Clean_ROM,,NATIVE_SHARED_0000_0420,Narration/System,$02 Narration / System
412,$D1D4D4,$002480,raw,9344,$C02480,False,Clean_ROM,,NATIVE_SHARED_0000_0420,Narration/System,$02 Narration / System
413,$D1D4D7,$8024C2,compressed,9410,$C024C2,False,Clean_ROM,,NATIVE_SHARED_0000_0420,Narration/System,$02 Narration / System
414,$D1D4DA,$0024E5,raw,9445,$C024E5,False,Clean_ROM,,NATIVE_SHARED_0000_0420,Narration/System,$02 Narration / System
415,$D1D4DD,$002505,raw,9477,$C02505,False,Clean_ROM,,NATIVE_SHARED_0000_0420,Narration/System,$02 Narration / System
416,$D1D4E0,$002527,raw,9511,$C02527,False,Clean_ROM,,NATIVE_SHARED_0000_0420,Narration/System,$02 Narration / System
417,$D1D4E3,$0025E3,raw,9699,$C025E3,False,Clean_ROM,,NATIVE_SHARED_0000_0420,Narration/System,$02 Narration / System
418,$D1D4E6,$002607,raw,9735,$C02607,False,Clean_ROM,,NATIVE_SHARED_0000_0420,Narration/System,$02 Narration / System
419,$D1D4E9,$002629,raw,9769,$C02629,False,Clean_ROM,,NATIVE_SHARED_0000_0420,Narration/System,$02 Narration / System
420,$D1D4EC,$80265D,compressed,9821,$C0265D,False,Clean_ROM,,NATIVE_SHARED_0000_0420,Narration/System,$02 Narration / System
421,$D1D4EF,$1C0000,raw,3670016,$F80000,True,LiveText_0421,,PROLOGUE_1965,Narration/System,$02 Narration / System
422,$D1D4F2,$1C000F,raw,3670031,$F8000F,True,LiveText_0422,,PROLOGUE_1965,Narration/System,$02 Narration / System
423,$D1D4F5,$1C001B,raw,3670043,$F8001B,True,LiveText_0423,,PROLOGUE_1965,Presentation control,INHERIT
424,$D1D4F8,$1C001D,raw,3670045,$F8001D,True,LiveText_0424,,PROLOGUE_1965,Narration/System,$02 Narration / System
425,$D1D4FB,$1A6400,raw,3433472,$F46400,True,LiveText_0425,,PROLOGUE_1965,Professor Ruffleberg,$0C Professor Ruffleberg
426,$D1D4FE,$1C0077,raw,3670135,$F80077,True,LiveText_0426,,PROLOGUE_1965,Presentation control,INHERIT
427,$D1D501,$1BEBE6,raw,3632102,$F76BE6,True,LiveText_0427,,PROLOGUE_1965,Professor Ruffleberg,$0C Professor Ruffleberg
428,$D1D504,$1A6434,raw,3433524,$F46434,True,LiveText_0428,,PROLOGUE_1965,Professor Ruffleberg,$0C Professor Ruffleberg
429,$D1D507,$1C00F0,raw,3670256,$F800F0,True,LiveText_0429,,PROLOGUE_1965,Narration/System,$02 Narration / System
430,$D1D50A,$1C0800,raw,3672064,$F80800,True,LiveText_0430,,PODUNK_OPENING,Boy,$04 Boy
431,$D1D50D,$1BEC2E,raw,3632174,$F76C2E,True,LiveText_0431,,PODUNK_OPENING,Boy,$04 Boy
432,$D1D510,$1C083D,raw,3672125,$F8083D,True,LiveText_0432,,PODUNK_OPENING,Boy,$04 Boy
433,$D1D513,$1C0864,raw,3672164,$F80864,True,LiveText_0433,,PODUNK_OPENING,Boy,$04 Boy
434,$D1D516,$1C08B3,raw,3672243,$F808B3,True,LiveText_0434,,PODUNK_OPENING,Boy,$04 Boy
435,$D1D519,$1A6486,raw,3433606,$F46486,True,LiveText_0435,,PODUNK_OPENING,Boy,$04 Boy
436,$D1D51C,$1C1000,raw,3674112,$F81000,True,LiveText_0436,,PODUNK_ENDING,Boy,$04 Boy
437,$D1D51F,$1C1021,raw,3674145,$F81021,True,LiveText_0437,,PODUNK_ENDING,Boy,$04 Boy
438,$D1D522,$1C1061,raw,3674209,$F81061,True,LiveText_0438,,PODUNK_ENDING,Boy,$04 Boy
439,$D1D525,$1C107D,raw,3674237,$F8107D,True,LiveText_0439,,PODUNK_ENDING,Boy,$04 Boy
440,$D1D528,$1C10AD,raw,3674285,$F810AD,True,LiveText_0440,,PODUNK_ENDING,Boy,$04 Boy
441,$D1D52B,$1C10E6,raw,3674342,$F810E6,True,LiveText_0441,,PODUNK_ENDING,Boy,$04 Boy
442,$D1D52E,$1C10F1,raw,3674353,$F810F1,True,LiveText_0442,,PODUNK_ENDING,Boy,$04 Boy
443,$D1D531,$1C1114,raw,3674388,$F81114,True,LiveText_0443,,PODUNK_ENDING,Professor Ruffleberg,$0C Professor Ruffleberg
444,$D1D534,$1C1162,raw,3674466,$F81162,True,LiveText_0444,,PODUNK_ENDING,Horace Highwater,$0E Horace Highwater
445,$D1D537,$1C117A,raw,3674490,$F8117A,True,LiveText_0445,,PODUNK_ENDING,Professor Ruffleberg,$0C Professor Ruffleberg
446,$D1D53A,$1C11B2,raw,3674546,$F811B2,True,LiveText_0446,,PODUNK_ENDING,Boy,$04 Boy
447,$D1D53D,$1C11D8,raw,3674584,$F811D8,True,LiveText_0447,,PODUNK_ENDING,Fire Eyes / Elizabeth,$0D Fire Eyes / Elizabeth
448,$D1D540,$1C121D,raw,3674653,$F8121D,True,LiveText_0448,,PODUNK_ENDING,Queen Camellia / Queen Bluegarden,$0F Queen Camellia / Bluegarden
449,$D1D543,$1C123F,raw,3674687,$F8123F,True,LiveText_0449,,PODUNK_ENDING,Boy,$04 Boy
450,$D1D546,$1C08FF,raw,3672319,$F808FF,True,LiveText_0450,,PODUNK_OPENING,Boy,$04 Boy
451,$D1D549,$1C091B,raw,3672347,$F8091B,True,LiveText_0451,,PODUNK_OPENING,Boy,$04 Boy
452,$D1D54C,$1C093D,raw,3672381,$F8093D,True,LiveText_0452,,PODUNK_OPENING,Boy,$04 Boy
453,$D1D54F,$1C0962,raw,3672418,$F80962,True,LiveText_0453,,PODUNK_OPENING,Boy,$04 Boy
454,$D1D552,$1C09A6,raw,3672486,$F809A6,True,LiveText_0454,,PODUNK_OPENING,Boy,$04 Boy
455,$D1D555,$1C09C9,raw,3672521,$F809C9,True,LiveText_0455,,PODUNK_OPENING,Boy,$04 Boy
456,$D1D558,$1C09F8,raw,3672568,$F809F8,True,LiveText_0456,,PODUNK_OPENING,Boy,$04 Boy
457,$D1D55B,$1C0A10,raw,3672592,$F80A10,True,LiveText_0457,,PODUNK_OPENING,Boy,$04 Boy
458,$D1D55E,$1C0A68,raw,3672680,$F80A68,True,LiveText_0458,,PODUNK_OPENING,Boy,$04 Boy
459,$D1D561,$1C0AAF,raw,3672751,$F80AAF,True,LiveText_0459,,PODUNK_OPENING,Boy,$04 Boy
460,$D1D564,$1C1800,raw,3676160,$F81800,True,LiveText_0460,,PREHISTORIA_WILDS,Boy,$04 Boy
461,$D1D567,$1C1888,raw,3676296,$F81888,True,LiveText_0461,,PREHISTORIA_WILDS,Boy,$04 Boy
462,$D1D56A,$1C1897,raw,3676311,$F81897,True,LiveText_0462,,PREHISTORIA_WILDS,Boy,$04 Boy
463,$D1D56D,$1C18BF,raw,3676351,$F818BF,True,LiveText_0463,,PREHISTORIA_WILDS,Boy,$04 Boy
464,$D1D570,$1C18DD,raw,3676381,$F818DD,True,LiveText_0464,,PREHISTORIA_WILDS,Boy,$04 Boy
465,$D1D573,$1C18EF,raw,3676399,$F818EF,True,LiveText_0465,,PREHISTORIA_WILDS,Boy,$04 Boy
466,$D1D576,$1C190B,raw,3676427,$F8190B,True,LiveText_0466,,PREHISTORIA_WILDS,Boy,$04 Boy
467,$D1D579,$1C1942,raw,3676482,$F81942,True,LiveText_0467,,PREHISTORIA_WILDS,Boy,$04 Boy
468,$D1D57C,$1C3230,raw,3682864,$F83230,True,LiveText_0468,,PREHISTORIA_WILDS,Boy,$04 Boy
469,$D1D57F,$1C19AC,raw,3676588,$F819AC,True,LiveText_0469,,PREHISTORIA_WILDS,Boy,$04 Boy
470,$D1D582,$1C19D3,raw,3676627,$F819D3,True,LiveText_0470,,PREHISTORIA_WILDS,Narration/System,$02 Narration / System
471,$D1D585,$1C19E6,raw,3676646,$F819E6,True,LiveText_0471,,PREHISTORIA_WILDS,Narration/System,$02 Narration / System
472,$D1D588,$1C19F7,raw,3676663,$F819F7,True,LiveText_0472,,PREHISTORIA_WILDS,Boy,$04 Boy
473,$D1D58B,$1C1A39,raw,3676729,$F81A39,True,LiveText_0473,,PREHISTORIA_WILDS,Boy,$04 Boy
474,$D1D58E,$1C1AB8,raw,3676856,$F81AB8,True,LiveText_0474,,PREHISTORIA_WILDS,Boy,$04 Boy
475,$D1D591,$1C1B0A,raw,3676938,$F81B0A,True,LiveText_0475,,PREHISTORIA_WILDS,Acid Rain alchemist,$03 Generic NPC
476,$D1D594,$1C1B56,raw,3677014,$F81B56,True,LiveText_0476,,PREHISTORIA_WILDS,Acid Rain alchemist,$03 Generic NPC
477,$D1D597,$1C1BF5,raw,3677173,$F81BF5,True,LiveText_0477,,PREHISTORIA_WILDS,Acid Rain alchemist,$03 Generic NPC
478,$D1D59A,$1C1C83,raw,3677315,$F81C83,True,LiveText_0478,,PREHISTORIA_WILDS,Boy,$04 Boy
479,$D1D59D,$1C1C98,raw,3677336,$F81C98,True,LiveText_0479,,PREHISTORIA_WILDS,Acid Rain alchemist,$03 Generic NPC
480,$D1D5A0,$1C1D4D,raw,3677517,$F81D4D,True,LiveText_0480,,PREHISTORIA_WILDS,Strong Heart,$07 Strong Heart
481,$D1D5A3,$1C1E07,raw,3677703,$F81E07,True,LiveText_0481,,PREHISTORIA_WILDS,Boy,$04 Boy
482,$D1D5A6,$1C1E49,raw,3677769,$F81E49,True,LiveText_0482,,PREHISTORIA_WILDS,Strong Heart,$07 Strong Heart
483,$D1D5A9,$1C1EFD,raw,3677949,$F81EFD,True,LiveText_0483,,PREHISTORIA_WILDS,Strong Heart,$07 Strong Heart
484,$D1D5AC,$1C1F11,raw,3677969,$F81F11,True,LiveText_0484,,PREHISTORIA_WILDS,Strong Heart,$07 Strong Heart
485,$D1D5AF,$1C1F39,raw,3678009,$F81F39,True,LiveText_0485,,PREHISTORIA_WILDS,Narration/System,$02 Narration / System
486,$D1D5B2,$1C1F54,raw,3678036,$F81F54,True,LiveText_0486,,PREHISTORIA_WILDS,Strong Heart,$07 Strong Heart
487,$D1D5B5,$1C1F7F,raw,3678079,$F81F7F,True,LiveText_0487,,PREHISTORIA_WILDS,Narration/System,$02 Narration / System
488,$D1D5B8,$1C1F93,raw,3678099,$F81F93,True,LiveText_0488,,PREHISTORIA_WILDS,Narration/System,$02 Narration / System
489,$D1D5BB,$1C1FAC,raw,3678124,$F81FAC,True,LiveText_0489,,PREHISTORIA_WILDS,Narration/System,$02 Narration / System
490,$D1D5BE,$1C3290,raw,3682960,$F83290,True,LiveText_0490,,PREHISTORIA_WILDS,Generic Prehistoria NPC,$03 Generic NPC
491,$D1D5C1,$1C1FF9,raw,3678201,$F81FF9,True,LiveText_0491,,PREHISTORIA_WILDS,Narration/System,$02 Narration / System
492,$D1D5C4,$1C200D,raw,3678221,$F8200D,True,LiveText_0492,,PREHISTORIA_WILDS,Boy,$04 Boy
493,$D1D5C7,$1C203B,raw,3678267,$F8203B,True,LiveText_0493,,PREHISTORIA_WILDS,Mammoth Graveyard alchemist,$03 Generic NPC
494,$D1D5CA,$1C20C9,raw,3678409,$F820C9,True,LiveText_0494,,PREHISTORIA_WILDS,Boy,$04 Boy
495,$D1D5CD,$1C20E3,raw,3678435,$F820E3,True,LiveText_0495,,PREHISTORIA_WILDS,Mammoth Graveyard alchemist,$03 Generic NPC
496,$D1D5D0,$1C2168,raw,3678568,$F82168,True,LiveText_0496,,PREHISTORIA_WILDS,Boy,$04 Boy
497,$D1D5D3,$1C21BC,raw,3678652,$F821BC,True,LiveText_0497,,PREHISTORIA_WILDS,Mammoth Graveyard alchemist,$03 Generic NPC
498,$D1D5D6,$1C21EF,raw,3678703,$F821EF,True,LiveText_0498,,PREHISTORIA_WILDS,Boy,$04 Boy
499,$D1D5D9,$1C222A,raw,3678762,$F8222A,True,LiveText_0499,,PREHISTORIA_WILDS,Mammoth Graveyard alchemist,$03 Generic NPC
500,$D1D5DC,$1C230E,raw,3678990,$F8230E,True,LiveText_0500,,PREHISTORIA_WILDS,Mammoth Graveyard alchemist,$03 Generic NPC
501,$D1D5DF,$1C32E0,raw,3683040,$F832E0,True,LiveText_0501,,PREHISTORIA_WILDS,Mammoth Graveyard alchemist,$03 Generic NPC
502,$D1D5E2,$1C23E7,raw,3679207,$F823E7,True,LiveText_0502,,PREHISTORIA_WILDS,Mammoth Graveyard alchemist,$03 Generic NPC
503,$D1D5E5,$1C242C,raw,3679276,$F8242C,True,LiveText_0503,,PREHISTORIA_WILDS,Narration/System,$02 Narration / System
504,$D1D5E8,$1C2441,raw,3679297,$F82441,True,LiveText_0504,,PREHISTORIA_WILDS,Narration/System,$02 Narration / System
505,$D1D5EB,$1C245A,raw,3679322,$F8245A,True,LiveText_0505,,PREHISTORIA_WILDS,Mammoth Graveyard alchemist,$03 Generic NPC
506,$D1D5EE,$1C2493,raw,3679379,$F82493,True,LiveText_0506,,PREHISTORIA_WILDS,Mammoth Graveyard alchemist,$03 Generic NPC
507,$D1D5F1,$1C24F9,raw,3679481,$F824F9,True,LiveText_0507,,PREHISTORIA_WILDS,Narration/System,$02 Narration / System
508,$D1D5F4,$1C250A,raw,3679498,$F8250A,True,LiveText_0508,,PREHISTORIA_WILDS,Volcano / Levitate alchemist,$03 Generic NPC
509,$D1D5F7,$1C258C,raw,3679628,$F8258C,True,LiveText_0509,,PREHISTORIA_WILDS,Boy,$04 Boy
510,$D1D5FA,$1C25E0,raw,3679712,$F825E0,True,LiveText_0510,,PREHISTORIA_WILDS,Volcano / Levitate alchemist,$03 Generic NPC
511,$D1D5FD,$1C2632,raw,3679794,$F82632,True,LiveText_0511,,PREHISTORIA_WILDS,Boy,$04 Boy
512,$D1D600,$1C263F,raw,3679807,$F8263F,True,LiveText_0512,,PREHISTORIA_WILDS,Volcano / Levitate alchemist,$03 Generic NPC
513,$D1D603,$1C26E5,raw,3679973,$F826E5,True,LiveText_0513,,PREHISTORIA_WILDS,Volcano / Levitate alchemist,$03 Generic NPC
514,$D1D606,$1C26FF,raw,3679999,$F826FF,True,LiveText_0514,,PREHISTORIA_WILDS,Volcano / Levitate alchemist,$03 Generic NPC
515,$D1D609,$1C3390,raw,3683216,$F83390,True,LiveText_0515,,PREHISTORIA_WILDS,Volcano / Levitate alchemist,$03 Generic NPC
516,$D1D60C,$1C27A5,raw,3680165,$F827A5,True,LiveText_0516,,PREHISTORIA_WILDS,Volcano / Levitate alchemist,$03 Generic NPC
517,$D1D60F,$1C27D3,raw,3680211,$F827D3,True,LiveText_0517,,PREHISTORIA_WILDS,Volcano / Levitate alchemist,$03 Generic NPC
518,$D1D612,$1C282F,raw,3680303,$F8282F,True,LiveText_0518,,PREHISTORIA_WILDS,Presentation control,INHERIT
519,$D1D615,$1C2831,raw,3680305,$F82831,True,LiveText_0519,,PREHISTORIA_WILDS,Boy,$04 Boy
520,$D1D618,$1C284A,raw,3680330,$F8284A,True,LiveText_0520,,PREHISTORIA_WILDS,Boy,$04 Boy
521,$D1D61B,$1C2864,raw,3680356,$F82864,True,LiveText_0521,,PREHISTORIA_WILDS,Volcano / Levitate alchemist,$03 Generic NPC
522,$D1D61E,$1C28B9,raw,3680441,$F828B9,True,LiveText_0522,,PREHISTORIA_WILDS,Volcano / Levitate alchemist,$03 Generic NPC
523,$D1D621,$1C2906,raw,3680518,$F82906,True,LiveText_0523,,PREHISTORIA_WILDS,Volcano / Levitate alchemist,$03 Generic NPC
524,$D1D624,$1C2947,raw,3680583,$F82947,True,LiveText_0524,,PREHISTORIA_WILDS,Volcano / Levitate alchemist,$03 Generic NPC
525,$D1D627,$1C2994,raw,3680660,$F82994,True,LiveText_0525,,PREHISTORIA_WILDS,Volcano / Levitate alchemist,$03 Generic NPC
526,$D1D62A,$1C29D2,raw,3680722,$F829D2,True,LiveText_0526,,PREHISTORIA_WILDS,Narration/System,$02 Narration / System
527,$D1D62D,$1C29E6,raw,3680742,$F829E6,True,LiveText_0527,,PREHISTORIA_WILDS,Generic Prehistoria NPC,$03 Generic NPC
528,$D1D630,$1C2A30,raw,3680816,$F82A30,True,LiveText_0528,,PREHISTORIA_WILDS,Generic Prehistoria NPC,$03 Generic NPC
529,$D1D633,$1C2A78,raw,3680888,$F82A78,True,LiveText_0529,,PREHISTORIA_WILDS,Boy,$04 Boy
530,$D1D636,$1C2ACD,raw,3680973,$F82ACD,True,LiveText_0530,,PREHISTORIA_WILDS,Boy,$04 Boy
531,$D1D639,$1C2B15,raw,3681045,$F82B15,True,LiveText_0531,,PREHISTORIA_WILDS,Speed alchemist,$03 Generic NPC
532,$D1D63C,$1C2C16,raw,3681302,$F82C16,True,LiveText_0532,,PREHISTORIA_WILDS,Speed alchemist,$03 Generic NPC
533,$D1D63F,$1C2CA7,raw,3681447,$F82CA7,True,LiveText_0533,,PREHISTORIA_WILDS,Generic Prehistoria NPC,$03 Generic NPC
534,$D1D642,$1C2CDD,raw,3681501,$F82CDD,True,LiveText_0534,,PREHISTORIA_WILDS,Merchant / Trader,$03 Generic NPC
535,$D1D645,$1C2D0C,raw,3681548,$F82D0C,True,LiveText_0535,,PREHISTORIA_WILDS,Bugmuck / Hard Ball alchemist,$03 Generic NPC
536,$D1D648,$1C2D7B,raw,3681659,$F82D7B,True,LiveText_0536,,PREHISTORIA_WILDS,Boy,$04 Boy
537,$D1D64B,$1C2DAE,raw,3681710,$F82DAE,True,LiveText_0537,,PREHISTORIA_WILDS,Bugmuck / Hard Ball alchemist,$03 Generic NPC
538,$D1D64E,$1C2DED,raw,3681773,$F82DED,True,LiveText_0538,,PREHISTORIA_WILDS,Bugmuck / Hard Ball alchemist,$03 Generic NPC
539,$D1D651,$1C2E11,raw,3681809,$F82E11,True,LiveText_0539,,PREHISTORIA_WILDS,Bugmuck / Hard Ball alchemist,$03 Generic NPC
540,$D1D654,$1C2F18,raw,3682072,$F82F18,True,LiveText_0540,,PREHISTORIA_WILDS,Bugmuck / Hard Ball alchemist,$03 Generic NPC
541,$D1D657,$1C2F5C,raw,3682140,$F82F5C,True,LiveText_0541,,PREHISTORIA_WILDS,Bugmuck / Hard Ball alchemist,$03 Generic NPC
542,$D1D65A,$1C2FA0,raw,3682208,$F82FA0,True,LiveText_0542,,PREHISTORIA_WILDS,Bugmuck / Hard Ball alchemist,$03 Generic NPC
543,$D1D65D,$1C302C,raw,3682348,$F8302C,True,LiveText_0543,,PREHISTORIA_WILDS,Merchant / Trader,$03 Generic NPC
544,$D1D660,$1C3420,raw,3683360,$F83420,True,LiveText_0544,,PREHISTORIA_WILDS,Merchant / Trader,$03 Generic NPC
545,$D1D663,$1C30C7,raw,3682503,$F830C7,True,LiveText_0545,,PREHISTORIA_WILDS,Boy,$04 Boy
546,$D1D666,$1C30FD,raw,3682557,$F830FD,True,LiveText_0546,,PREHISTORIA_WILDS,Merchant / Trader,$03 Generic NPC
547,$D1D669,$1C3194,raw,3682708,$F83194,True,LiveText_0547,,PREHISTORIA_WILDS,Merchant / Trader,$03 Generic NPC
548,$D1D66C,$1C31E3,raw,3682787,$F831E3,True,LiveText_0548,,PREHISTORIA_WILDS,Merchant / Trader,$03 Generic NPC
549,$D1D66F,$1C3215,raw,3682837,$F83215,True,LiveText_0549,,PREHISTORIA_WILDS,Narration/System,$02 Narration / System
550,$D1D672,$1C8000,raw,3735552,$F90000,True,LiveText_0550,,PREHISTORIA_VILLAGE_FIRE_EYES,Merchant / Trader,$03 Generic NPC
551,$D1D675,$1C8059,raw,3735641,$F90059,True,LiveText_0551,,PREHISTORIA_VILLAGE_FIRE_EYES,Merchant / Trader,$03 Generic NPC
552,$D1D678,$1C80B3,raw,3735731,$F900B3,True,LiveText_0552,,PREHISTORIA_VILLAGE_FIRE_EYES,Merchant / Trader,$03 Generic NPC
553,$D1D67B,$1C8110,raw,3735824,$F90110,True,LiveText_0553,,PREHISTORIA_VILLAGE_FIRE_EYES,Generic Prehistoria NPC,$03 Generic NPC
554,$D1D67E,$1C8171,raw,3735921,$F90171,True,LiveText_0554,,PREHISTORIA_VILLAGE_FIRE_EYES,Generic Prehistoria NPC,$03 Generic NPC
555,$D1D681,$1C819A,raw,3735962,$F9019A,True,LiveText_0555,,PREHISTORIA_VILLAGE_FIRE_EYES,Generic Prehistoria NPC,$03 Generic NPC
556,$D1D684,$1C81CE,raw,3736014,$F901CE,True,LiveText_0556,,PREHISTORIA_VILLAGE_FIRE_EYES,Generic Prehistoria NPC,$03 Generic NPC
557,$D1D687,$1C8205,raw,3736069,$F90205,True,LiveText_0557,,PREHISTORIA_VILLAGE_FIRE_EYES,Generic Prehistoria NPC,$03 Generic NPC
558,$D1D68A,$1C8224,raw,3736100,$F90224,True,LiveText_0558,,PREHISTORIA_VILLAGE_FIRE_EYES,Generic Prehistoria NPC,$03 Generic NPC
559,$D1D68D,$1C8261,raw,3736161,$F90261,True,LiveText_0559,,PREHISTORIA_VILLAGE_FIRE_EYES,Drain / Double Drain alchemist,$03 Generic NPC
560,$D1D690,$1C82A1,raw,3736225,$F902A1,True,LiveText_0560,,PREHISTORIA_VILLAGE_FIRE_EYES,Drain / Double Drain alchemist,$03 Generic NPC
561,$D1D693,$1C8342,raw,3736386,$F90342,True,LiveText_0561,,PREHISTORIA_VILLAGE_FIRE_EYES,Drain / Double Drain alchemist,$03 Generic NPC
562,$D1D696,$1C83A8,raw,3736488,$F903A8,True,LiveText_0562,,PREHISTORIA_VILLAGE_FIRE_EYES,Drain / Double Drain alchemist,$03 Generic NPC
563,$D1D699,$1C8443,raw,3736643,$F90443,True,LiveText_0563,,PREHISTORIA_VILLAGE_FIRE_EYES,Drain / Double Drain alchemist,$03 Generic NPC
564,$D1D69C,$1C848C,raw,3736716,$F9048C,True,LiveText_0564,,PREHISTORIA_VILLAGE_FIRE_EYES,Generic Prehistoria NPC,$03 Generic NPC
565,$D1D69F,$1C84A4,raw,3736740,$F904A4,True,LiveText_0565,,PREHISTORIA_VILLAGE_FIRE_EYES,Drain / Double Drain alchemist,$03 Generic NPC
566,$D1D6A2,$1C8554,raw,3736916,$F90554,True,LiveText_0566,,PREHISTORIA_VILLAGE_FIRE_EYES,Drain / Double Drain alchemist,$03 Generic NPC
567,$D1D6A5,$1C85CB,raw,3737035,$F905CB,True,LiveText_0567,,PREHISTORIA_VILLAGE_FIRE_EYES,Drain / Double Drain alchemist,$03 Generic NPC
568,$D1D6A8,$1C8627,raw,3737127,$F90627,True,LiveText_0568,,PREHISTORIA_VILLAGE_FIRE_EYES,Narration/System,$02 Narration / System
569,$D1D6AB,$1C863A,raw,3737146,$F9063A,True,LiveText_0569,,PREHISTORIA_VILLAGE_FIRE_EYES,Narration/System,$02 Narration / System
570,$D1D6AE,$1C864E,raw,3737166,$F9064E,True,LiveText_0570,,PREHISTORIA_VILLAGE_FIRE_EYES,Generic Prehistoria NPC,$03 Generic NPC
571,$D1D6B1,$1CDD60,raw,3759456,$F95D60,True,LiveText_0571,,PREHISTORIA_VILLAGE_FIRE_EYES,Generic Prehistoria NPC,$03 Generic NPC
572,$D1D6B4,$1C87AD,raw,3737517,$F907AD,True,LiveText_0572,,PREHISTORIA_VILLAGE_FIRE_EYES,Boy,$04 Boy
573,$D1D6B7,$1C882B,raw,3737643,$F9082B,True,LiveText_0573,,PREHISTORIA_VILLAGE_FIRE_EYES,Evil Fire Eyes,$10 Artificial Fire Eyes
574,$D1D6BA,$1C883E,raw,3737662,$F9083E,True,LiveText_0574,,PREHISTORIA_VILLAGE_FIRE_EYES,Boy,$04 Boy
575,$D1D6BD,$1C884C,raw,3737676,$F9084C,True,LiveText_0575,,PREHISTORIA_VILLAGE_FIRE_EYES,Fire Eyes / Elizabeth,$0D Fire Eyes / Elizabeth
576,$D1D6C0,$1C885A,raw,3737690,$F9085A,True,LiveText_0576,,PREHISTORIA_VILLAGE_FIRE_EYES,Evil Fire Eyes,$10 Artificial Fire Eyes
577,$D1D6C3,$1C887A,raw,3737722,$F9087A,True,LiveText_0577,,PREHISTORIA_VILLAGE_FIRE_EYES,Fire Eyes / Elizabeth,$0D Fire Eyes / Elizabeth
578,$D1D6C6,$1C889B,raw,3737755,$F9089B,True,LiveText_0578,,PREHISTORIA_VILLAGE_FIRE_EYES,Evil Fire Eyes,$10 Artificial Fire Eyes
579,$D1D6C9,$1C891C,raw,3737884,$F9091C,True,LiveText_0579,,PREHISTORIA_VILLAGE_FIRE_EYES,Fire Eyes / Elizabeth,$0D Fire Eyes / Elizabeth
580,$D1D6CC,$1C894D,raw,3737933,$F9094D,True,LiveText_0580,,PREHISTORIA_VILLAGE_FIRE_EYES,Evil Fire Eyes,$10 Artificial Fire Eyes
581,$D1D6CF,$1C8963,raw,3737955,$F90963,True,LiveText_0581,,PREHISTORIA_VILLAGE_FIRE_EYES,Evil Fire Eyes,$10 Artificial Fire Eyes
582,$D1D6D2,$1CDE80,raw,3759744,$F95E80,True,LiveText_0582,,PREHISTORIA_VILLAGE_FIRE_EYES,Evil Fire Eyes,$10 Artificial Fire Eyes
583,$D1D6D5,$1C89E2,raw,3738082,$F909E2,True,LiveText_0583,,PREHISTORIA_VILLAGE_FIRE_EYES,Evil Fire Eyes,$10 Artificial Fire Eyes
584,$D1D6D8,$1C8A00,raw,3738112,$F90A00,True,LiveText_0584,,PREHISTORIA_VILLAGE_FIRE_EYES,Fire Eyes / Elizabeth,$0D Fire Eyes / Elizabeth
585,$D1D6DB,$1CDEE0,raw,3759840,$F95EE0,True,LiveText_0585,,PREHISTORIA_VILLAGE_FIRE_EYES,Evil Fire Eyes,$10 Artificial Fire Eyes
586,$D1D6DE,$1C8A88,raw,3738248,$F90A88,True,LiveText_0586,,PREHISTORIA_VILLAGE_FIRE_EYES,Evil Fire Eyes,$10 Artificial Fire Eyes
587,$D1D6E1,$1C8A98,raw,3738264,$F90A98,True,LiveText_0587,,PREHISTORIA_VILLAGE_FIRE_EYES,Generic Prehistoria NPC,$03 Generic NPC
588,$D1D6E4,$1C8AC9,raw,3738313,$F90AC9,True,LiveText_0588,,PREHISTORIA_VILLAGE_FIRE_EYES,Guard / Authority,$03 Generic NPC
589,$D1D6E7,$1C8B0E,raw,3738382,$F90B0E,True,LiveText_0589,,PREHISTORIA_VILLAGE_FIRE_EYES,Guard / Authority,$03 Generic NPC
590,$D1D6EA,$1C8B57,raw,3738455,$F90B57,True,LiveText_0590,,PREHISTORIA_VILLAGE_FIRE_EYES,Guard / Authority,$03 Generic NPC
591,$D1D6ED,$1CDF30,raw,3759920,$F95F30,True,LiveText_0591,,PREHISTORIA_VILLAGE_FIRE_EYES,Generic Prehistoria NPC,$03 Generic NPC
592,$D1D6F0,$1C8C05,raw,3738629,$F90C05,True,LiveText_0592,,PREHISTORIA_VILLAGE_FIRE_EYES,Fire Eyes / Elizabeth,$0D Fire Eyes / Elizabeth
593,$D1D6F3,$1A6494,raw,3433620,$F46494,True,LiveText_0593,,PREHISTORIA_VILLAGE_FIRE_EYES,Fire Eyes / Elizabeth,$0D Fire Eyes / Elizabeth
594,$D1D6F6,$1C8C58,raw,3738712,$F90C58,True,LiveText_0594,,PREHISTORIA_VILLAGE_FIRE_EYES,Boy,$04 Boy
595,$D1D6F9,$1C8C69,raw,3738729,$F90C69,True,LiveText_0595,,PREHISTORIA_VILLAGE_FIRE_EYES,Fire Eyes / Elizabeth,$0D Fire Eyes / Elizabeth
596,$D1D6FC,$1C8C8E,raw,3738766,$F90C8E,True,LiveText_0596,,PREHISTORIA_VILLAGE_FIRE_EYES,Guard / Authority,$03 Generic NPC
597,$D1D6FF,$1C8CE8,raw,3738856,$F90CE8,True,LiveText_0597,,PREHISTORIA_VILLAGE_FIRE_EYES,Guard / Authority,$03 Generic NPC
598,$D1D702,$1C8D3B,raw,3738939,$F90D3B,True,LiveText_0598,,PREHISTORIA_VILLAGE_FIRE_EYES,Generic Prehistoria NPC,$03 Generic NPC
599,$D1D705,$1C8D8F,raw,3739023,$F90D8F,True,LiveText_0599,,PREHISTORIA_VILLAGE_FIRE_EYES,Generic Prehistoria NPC,$03 Generic NPC
600,$D1D708,$1C8DE5,raw,3739109,$F90DE5,True,LiveText_0600,,PREHISTORIA_VILLAGE_FIRE_EYES,Generic Prehistoria NPC,$03 Generic NPC
601,$D1D70B,$1C8E3D,raw,3739197,$F90E3D,True,LiveText_0601,,PREHISTORIA_VILLAGE_FIRE_EYES,Generic Prehistoria NPC,$03 Generic NPC
602,$D1D70E,$1C8EA2,raw,3739298,$F90EA2,True,LiveText_0602,,PREHISTORIA_VILLAGE_FIRE_EYES,Generic Prehistoria NPC,$03 Generic NPC
603,$D1D711,$1C8EEE,raw,3739374,$F90EEE,True,LiveText_0603,,PREHISTORIA_VILLAGE_FIRE_EYES,Generic Prehistoria NPC,$03 Generic NPC
604,$D1D714,$1C8F27,raw,3739431,$F90F27,True,LiveText_0604,,PREHISTORIA_VILLAGE_FIRE_EYES,Generic Prehistoria NPC,$03 Generic NPC
605,$D1D717,$1C8F65,raw,3739493,$F90F65,True,LiveText_0605,,PREHISTORIA_VILLAGE_FIRE_EYES,Generic Prehistoria NPC,$03 Generic NPC
606,$D1D71A,$1C8FE4,raw,3739620,$F90FE4,True,LiveText_0606,,PREHISTORIA_VILLAGE_FIRE_EYES,Generic Prehistoria NPC,$03 Generic NPC
607,$D1D71D,$1C904D,raw,3739725,$F9104D,True,LiveText_0607,,PREHISTORIA_VILLAGE_FIRE_EYES,Generic Prehistoria NPC,$03 Generic NPC
608,$D1D720,$1C90A8,raw,3739816,$F910A8,True,LiveText_0608,,PREHISTORIA_VILLAGE_FIRE_EYES,Generic Prehistoria NPC,$03 Generic NPC
609,$D1D723,$1C9109,raw,3739913,$F91109,True,LiveText_0609,,PREHISTORIA_VILLAGE_FIRE_EYES,Generic Prehistoria NPC,$03 Generic NPC
610,$D1D726,$1C9152,raw,3739986,$F91152,True,LiveText_0610,,PREHISTORIA_VILLAGE_FIRE_EYES,Generic Prehistoria NPC,$03 Generic NPC
611,$D1D729,$1C9198,raw,3740056,$F91198,True,LiveText_0611,,PREHISTORIA_VILLAGE_FIRE_EYES,Generic Prehistoria NPC,$03 Generic NPC
612,$D1D72C,$1C91E9,raw,3740137,$F911E9,True,LiveText_0612,,PREHISTORIA_VILLAGE_FIRE_EYES,Generic Prehistoria NPC,$03 Generic NPC
613,$D1D72F,$1C9228,raw,3740200,$F91228,True,LiveText_0613,,PREHISTORIA_VILLAGE_FIRE_EYES,Generic Prehistoria NPC,$03 Generic NPC
614,$D1D732,$1C9268,raw,3740264,$F91268,True,LiveText_0614,,PREHISTORIA_VILLAGE_FIRE_EYES,Generic Prehistoria NPC,$03 Generic NPC
615,$D1D735,$1C92AF,raw,3740335,$F912AF,True,LiveText_0615,,PREHISTORIA_VILLAGE_FIRE_EYES,Generic Prehistoria NPC,$03 Generic NPC
616,$D1D738,$1C92FC,raw,3740412,$F912FC,True,LiveText_0616,,PREHISTORIA_VILLAGE_FIRE_EYES,Generic Prehistoria NPC,$03 Generic NPC
617,$D1D73B,$1C9385,raw,3740549,$F91385,True,LiveText_0617,,PREHISTORIA_VILLAGE_FIRE_EYES,Generic Prehistoria NPC,$03 Generic NPC
618,$D1D73E,$1C93C8,raw,3740616,$F913C8,True,LiveText_0618,,PREHISTORIA_VILLAGE_FIRE_EYES,Generic Prehistoria NPC,$03 Generic NPC
619,$D1D741,$1C940A,raw,3740682,$F9140A,True,LiveText_0619,,PREHISTORIA_VILLAGE_FIRE_EYES,Generic Prehistoria NPC,$03 Generic NPC
620,$D1D744,$1C9466,raw,3740774,$F91466,True,LiveText_0620,,PREHISTORIA_VILLAGE_FIRE_EYES,Generic Prehistoria NPC,$03 Generic NPC
621,$D1D747,$1C94AB,raw,3740843,$F914AB,True,LiveText_0621,,PREHISTORIA_VILLAGE_FIRE_EYES,Generic Prehistoria NPC,$03 Generic NPC
622,$D1D74A,$1C9529,raw,3740969,$F91529,True,LiveText_0622,,PREHISTORIA_VILLAGE_FIRE_EYES,Generic Prehistoria NPC,$03 Generic NPC
623,$D1D74D,$1C9583,raw,3741059,$F91583,True,LiveText_0623,,PREHISTORIA_VILLAGE_FIRE_EYES,Generic Prehistoria NPC,$03 Generic NPC
624,$D1D750,$1C9611,raw,3741201,$F91611,True,LiveText_0624,,PREHISTORIA_VILLAGE_FIRE_EYES,Generic Prehistoria NPC,$03 Generic NPC
625,$D1D753,$1C964C,raw,3741260,$F9164C,True,LiveText_0625,,PREHISTORIA_VILLAGE_FIRE_EYES,Generic Prehistoria NPC,$03 Generic NPC
626,$D1D756,$1C965F,raw,3741279,$F9165F,True,LiveText_0626,,PREHISTORIA_VILLAGE_FIRE_EYES,Generic Prehistoria NPC,$03 Generic NPC
627,$D1D759,$1C9671,raw,3741297,$F91671,True,LiveText_0627,,PREHISTORIA_VILLAGE_FIRE_EYES,Generic Prehistoria NPC,$03 Generic NPC
628,$D1D75C,$1C968B,raw,3741323,$F9168B,True,LiveText_0628,,PREHISTORIA_VILLAGE_FIRE_EYES,Generic Prehistoria NPC,$03 Generic NPC
629,$D1D75F,$1C96A5,raw,3741349,$F916A5,True,LiveText_0629,,PREHISTORIA_VILLAGE_FIRE_EYES,Generic Prehistoria NPC,$03 Generic NPC
630,$D1D762,$1C96B6,raw,3741366,$F916B6,True,LiveText_0630,,PREHISTORIA_VILLAGE_FIRE_EYES,Generic Prehistoria NPC,$03 Generic NPC
631,$D1D765,$1C96C6,raw,3741382,$F916C6,True,LiveText_0631,,PREHISTORIA_VILLAGE_FIRE_EYES,Generic Prehistoria NPC,$03 Generic NPC
632,$D1D768,$1C971B,raw,3741467,$F9171B,True,LiveText_0632,,PREHISTORIA_VILLAGE_FIRE_EYES,Generic Prehistoria NPC,$03 Generic NPC
633,$D1D76B,$1C974D,raw,3741517,$F9174D,True,LiveText_0633,,PREHISTORIA_VILLAGE_FIRE_EYES,Generic Prehistoria NPC,$03 Generic NPC
634,$D1D76E,$1C9794,raw,3741588,$F91794,True,LiveText_0634,,PREHISTORIA_VILLAGE_FIRE_EYES,Generic Prehistoria NPC,$03 Generic NPC
635,$D1D771,$1C97DA,raw,3741658,$F917DA,True,LiveText_0635,,PREHISTORIA_VILLAGE_FIRE_EYES,Generic Prehistoria NPC,$03 Generic NPC
636,$D1D774,$1C982A,raw,3741738,$F9182A,True,LiveText_0636,,PREHISTORIA_VILLAGE_FIRE_EYES,Generic Prehistoria NPC,$03 Generic NPC
637,$D1D777,$1C98A1,raw,3741857,$F918A1,True,LiveText_0637,,PREHISTORIA_VILLAGE_FIRE_EYES,Generic Prehistoria NPC,$03 Generic NPC
638,$D1D77A,$1C98E4,raw,3741924,$F918E4,True,LiveText_0638,,PREHISTORIA_VILLAGE_FIRE_EYES,Generic Prehistoria NPC,$03 Generic NPC
639,$D1D77D,$1CDFA0,raw,3760032,$F95FA0,True,LiveText_0639,,PREHISTORIA_VILLAGE_FIRE_EYES,Generic Prehistoria NPC,$03 Generic NPC
640,$D1D780,$1CE000,raw,3760128,$F96000,True,LiveText_0640,,PREHISTORIA_VILLAGE_FIRE_EYES,Generic Prehistoria NPC,$03 Generic NPC
641,$D1D783,$1C99E7,raw,3742183,$F919E7,True,LiveText_0641,,PREHISTORIA_VILLAGE_FIRE_EYES,Generic Prehistoria NPC,$03 Generic NPC
642,$D1D786,$1C9A40,raw,3742272,$F91A40,True,LiveText_0642,,PREHISTORIA_VILLAGE_FIRE_EYES,Generic Prehistoria NPC,$03 Generic NPC
643,$D1D789,$1C9A98,raw,3742360,$F91A98,True,LiveText_0643,,PREHISTORIA_VILLAGE_FIRE_EYES,Generic Prehistoria NPC,$03 Generic NPC
644,$D1D78C,$1C9B56,raw,3742550,$F91B56,True,LiveText_0644,,PREHISTORIA_VILLAGE_FIRE_EYES,Generic Prehistoria NPC,$03 Generic NPC
645,$D1D78F,$1C9B91,raw,3742609,$F91B91,True,LiveText_0645,,PREHISTORIA_VILLAGE_FIRE_EYES,Generic Prehistoria NPC,$03 Generic NPC
646,$D1D792,$1C9BE9,raw,3742697,$F91BE9,True,LiveText_0646,,PREHISTORIA_VILLAGE_FIRE_EYES,Generic Prehistoria NPC,$03 Generic NPC
647,$D1D795,$1C9C4E,raw,3742798,$F91C4E,True,LiveText_0647,,PREHISTORIA_VILLAGE_FIRE_EYES,Generic Prehistoria NPC,$03 Generic NPC
648,$D1D798,$1C9CAA,raw,3742890,$F91CAA,True,LiveText_0648,,PREHISTORIA_VILLAGE_FIRE_EYES,Generic Prehistoria NPC,$03 Generic NPC
649,$D1D79B,$1C9CFB,raw,3742971,$F91CFB,True,LiveText_0649,,PREHISTORIA_VILLAGE_FIRE_EYES,Generic Prehistoria NPC,$03 Generic NPC
650,$D1D79E,$1C9D57,raw,3743063,$F91D57,True,LiveText_0650,,PREHISTORIA_VILLAGE_FIRE_EYES,Generic Prehistoria NPC,$03 Generic NPC
651,$D1D7A1,$1C9DDE,raw,3743198,$F91DDE,True,LiveText_0651,,PREHISTORIA_VILLAGE_FIRE_EYES,Generic Prehistoria NPC,$03 Generic NPC
652,$D1D7A4,$1C9E83,raw,3743363,$F91E83,True,LiveText_0652,,PREHISTORIA_VILLAGE_FIRE_EYES,Generic Prehistoria NPC,$03 Generic NPC
653,$D1D7A7,$1C9EBF,raw,3743423,$F91EBF,True,LiveText_0653,,PREHISTORIA_VILLAGE_FIRE_EYES,Retired village alchemist,$03 Generic NPC
654,$D1D7AA,$1C9F14,raw,3743508,$F91F14,True,LiveText_0654,,PREHISTORIA_VILLAGE_FIRE_EYES,Retired village alchemist,$03 Generic NPC
655,$D1D7AD,$1C9FE1,raw,3743713,$F91FE1,True,LiveText_0655,,PREHISTORIA_VILLAGE_FIRE_EYES,Retired village alchemist,$03 Generic NPC
656,$D1D7B0,$1CA0AF,raw,3743919,$F920AF,True,LiveText_0656,,PREHISTORIA_VILLAGE_FIRE_EYES,Retired village alchemist,$03 Generic NPC
657,$D1D7B3,$1CA0FE,raw,3743998,$F920FE,True,LiveText_0657,,PREHISTORIA_VILLAGE_FIRE_EYES,Retired village alchemist,$03 Generic NPC
658,$D1D7B6,$1CA194,raw,3744148,$F92194,True,LiveText_0658,,PREHISTORIA_VILLAGE_FIRE_EYES,Generic Prehistoria NPC,$03 Generic NPC
659,$D1D7B9,$1CA1E5,raw,3744229,$F921E5,True,LiveText_0659,,PREHISTORIA_VILLAGE_FIRE_EYES,Generic Prehistoria NPC,$03 Generic NPC
660,$D1D7BC,$1CA259,raw,3744345,$F92259,True,LiveText_0660,,PREHISTORIA_VILLAGE_FIRE_EYES,Generic Prehistoria NPC,$03 Generic NPC
661,$D1D7BF,$1CA2E9,raw,3744489,$F922E9,True,LiveText_0661,,PREHISTORIA_VILLAGE_FIRE_EYES,Generic Prehistoria NPC,$03 Generic NPC
662,$D1D7C2,$1CA33A,raw,3744570,$F9233A,True,LiveText_0662,,PREHISTORIA_VILLAGE_FIRE_EYES,Generic Prehistoria NPC,$03 Generic NPC
663,$D1D7C5,$1CA38A,raw,3744650,$F9238A,True,LiveText_0663,,PREHISTORIA_VILLAGE_FIRE_EYES,Generic Prehistoria NPC,$03 Generic NPC
664,$D1D7C8,$1CA3CC,raw,3744716,$F923CC,True,LiveText_0664,,PREHISTORIA_VILLAGE_FIRE_EYES,Generic Prehistoria NPC,$03 Generic NPC
665,$D1D7CB,$1CA40B,raw,3744779,$F9240B,True,LiveText_0665,,PREHISTORIA_VILLAGE_FIRE_EYES,Generic Prehistoria NPC,$03 Generic NPC
666,$D1D7CE,$1CA461,raw,3744865,$F92461,True,LiveText_0666,,PREHISTORIA_VILLAGE_FIRE_EYES,Fire Eyes / Elizabeth,$0D Fire Eyes / Elizabeth
667,$D1D7D1,$1CA46E,raw,3744878,$F9246E,True,LiveText_0667,,PREHISTORIA_VILLAGE_FIRE_EYES,Fire Eyes / Elizabeth,$0D Fire Eyes / Elizabeth
668,$D1D7D4,$1CA48D,raw,3744909,$F9248D,True,LiveText_0668,,PREHISTORIA_VILLAGE_FIRE_EYES,Generic Prehistoria NPC,$03 Generic NPC
669,$D1D7D7,$1CA4E7,raw,3744999,$F924E7,True,LiveText_0669,,PREHISTORIA_VILLAGE_FIRE_EYES,Generic Prehistoria NPC,$03 Generic NPC
670,$D1D7DA,$1CA52E,raw,3745070,$F9252E,True,LiveText_0670,,PREHISTORIA_VILLAGE_FIRE_EYES,Boy,$04 Boy
671,$D1D7DD,$1CA55F,raw,3745119,$F9255F,True,LiveText_0671,,PREHISTORIA_VILLAGE_FIRE_EYES,Boy,$04 Boy
672,$D1D7E0,$1CA592,raw,3745170,$F92592,True,LiveText_0672,,PREHISTORIA_VILLAGE_FIRE_EYES,Fire Eyes / Elizabeth,$0D Fire Eyes / Elizabeth
673,$D1D7E3,$1CA5E8,raw,3745256,$F925E8,True,LiveText_0673,,PREHISTORIA_VILLAGE_FIRE_EYES,Fire Eyes / Elizabeth,$0D Fire Eyes / Elizabeth
674,$D1D7E6,$1A64DE,raw,3433694,$F464DE,True,LiveText_0674,,PREHISTORIA_VILLAGE_FIRE_EYES,Strong Heart,$07 Strong Heart
675,$D1D7E9,$1CA6C9,raw,3745481,$F926C9,True,LiveText_0675,,PREHISTORIA_VILLAGE_FIRE_EYES,Fire Eyes / Elizabeth,$0D Fire Eyes / Elizabeth
676,$D1D7EC,$1CA71E,raw,3745566,$F9271E,True,LiveText_0676,,PREHISTORIA_VILLAGE_FIRE_EYES,Boy,$04 Boy
677,$D1D7EF,$1CA747,raw,3745607,$F92747,True,LiveText_0677,,PREHISTORIA_VILLAGE_FIRE_EYES,Fire Eyes / Elizabeth,$0D Fire Eyes / Elizabeth
678,$D1D7F2,$1A654A,raw,3433802,$F4654A,True,LiveText_0678,,PREHISTORIA_VILLAGE_FIRE_EYES,Fire Eyes / Elizabeth,$0D Fire Eyes / Elizabeth
679,$D1D7F5,$1CA7A8,raw,3745704,$F927A8,True,LiveText_0679,,PREHISTORIA_VILLAGE_FIRE_EYES,Strong Heart,$07 Strong Heart
680,$D1D7F8,$1CA811,raw,3745809,$F92811,True,LiveText_0680,,PREHISTORIA_VILLAGE_FIRE_EYES,Strong Heart,$07 Strong Heart
681,$D1D7FB,$1CA847,raw,3745863,$F92847,True,LiveText_0681,,PREHISTORIA_VILLAGE_FIRE_EYES,Boy,$04 Boy
682,$D1D7FE,$1CA872,raw,3745906,$F92872,True,LiveText_0682,,PREHISTORIA_VILLAGE_FIRE_EYES,Merchant / Trader,$03 Generic NPC
683,$D1D801,$1CE060,raw,3760224,$F96060,True,LiveText_0683,,PREHISTORIA_VILLAGE_FIRE_EYES,Merchant / Trader,$03 Generic NPC
684,$D1D804,$1CA8FA,raw,3746042,$F928FA,True,LiveText_0684,,PREHISTORIA_VILLAGE_FIRE_EYES,Merchant / Trader,$03 Generic NPC
685,$D1D807,$1CA935,raw,3746101,$F92935,True,LiveText_0685,,PREHISTORIA_VILLAGE_FIRE_EYES,Merchant / Trader,$03 Generic NPC
686,$D1D80A,$1CA97F,raw,3746175,$F9297F,True,LiveText_0686,,PREHISTORIA_VILLAGE_FIRE_EYES,Generic Prehistoria NPC,$03 Generic NPC
687,$D1D80D,$1CA9C7,raw,3746247,$F929C7,True,LiveText_0687,,PREHISTORIA_VILLAGE_FIRE_EYES,Narration/System,$02 Narration / System
688,$D1D810,$1CA9DC,raw,3746268,$F929DC,True,LiveText_0688,,PREHISTORIA_VILLAGE_FIRE_EYES,Generic Prehistoria NPC,$03 Generic NPC
689,$D1D813,$1CAA35,raw,3746357,$F92A35,True,LiveText_0689,,PREHISTORIA_VILLAGE_FIRE_EYES,Jade,$03 Generic NPC
690,$D1D816,$1CAA5A,raw,3746394,$F92A5A,True,LiveText_0690,,PREHISTORIA_VILLAGE_FIRE_EYES,Jade,$03 Generic NPC
691,$D1D819,$1CAA8C,raw,3746444,$F92A8C,True,LiveText_0691,,PREHISTORIA_VILLAGE_FIRE_EYES,Jade,$03 Generic NPC
692,$D1D81C,$1CDD38,raw,3759416,$F95D38,True,LiveText_0692,,PREHISTORIA_VILLAGE_FIRE_EYES,Jade,$03 Generic NPC
693,$D1D81F,$1CAADB,raw,3746523,$F92ADB,True,LiveText_0693,,PREHISTORIA_VILLAGE_FIRE_EYES,Generic Prehistoria NPC,$03 Generic NPC
694,$D1D822,$1CAB24,raw,3746596,$F92B24,True,LiveText_0694,,PREHISTORIA_VILLAGE_FIRE_EYES,Generic Prehistoria NPC,$03 Generic NPC
695,$D1D825,$1CAB59,raw,3746649,$F92B59,True,LiveText_0695,,PREHISTORIA_VILLAGE_FIRE_EYES,Narration/System,$02 Narration / System
696,$D1D828,$1CAB6A,raw,3746666,$F92B6A,True,LiveText_0696,,PREHISTORIA_VILLAGE_FIRE_EYES,Generic Prehistoria NPC,$03 Generic NPC
697,$D1D82B,$1CAC11,raw,3746833,$F92C11,True,LiveText_0697,,PREHISTORIA_VILLAGE_FIRE_EYES,Generic Prehistoria NPC,$03 Generic NPC
698,$D1D82E,$1CAC58,raw,3746904,$F92C58,True,LiveText_0698,,PREHISTORIA_VILLAGE_FIRE_EYES,Generic Prehistoria NPC,$03 Generic NPC
699,$D1D831,$1CACFF,raw,3747071,$F92CFF,True,LiveText_0699,,PREHISTORIA_VILLAGE_FIRE_EYES,Generic Prehistoria NPC,$03 Generic NPC
700,$D1D834,$1CAD5A,raw,3747162,$F92D5A,True,LiveText_0700,,PREHISTORIA_VILLAGE_FIRE_EYES,Generic Prehistoria NPC,$03 Generic NPC
701,$D1D837,$1CADB5,raw,3747253,$F92DB5,True,LiveText_0701,,PREHISTORIA_VILLAGE_FIRE_EYES,Generic Prehistoria NPC,$03 Generic NPC
702,$D1D83A,$1CAE5C,raw,3747420,$F92E5C,True,LiveText_0702,,PREHISTORIA_VILLAGE_FIRE_EYES,Generic Prehistoria NPC,$03 Generic NPC
703,$D1D83D,$1CAEBA,raw,3747514,$F92EBA,True,LiveText_0703,,PREHISTORIA_VILLAGE_FIRE_EYES,Generic Prehistoria NPC,$03 Generic NPC
704,$D1D840,$1CAF86,raw,3747718,$F92F86,True,LiveText_0704,,PREHISTORIA_VILLAGE_FIRE_EYES,Innkeeper,$03 Generic NPC
705,$D1D843,$1CAFBC,raw,3747772,$F92FBC,True,LiveText_0705,,PREHISTORIA_VILLAGE_FIRE_EYES,Innkeeper,$03 Generic NPC
706,$D1D846,$1CB02D,raw,3747885,$F9302D,True,LiveText_0706,,PREHISTORIA_VILLAGE_FIRE_EYES,Innkeeper,$03 Generic NPC
707,$D1D849,$1CB054,raw,3747924,$F93054,True,LiveText_0707,,PREHISTORIA_VILLAGE_FIRE_EYES,Innkeeper,$03 Generic NPC
708,$D1D84C,$1CB08F,raw,3747983,$F9308F,True,LiveText_0708,,PREHISTORIA_VILLAGE_FIRE_EYES,Innkeeper,$03 Generic NPC
709,$D1D84F,$1CB0AE,raw,3748014,$F930AE,True,LiveText_0709,,PREHISTORIA_VILLAGE_FIRE_EYES,Innkeeper,$03 Generic NPC
710,$D1D852,$1CB0EB,raw,3748075,$F930EB,True,LiveText_0710,,PREHISTORIA_VILLAGE_FIRE_EYES,Innkeeper,$03 Generic NPC
711,$D1D855,$1CB125,raw,3748133,$F93125,True,LiveText_0711,,PREHISTORIA_VILLAGE_FIRE_EYES,Boy,$04 Boy
712,$D1D858,$1CB13F,raw,3748159,$F9313F,True,LiveText_0712,,PREHISTORIA_VILLAGE_FIRE_EYES,Innkeeper,$03 Generic NPC
713,$D1D85B,$1CB17C,raw,3748220,$F9317C,True,LiveText_0713,,PREHISTORIA_VILLAGE_FIRE_EYES,Innkeeper,$03 Generic NPC
714,$D1D85E,$1CB1B2,raw,3748274,$F931B2,True,LiveText_0714,,PREHISTORIA_VILLAGE_FIRE_EYES,Boy,$04 Boy
715,$D1D861,$1CB1CB,raw,3748299,$F931CB,True,LiveText_0715,,PREHISTORIA_VILLAGE_FIRE_EYES,Boy,$04 Boy
716,$D1D864,$1CB200,raw,3748352,$F93200,True,LiveText_0716,,PREHISTORIA_VILLAGE_FIRE_EYES,Innkeeper,$03 Generic NPC
717,$D1D867,$1CB274,raw,3748468,$F93274,True,LiveText_0717,,PREHISTORIA_VILLAGE_FIRE_EYES,Narration/System,$02 Narration / System
718,$D1D86A,$1CB287,raw,3748487,$F93287,True,LiveText_0718,,PREHISTORIA_VILLAGE_FIRE_EYES,Innkeeper,$03 Generic NPC
719,$D1D86D,$1CB297,raw,3748503,$F93297,True,LiveText_0719,,PREHISTORIA_VILLAGE_FIRE_EYES,Innkeeper,$03 Generic NPC
720,$D1D870,$1CB31D,raw,3748637,$F9331D,True,LiveText_0720,,PREHISTORIA_VILLAGE_FIRE_EYES,Generic Prehistoria NPC,$03 Generic NPC
721,$D1D873,$1CB354,raw,3748692,$F93354,True,LiveText_0721,,PREHISTORIA_VILLAGE_FIRE_EYES,Generic Prehistoria NPC,$03 Generic NPC
722,$D1D876,$1CB39C,raw,3748764,$F9339C,True,LiveText_0722,,PREHISTORIA_VILLAGE_FIRE_EYES,Generic Prehistoria NPC,$03 Generic NPC
723,$D1D879,$1CB414,raw,3748884,$F93414,True,LiveText_0723,,PREHISTORIA_VILLAGE_FIRE_EYES,Generic Prehistoria NPC,$03 Generic NPC
724,$D1D87C,$1CB45A,raw,3748954,$F9345A,True,LiveText_0724,,PREHISTORIA_VILLAGE_FIRE_EYES,Generic Prehistoria NPC,$03 Generic NPC
725,$D1D87F,$1CB4F6,raw,3749110,$F934F6,True,LiveText_0725,,PREHISTORIA_VILLAGE_FIRE_EYES,Generic Prehistoria NPC,$03 Generic NPC
726,$D1D882,$1CB58D,raw,3749261,$F9358D,True,LiveText_0726,,PREHISTORIA_VILLAGE_FIRE_EYES,Generic Prehistoria NPC,$03 Generic NPC
727,$D1D885,$1CB64B,raw,3749451,$F9364B,True,LiveText_0727,,PREHISTORIA_VILLAGE_FIRE_EYES,Generic Prehistoria NPC,$03 Generic NPC
728,$D1D888,$1CB6FA,raw,3749626,$F936FA,True,LiveText_0728,,PREHISTORIA_VILLAGE_FIRE_EYES,Generic Prehistoria NPC,$03 Generic NPC
729,$D1D88B,$1CB7A7,raw,3749799,$F937A7,True,LiveText_0729,,PREHISTORIA_VILLAGE_FIRE_EYES,Merchant / Trader,$03 Generic NPC
730,$D1D88E,$1CB7E7,raw,3749863,$F937E7,True,LiveText_0730,,PREHISTORIA_VILLAGE_FIRE_EYES,Merchant / Trader,$03 Generic NPC
731,$D1D891,$1CB82F,raw,3749935,$F9382F,True,LiveText_0731,,PREHISTORIA_VILLAGE_FIRE_EYES,Narration/System,$02 Narration / System
732,$D1D894,$1CB844,raw,3749956,$F93844,True,LiveText_0732,,PREHISTORIA_VILLAGE_FIRE_EYES,Merchant / Trader,$03 Generic NPC
733,$D1D897,$1CB89D,raw,3750045,$F9389D,True,LiveText_0733,,PREHISTORIA_VILLAGE_FIRE_EYES,Merchant / Trader,$03 Generic NPC
734,$D1D89A,$1CB8F0,raw,3750128,$F938F0,True,LiveText_0734,,PREHISTORIA_VILLAGE_FIRE_EYES,Generic Prehistoria NPC,$03 Generic NPC
735,$D1D89D,$1CB924,raw,3750180,$F93924,True,LiveText_0735,,PREHISTORIA_VILLAGE_FIRE_EYES,Generic Prehistoria NPC,$03 Generic NPC
736,$D1D8A0,$1CB978,raw,3750264,$F93978,True,LiveText_0736,,PREHISTORIA_VILLAGE_FIRE_EYES,Generic Prehistoria NPC,$03 Generic NPC
737,$D1D8A3,$1CB9C9,raw,3750345,$F939C9,True,LiveText_0737,,PREHISTORIA_VILLAGE_FIRE_EYES,Generic Prehistoria NPC,$03 Generic NPC
738,$D1D8A6,$1CBA21,raw,3750433,$F93A21,True,LiveText_0738,,PREHISTORIA_VILLAGE_FIRE_EYES,Generic Prehistoria NPC,$03 Generic NPC
739,$D1D8A9,$1CBA61,raw,3750497,$F93A61,True,LiveText_0739,,PREHISTORIA_VILLAGE_FIRE_EYES,Generic Prehistoria NPC,$03 Generic NPC
740,$D1D8AC,$1CBA80,raw,3750528,$F93A80,True,LiveText_0740,,PREHISTORIA_VILLAGE_FIRE_EYES,Presentation control,INHERIT
741,$D1D8AF,$1CBA82,raw,3750530,$F93A82,True,LiveText_0741,,PREHISTORIA_VILLAGE_FIRE_EYES,Generic Prehistoria NPC,$03 Generic NPC
742,$D1D8B2,$1CBB09,raw,3750665,$F93B09,True,LiveText_0742,,PREHISTORIA_VILLAGE_FIRE_EYES,Generic Prehistoria NPC,$03 Generic NPC
743,$D1D8B5,$1CBB7D,raw,3750781,$F93B7D,True,LiveText_0743,,PREHISTORIA_VILLAGE_FIRE_EYES,Generic Prehistoria NPC,$03 Generic NPC
744,$D1D8B8,$1CBBC6,raw,3750854,$F93BC6,True,LiveText_0744,,PREHISTORIA_VILLAGE_FIRE_EYES,Fire Eyes / Elizabeth,$0D Fire Eyes / Elizabeth
745,$D1D8BB,$1CBBF7,raw,3750903,$F93BF7,True,LiveText_0745,,PREHISTORIA_VILLAGE_FIRE_EYES,Fire Eyes / Elizabeth,$0D Fire Eyes / Elizabeth
746,$D1D8BE,$1CE0C0,raw,3760320,$F960C0,True,LiveText_0746,,PREHISTORIA_VILLAGE_FIRE_EYES,Fire Eyes / Elizabeth,$0D Fire Eyes / Elizabeth
747,$D1D8C1,$1CBC8B,raw,3751051,$F93C8B,True,LiveText_0747,,PREHISTORIA_VILLAGE_FIRE_EYES,Fire Eyes / Elizabeth,$0D Fire Eyes / Elizabeth
748,$D1D8C4,$1CBCFB,raw,3751163,$F93CFB,True,LiveText_0748,,PREHISTORIA_VILLAGE_FIRE_EYES,Fire Eyes / Elizabeth,$0D Fire Eyes / Elizabeth
749,$D1D8C7,$1CBD72,raw,3751282,$F93D72,True,LiveText_0749,,PREHISTORIA_VILLAGE_FIRE_EYES,Fire Eyes / Elizabeth,$0D Fire Eyes / Elizabeth
750,$D1D8CA,$1CBDA6,raw,3751334,$F93DA6,True,LiveText_0750,,PREHISTORIA_VILLAGE_FIRE_EYES,Boy,$04 Boy
751,$D1D8CD,$1CBDB9,raw,3751353,$F93DB9,True,LiveText_0751,,PREHISTORIA_VILLAGE_FIRE_EYES,Fire Eyes / Elizabeth,$0D Fire Eyes / Elizabeth
752,$D1D8D0,$1CBE04,raw,3751428,$F93E04,True,LiveText_0752,,PREHISTORIA_VILLAGE_FIRE_EYES,Boy,$04 Boy
753,$D1D8D3,$1CBE51,raw,3751505,$F93E51,True,LiveText_0753,,PREHISTORIA_VILLAGE_FIRE_EYES,Fire Eyes / Elizabeth,$0D Fire Eyes / Elizabeth
754,$D1D8D6,$1CBE7B,raw,3751547,$F93E7B,True,LiveText_0754,,PREHISTORIA_VILLAGE_FIRE_EYES,Boy,$04 Boy
755,$D1D8D9,$1CBE83,raw,3751555,$F93E83,True,LiveText_0755,,PREHISTORIA_VILLAGE_FIRE_EYES,Boy,$04 Boy
756,$D1D8DC,$1CBEBB,raw,3751611,$F93EBB,True,LiveText_0756,,PREHISTORIA_VILLAGE_FIRE_EYES,Fire Eyes / Elizabeth,$0D Fire Eyes / Elizabeth
757,$D1D8DF,$1CBEE1,raw,3751649,$F93EE1,True,LiveText_0757,,PREHISTORIA_VILLAGE_FIRE_EYES,Boy,$04 Boy
758,$D1D8E2,$1CBF1E,raw,3751710,$F93F1E,True,LiveText_0758,,PREHISTORIA_VILLAGE_FIRE_EYES,Fire Eyes / Elizabeth,$0D Fire Eyes / Elizabeth
759,$D1D8E5,$1CBF90,raw,3751824,$F93F90,True,LiveText_0759,,PREHISTORIA_VILLAGE_FIRE_EYES,Boy,$04 Boy
760,$D1D8E8,$1CE110,raw,3760400,$F96110,True,LiveText_0760,,PREHISTORIA_VILLAGE_FIRE_EYES,Boy,$04 Boy
761,$D1D8EB,$1CC050,raw,3752016,$F94050,True,LiveText_0761,,PREHISTORIA_VILLAGE_FIRE_EYES,Boy,$04 Boy
762,$D1D8EE,$1CE1A0,raw,3760544,$F961A0,True,LiveText_0762,,PREHISTORIA_VILLAGE_FIRE_EYES,Boy,$04 Boy
763,$D1D8F1,$1CE200,raw,3760640,$F96200,True,LiveText_0763,,PREHISTORIA_VILLAGE_FIRE_EYES,Boy,$04 Boy
764,$D1D8F4,$1CC153,raw,3752275,$F94153,True,LiveText_0764,,PREHISTORIA_VILLAGE_FIRE_EYES,Boy,$04 Boy
765,$D1D8F7,$1CC1BB,raw,3752379,$F941BB,True,LiveText_0765,,PREHISTORIA_VILLAGE_FIRE_EYES,Fire Eyes / Elizabeth,$0D Fire Eyes / Elizabeth
766,$D1D8FA,$1CC1EC,raw,3752428,$F941EC,True,LiveText_0766,,PREHISTORIA_VILLAGE_FIRE_EYES,Fire Eyes / Elizabeth,$0D Fire Eyes / Elizabeth
767,$D1D8FD,$1CE260,raw,3760736,$F96260,True,LiveText_0767,,PREHISTORIA_VILLAGE_FIRE_EYES,Fire Eyes / Elizabeth,$0D Fire Eyes / Elizabeth
768,$D1D900,$1CC2A0,raw,3752608,$F942A0,True,LiveText_0768,,PREHISTORIA_VILLAGE_FIRE_EYES,Fire Eyes / Elizabeth,$0D Fire Eyes / Elizabeth
769,$D1D903,$1CC30B,raw,3752715,$F9430B,True,LiveText_0769,,PREHISTORIA_VILLAGE_FIRE_EYES,Boy,$04 Boy
770,$D1D906,$1CC31B,raw,3752731,$F9431B,True,LiveText_0770,,PREHISTORIA_VILLAGE_FIRE_EYES,Boy,$04 Boy
771,$D1D909,$1CC334,raw,3752756,$F94334,True,LiveText_0771,,PREHISTORIA_VILLAGE_FIRE_EYES,Boy,$04 Boy
772,$D1D90C,$1CC3B0,raw,3752880,$F943B0,True,LiveText_0772,,PREHISTORIA_VILLAGE_FIRE_EYES,Fire Eyes / Elizabeth,$0D Fire Eyes / Elizabeth
773,$D1D90F,$1CC3C2,raw,3752898,$F943C2,True,LiveText_0773,,PREHISTORIA_VILLAGE_FIRE_EYES,Boy,$04 Boy
774,$D1D912,$1CC42B,raw,3753003,$F9442B,True,LiveText_0774,,PREHISTORIA_VILLAGE_FIRE_EYES,Fire Eyes / Elizabeth,$0D Fire Eyes / Elizabeth
775,$D1D915,$1CC438,raw,3753016,$F94438,True,LiveText_0775,,PREHISTORIA_VILLAGE_FIRE_EYES,Boy,$04 Boy
776,$D1D918,$1CE2C0,raw,3760832,$F962C0,True,LiveText_0776,,PREHISTORIA_VILLAGE_FIRE_EYES,Fire Eyes / Elizabeth,$0D Fire Eyes / Elizabeth
777,$D1D91B,$1CE380,raw,3761024,$F96380,True,LiveText_0777,,PREHISTORIA_VILLAGE_FIRE_EYES,Fire Eyes / Elizabeth,$0D Fire Eyes / Elizabeth
778,$D1D91E,$1CC558,raw,3753304,$F94558,True,LiveText_0778,,PREHISTORIA_VILLAGE_FIRE_EYES,Fire Eyes / Elizabeth,$0D Fire Eyes / Elizabeth
779,$D1D921,$1CC58C,raw,3753356,$F9458C,True,LiveText_0779,,PREHISTORIA_VILLAGE_FIRE_EYES,Fire Eyes / Elizabeth,$0D Fire Eyes / Elizabeth
780,$D1D924,$1CC5B5,raw,3753397,$F945B5,True,LiveText_0780,,PREHISTORIA_VILLAGE_FIRE_EYES,Boy,$04 Boy
781,$D1D927,$1CC5EF,raw,3753455,$F945EF,True,LiveText_0781,,PREHISTORIA_VILLAGE_FIRE_EYES,Fire Eyes / Elizabeth,$0D Fire Eyes / Elizabeth
782,$D1D92A,$1CC612,raw,3753490,$F94612,True,LiveText_0782,,PREHISTORIA_VILLAGE_FIRE_EYES,Boy,$04 Boy
783,$D1D92D,$1CC64C,raw,3753548,$F9464C,True,LiveText_0783,,PREHISTORIA_VILLAGE_FIRE_EYES,Fire Eyes / Elizabeth,$0D Fire Eyes / Elizabeth
784,$D1D930,$1CC65F,raw,3753567,$F9465F,True,LiveText_0784,,PREHISTORIA_VILLAGE_FIRE_EYES,Boy,$04 Boy
785,$D1D933,$1CC674,raw,3753588,$F94674,True,LiveText_0785,,PREHISTORIA_VILLAGE_FIRE_EYES,Boy,$04 Boy
786,$D1D936,$1CC679,raw,3753593,$F94679,True,LiveText_0786,,PREHISTORIA_VILLAGE_FIRE_EYES,Fire Eyes / Elizabeth,$0D Fire Eyes / Elizabeth
787,$D1D939,$1CC68E,raw,3753614,$F9468E,True,LiveText_0787,,PREHISTORIA_VILLAGE_FIRE_EYES,Fire Eyes / Elizabeth,$0D Fire Eyes / Elizabeth
788,$D1D93C,$1CC6BA,raw,3753658,$F946BA,True,LiveText_0788,,PREHISTORIA_VILLAGE_FIRE_EYES,Boy,$04 Boy
789,$D1D93F,$1CC6FB,raw,3753723,$F946FB,True,LiveText_0789,,PREHISTORIA_VILLAGE_FIRE_EYES,Fire Eyes / Elizabeth,$0D Fire Eyes / Elizabeth
790,$D1D942,$1CC743,raw,3753795,$F94743,True,LiveText_0790,,PREHISTORIA_VILLAGE_FIRE_EYES,Boy,$04 Boy
791,$D1D945,$1CC785,raw,3753861,$F94785,True,LiveText_0791,,PREHISTORIA_VILLAGE_FIRE_EYES,Fire Eyes / Elizabeth,$0D Fire Eyes / Elizabeth
792,$D1D948,$1CC7B5,raw,3753909,$F947B5,True,LiveText_0792,,PREHISTORIA_VILLAGE_FIRE_EYES,Fire Eyes / Elizabeth,$0D Fire Eyes / Elizabeth
793,$D1D94B,$1CC7D5,raw,3753941,$F947D5,True,LiveText_0793,,PREHISTORIA_VILLAGE_FIRE_EYES,Fire Eyes / Elizabeth,$0D Fire Eyes / Elizabeth
794,$D1D94E,$1CC81D,raw,3754013,$F9481D,True,LiveText_0794,,PREHISTORIA_VILLAGE_FIRE_EYES,Boy,$04 Boy
795,$D1D951,$1CC835,raw,3754037,$F94835,True,LiveText_0795,,PREHISTORIA_VILLAGE_FIRE_EYES,Fire Eyes / Elizabeth,$0D Fire Eyes / Elizabeth
796,$D1D954,$1CC878,raw,3754104,$F94878,True,LiveText_0796,,PREHISTORIA_VILLAGE_FIRE_EYES,Fire Eyes / Elizabeth,$0D Fire Eyes / Elizabeth
797,$D1D957,$1CC8B4,raw,3754164,$F948B4,True,LiveText_0797,,PREHISTORIA_VILLAGE_FIRE_EYES,Fire Eyes / Elizabeth,$0D Fire Eyes / Elizabeth
798,$D1D95A,$1CC8E5,raw,3754213,$F948E5,True,LiveText_0798,,PREHISTORIA_VILLAGE_FIRE_EYES,Boy,$04 Boy
799,$D1D95D,$1CC921,raw,3754273,$F94921,True,LiveText_0799,,PREHISTORIA_VILLAGE_FIRE_EYES,Boy,$04 Boy
800,$D1D960,$1CC92D,raw,3754285,$F9492D,True,LiveText_0800,,PREHISTORIA_VILLAGE_FIRE_EYES,Fire Eyes / Elizabeth,$0D Fire Eyes / Elizabeth
801,$D1D963,$1CC958,raw,3754328,$F94958,True,LiveText_0801,,PREHISTORIA_VILLAGE_FIRE_EYES,Fire Eyes / Elizabeth,$0D Fire Eyes / Elizabeth
802,$D1D966,$1CE3E0,raw,3761120,$F963E0,True,LiveText_0802,,PREHISTORIA_VILLAGE_FIRE_EYES,Fire Eyes / Elizabeth,$0D Fire Eyes / Elizabeth
803,$D1D969,$1CCA35,raw,3754549,$F94A35,True,LiveText_0803,,PREHISTORIA_VILLAGE_FIRE_EYES,Boy,$04 Boy
804,$D1D96C,$1CCA45,raw,3754565,$F94A45,True,LiveText_0804,,PREHISTORIA_VILLAGE_FIRE_EYES,Fire Eyes / Elizabeth,$0D Fire Eyes / Elizabeth
805,$D1D96F,$1CCA7B,raw,3754619,$F94A7B,True,LiveText_0805,,PREHISTORIA_VILLAGE_FIRE_EYES,Boy,$04 Boy
806,$D1D972,$1CCAE8,raw,3754728,$F94AE8,True,LiveText_0806,,PREHISTORIA_VILLAGE_FIRE_EYES,Fire Eyes / Elizabeth,$0D Fire Eyes / Elizabeth
807,$D1D975,$1CCAFB,raw,3754747,$F94AFB,True,LiveText_0807,,PREHISTORIA_VILLAGE_FIRE_EYES,Fire Eyes / Elizabeth,$0D Fire Eyes / Elizabeth
808,$D1D978,$1CE440,raw,3761216,$F96440,True,LiveText_0808,,PREHISTORIA_VILLAGE_FIRE_EYES,Fire Eyes / Elizabeth,$0D Fire Eyes / Elizabeth
809,$D1D97B,$1CCB7C,raw,3754876,$F94B7C,True,LiveText_0809,,PREHISTORIA_VILLAGE_FIRE_EYES,Fire Eyes / Elizabeth,$0D Fire Eyes / Elizabeth
810,$D1D97E,$1CCBAE,raw,3754926,$F94BAE,True,LiveText_0810,,PREHISTORIA_VILLAGE_FIRE_EYES,Boy,$04 Boy
811,$D1D981,$1CCBED,raw,3754989,$F94BED,True,LiveText_0811,,PREHISTORIA_VILLAGE_FIRE_EYES,Fire Eyes / Elizabeth,$0D Fire Eyes / Elizabeth
812,$D1D984,$1CE490,raw,3761296,$F96490,True,LiveText_0812,,PREHISTORIA_VILLAGE_FIRE_EYES,Fire Eyes / Elizabeth,$0D Fire Eyes / Elizabeth
813,$D1D987,$1CCC6E,raw,3755118,$F94C6E,True,LiveText_0813,,PREHISTORIA_VILLAGE_FIRE_EYES,Fire Eyes / Elizabeth,$0D Fire Eyes / Elizabeth
814,$D1D98A,$1CCCBD,raw,3755197,$F94CBD,True,LiveText_0814,,PREHISTORIA_VILLAGE_FIRE_EYES,Fire Eyes / Elizabeth,$0D Fire Eyes / Elizabeth
815,$D1D98D,$1CE4F0,raw,3761392,$F964F0,True,LiveText_0815,,PREHISTORIA_VILLAGE_FIRE_EYES,Fire Eyes / Elizabeth,$0D Fire Eyes / Elizabeth
816,$D1D990,$1CCDA3,raw,3755427,$F94DA3,True,LiveText_0816,,PREHISTORIA_VILLAGE_FIRE_EYES,Fire Eyes / Elizabeth,$0D Fire Eyes / Elizabeth
817,$D1D993,$1CCF05,raw,3755781,$F94F05,True,LiveText_0817,,PREHISTORIA_VILLAGE_FIRE_EYES,Boy,$04 Boy
818,$D1D996,$1CCF7B,raw,3755899,$F94F7B,True,LiveText_0818,,PREHISTORIA_VILLAGE_FIRE_EYES,Boy,$04 Boy
819,$D1D999,$1CCFB8,raw,3755960,$F94FB8,True,LiveText_0819,,PREHISTORIA_VILLAGE_FIRE_EYES,Fire Eyes / Elizabeth,$0D Fire Eyes / Elizabeth
820,$D1D99C,$1CD04D,raw,3756109,$F9504D,True,LiveText_0820,,PREHISTORIA_VILLAGE_FIRE_EYES,Narration/System,$02 Narration / System
821,$D1D99F,$1CD063,raw,3756131,$F95063,True,LiveText_0821,,PREHISTORIA_VILLAGE_FIRE_EYES,Fire Eyes / Elizabeth,$0D Fire Eyes / Elizabeth
822,$D1D9A2,$1CD0AC,raw,3756204,$F950AC,True,LiveText_0822,,PREHISTORIA_VILLAGE_FIRE_EYES,Boy,$04 Boy
823,$D1D9A5,$1CD16C,raw,3756396,$F9516C,True,LiveText_0823,,PREHISTORIA_VILLAGE_FIRE_EYES,Fire Eyes / Elizabeth,$0D Fire Eyes / Elizabeth
824,$D1D9A8,$1CD1D8,raw,3756504,$F951D8,True,LiveText_0824,,PREHISTORIA_VILLAGE_FIRE_EYES,Generic Prehistoria NPC,$03 Generic NPC
825,$D1D9AB,$1CD210,raw,3756560,$F95210,True,LiveText_0825,,PREHISTORIA_VILLAGE_FIRE_EYES,Generic Prehistoria NPC,$03 Generic NPC
826,$D1D9AE,$1CD254,raw,3756628,$F95254,True,LiveText_0826,,PREHISTORIA_VILLAGE_FIRE_EYES,Generic Prehistoria NPC,$03 Generic NPC
827,$D1D9B1,$1CD28F,raw,3756687,$F9528F,True,LiveText_0827,,PREHISTORIA_VILLAGE_FIRE_EYES,Generic Prehistoria NPC,$03 Generic NPC
828,$D1D9B4,$1CD2EC,raw,3756780,$F952EC,True,LiveText_0828,,PREHISTORIA_VILLAGE_FIRE_EYES,Generic Prehistoria NPC,$03 Generic NPC
829,$D1D9B7,$1CD33D,raw,3756861,$F9533D,True,LiveText_0829,,PREHISTORIA_VILLAGE_FIRE_EYES,Generic Prehistoria NPC,$03 Generic NPC
830,$D1D9BA,$1CD39F,raw,3756959,$F9539F,True,LiveText_0830,,PREHISTORIA_VILLAGE_FIRE_EYES,Generic Prehistoria NPC,$03 Generic NPC
831,$D1D9BD,$1CD412,raw,3757074,$F95412,True,LiveText_0831,,PREHISTORIA_VILLAGE_FIRE_EYES,Blimp,$06 Blimp
832,$D1D9C0,$1CD44D,raw,3757133,$F9544D,True,LiveText_0832,,PREHISTORIA_VILLAGE_FIRE_EYES,Boy,$04 Boy
833,$D1D9C3,$1CD491,raw,3757201,$F95491,True,LiveText_0833,,PREHISTORIA_VILLAGE_FIRE_EYES,Blimp,$06 Blimp
834,$D1D9C6,$1CD4F2,raw,3757298,$F954F2,True,LiveText_0834,,PREHISTORIA_VILLAGE_FIRE_EYES,Blimp,$06 Blimp
835,$D1D9C9,$1CD503,raw,3757315,$F95503,True,LiveText_0835,,PREHISTORIA_VILLAGE_FIRE_EYES,Blimp,$06 Blimp
836,$D1D9CC,$1CD540,raw,3757376,$F95540,True,LiveText_0836,,PREHISTORIA_VILLAGE_FIRE_EYES,Blimp,$06 Blimp
837,$D1D9CF,$1CD57C,raw,3757436,$F9557C,True,LiveText_0837,,PREHISTORIA_VILLAGE_FIRE_EYES,Blimp,$06 Blimp
838,$D1D9D2,$1CD583,raw,3757443,$F95583,True,LiveText_0838,,PREHISTORIA_VILLAGE_FIRE_EYES,Blimp,$06 Blimp
839,$D1D9D5,$1CD5A6,raw,3757478,$F955A6,True,LiveText_0839,,PREHISTORIA_VILLAGE_FIRE_EYES,Narration/System,$02 Narration / System
840,$D1D9D8,$1CD5BA,raw,3757498,$F955BA,True,LiveText_0840,,PREHISTORIA_VILLAGE_FIRE_EYES,Blimp,$06 Blimp
841,$D1D9DB,$1CD5FB,raw,3757563,$F955FB,True,LiveText_0841,,PREHISTORIA_VILLAGE_FIRE_EYES,Blimp,$06 Blimp
842,$D1D9DE,$1CD643,raw,3757635,$F95643,True,LiveText_0842,,PREHISTORIA_VILLAGE_FIRE_EYES,Blimp,$06 Blimp
843,$D1D9E1,$1CD68F,raw,3757711,$F9568F,True,LiveText_0843,,PREHISTORIA_VILLAGE_FIRE_EYES,Blimp,$06 Blimp
844,$D1D9E4,$1CD6BF,raw,3757759,$F956BF,True,LiveText_0844,,PREHISTORIA_VILLAGE_FIRE_EYES,Blimp,$06 Blimp
845,$D1D9E7,$1CD71D,raw,3757853,$F9571D,True,LiveText_0845,,PREHISTORIA_VILLAGE_FIRE_EYES,Narration/System,$02 Narration / System
846,$D1D9EA,$1CD731,raw,3757873,$F95731,True,LiveText_0846,,PREHISTORIA_VILLAGE_FIRE_EYES,Blimp,$06 Blimp
847,$D1D9ED,$1CD76D,raw,3757933,$F9576D,True,LiveText_0847,,PREHISTORIA_VILLAGE_FIRE_EYES,Blimp,$06 Blimp
848,$D1D9F0,$1CD78C,raw,3757964,$F9578C,True,LiveText_0848,,PREHISTORIA_VILLAGE_FIRE_EYES,Generic Prehistoria NPC,$03 Generic NPC
849,$D1D9F3,$1CD7D7,raw,3758039,$F957D7,True,LiveText_0849,,PREHISTORIA_VILLAGE_FIRE_EYES,Defend alchemist,$03 Generic NPC
850,$D1D9F6,$1CD86F,raw,3758191,$F9586F,True,LiveText_0850,,PREHISTORIA_VILLAGE_FIRE_EYES,Defend alchemist,$03 Generic NPC
851,$D1D9F9,$1CD88F,raw,3758223,$F9588F,True,LiveText_0851,,PREHISTORIA_VILLAGE_FIRE_EYES,Defend alchemist,$03 Generic NPC
852,$D1D9FC,$1CD97A,raw,3758458,$F9597A,True,LiveText_0852,,PREHISTORIA_VILLAGE_FIRE_EYES,Generic Prehistoria NPC,$03 Generic NPC
853,$D1D9FF,$1CD9FC,raw,3758588,$F959FC,True,LiveText_0853,,PREHISTORIA_VILLAGE_FIRE_EYES,Narration/System,$02 Narration / System
854,$D1DA02,$1CDA13,raw,3758611,$F95A13,True,LiveText_0854,,PREHISTORIA_VILLAGE_FIRE_EYES,Generic Prehistoria NPC,$03 Generic NPC
855,$D1DA05,$1CE540,raw,3761472,$F96540,True,LiveText_0855,,PREHISTORIA_VILLAGE_FIRE_EYES,Generic Prehistoria NPC,$03 Generic NPC
856,$D1DA08,$1CDAAE,raw,3758766,$F95AAE,True,LiveText_0856,,PREHISTORIA_VILLAGE_FIRE_EYES,Generic Prehistoria NPC,$03 Generic NPC
857,$D1DA0B,$1CDB45,raw,3758917,$F95B45,True,LiveText_0857,,PREHISTORIA_VILLAGE_FIRE_EYES,Narration/System,$02 Narration / System
858,$D1DA0E,$1CDB5D,raw,3758941,$F95B5D,True,LiveText_0858,,PREHISTORIA_VILLAGE_FIRE_EYES,Generic Prehistoria NPC,$03 Generic NPC
859,$D1DA11,$1CDB9D,raw,3759005,$F95B9D,True,LiveText_0859,,PREHISTORIA_VILLAGE_FIRE_EYES,Generic Prehistoria NPC,$03 Generic NPC
860,$D1DA14,$1C4000,raw,3686400,$F84000,True,LiveText_0860,,ANTIQUA_CRUSTACIA_APPROACH,Strong Heart,$07 Strong Heart
861,$D1DA17,$1C402D,raw,3686445,$F8402D,True,LiveText_0861,,ANTIQUA_CRUSTACIA_APPROACH,Strong Heart,$07 Strong Heart
862,$D1DA1A,$1C412A,raw,3686698,$F8412A,True,LiveText_0862,,ANTIQUA_CRUSTACIA_APPROACH,Strong Heart,$07 Strong Heart
863,$D1DA1D,$1C41A7,raw,3686823,$F841A7,True,LiveText_0863,,ANTIQUA_CRUSTACIA_APPROACH,Generic Antiqua NPC,$03 Generic NPC
864,$D1DA20,$1C41DE,raw,3686878,$F841DE,True,LiveText_0864,,ANTIQUA_CRUSTACIA_APPROACH,Generic Antiqua NPC,$03 Generic NPC
865,$D1DA23,$1C4226,raw,3686950,$F84226,True,LiveText_0865,,ANTIQUA_CRUSTACIA_APPROACH,Generic Antiqua NPC,$03 Generic NPC
866,$D1DA26,$1C4284,raw,3687044,$F84284,True,LiveText_0866,,ANTIQUA_CRUSTACIA_APPROACH,Generic Antiqua NPC,$03 Generic NPC
867,$D1DA29,$1C42D2,raw,3687122,$F842D2,True,LiveText_0867,,ANTIQUA_CRUSTACIA_APPROACH,Generic Antiqua NPC,$03 Generic NPC
868,$D1DA2C,$1C434F,raw,3687247,$F8434F,True,LiveText_0868,,ANTIQUA_CRUSTACIA_APPROACH,Generic Antiqua NPC,$03 Generic NPC
869,$D1DA2F,$1C4392,raw,3687314,$F84392,True,LiveText_0869,,ANTIQUA_CRUSTACIA_APPROACH,Generic Antiqua NPC,$03 Generic NPC
870,$D1DA32,$1C43EF,raw,3687407,$F843EF,True,LiveText_0870,,ANTIQUA_CRUSTACIA_APPROACH,Generic Antiqua NPC,$03 Generic NPC
871,$D1DA35,$1C4466,raw,3687526,$F84466,True,LiveText_0871,,ANTIQUA_CRUSTACIA_APPROACH,Generic Antiqua NPC,$03 Generic NPC
872,$D1DA38,$1C44AA,raw,3687594,$F844AA,True,LiveText_0872,,ANTIQUA_CRUSTACIA_APPROACH,Generic Antiqua NPC,$03 Generic NPC
873,$D1DA3B,$1C5240,raw,3691072,$F85240,True,LiveText_0873,,ANTIQUA_CRUSTACIA_APPROACH,Generic Antiqua NPC,$03 Generic NPC
874,$D1DA3E,$1C4569,raw,3687785,$F84569,True,LiveText_0874,,ANTIQUA_CRUSTACIA_APPROACH,Generic Antiqua NPC,$03 Generic NPC
875,$D1DA41,$1C459F,raw,3687839,$F8459F,True,LiveText_0875,,ANTIQUA_CRUSTACIA_APPROACH,Generic Antiqua NPC,$03 Generic NPC
876,$D1DA44,$1C461E,raw,3687966,$F8461E,True,LiveText_0876,,ANTIQUA_CRUSTACIA_APPROACH,Generic Antiqua NPC,$03 Generic NPC
877,$D1DA47,$1C469F,raw,3688095,$F8469F,True,LiveText_0877,,ANTIQUA_CRUSTACIA_APPROACH,Generic Antiqua NPC,$03 Generic NPC
878,$D1DA4A,$1C4701,raw,3688193,$F84701,True,LiveText_0878,,ANTIQUA_CRUSTACIA_APPROACH,Generic Antiqua NPC,$03 Generic NPC
879,$D1DA4D,$1C4746,raw,3688262,$F84746,True,LiveText_0879,,ANTIQUA_CRUSTACIA_APPROACH,Generic Antiqua NPC,$03 Generic NPC
880,$D1DA50,$1C4772,raw,3688306,$F84772,True,LiveText_0880,,ANTIQUA_CRUSTACIA_APPROACH,Generic Antiqua NPC,$03 Generic NPC
881,$D1DA53,$1C47D9,raw,3688409,$F847D9,True,LiveText_0881,,ANTIQUA_CRUSTACIA_APPROACH,Generic Antiqua NPC,$03 Generic NPC
882,$D1DA56,$1C4814,raw,3688468,$F84814,True,LiveText_0882,,ANTIQUA_CRUSTACIA_APPROACH,Generic Antiqua NPC,$03 Generic NPC
883,$D1DA59,$1C48A5,raw,3688613,$F848A5,True,LiveText_0883,,ANTIQUA_CRUSTACIA_APPROACH,Generic Antiqua NPC,$03 Generic NPC
884,$D1DA5C,$1C494C,raw,3688780,$F8494C,True,LiveText_0884,,ANTIQUA_CRUSTACIA_APPROACH,Narration/System,$02 Narration / System
885,$D1DA5F,$1C4959,raw,3688793,$F84959,True,LiveText_0885,,ANTIQUA_CRUSTACIA_APPROACH,Boy,$04 Boy
886,$D1DA62,$1C49DC,raw,3688924,$F849DC,True,LiveText_0886,,ANTIQUA_CRUSTACIA_APPROACH,Boy,$04 Boy
887,$D1DA65,$1C49F5,raw,3688949,$F849F5,True,LiveText_0887,,ANTIQUA_CRUSTACIA_APPROACH,Boy,$04 Boy
888,$D1DA68,$1C4A03,raw,3688963,$F84A03,True,LiveText_0888,,ANTIQUA_CRUSTACIA_APPROACH,Boy,$04 Boy
889,$D1DA6B,$1C4A1D,raw,3688989,$F84A1D,True,LiveText_0889,,ANTIQUA_CRUSTACIA_APPROACH,Narration/System,$02 Narration / System
890,$D1DA6E,$1C4A40,raw,3689024,$F84A40,True,LiveText_0890,,ANTIQUA_CRUSTACIA_APPROACH,Narration/System,$02 Narration / System
891,$D1DA71,$1C4A4B,raw,3689035,$F84A4B,True,LiveText_0891,,ANTIQUA_CRUSTACIA_APPROACH,Narration/System,$02 Narration / System
892,$D1DA74,$1C4A61,raw,3689057,$F84A61,True,LiveText_0892,,ANTIQUA_CRUSTACIA_APPROACH,Generic Antiqua NPC,$03 Generic NPC
893,$D1DA77,$1C4AE4,raw,3689188,$F84AE4,True,LiveText_0893,,ANTIQUA_CRUSTACIA_APPROACH,Generic Antiqua NPC,$03 Generic NPC
894,$D1DA7A,$1C4B51,raw,3689297,$F84B51,True,LiveText_0894,,ANTIQUA_CRUSTACIA_APPROACH,Tiny,$14 Tiny
895,$D1DA7D,$1C4BF7,raw,3689463,$F84BF7,True,LiveText_0895,,ANTIQUA_CRUSTACIA_APPROACH,Tiny,$14 Tiny
896,$D1DA80,$1C4CAB,raw,3689643,$F84CAB,True,LiveText_0896,,ANTIQUA_CRUSTACIA_APPROACH,Narration/System,$02 Narration / System
897,$D1DA83,$1C4CC1,raw,3689665,$F84CC1,True,LiveText_0897,,ANTIQUA_CRUSTACIA_APPROACH,Tiny,$14 Tiny
898,$D1DA86,$1C4D1E,raw,3689758,$F84D1E,True,LiveText_0898,,ANTIQUA_CRUSTACIA_APPROACH,Boy,$04 Boy
899,$D1DA89,$1C4D43,raw,3689795,$F84D43,True,LiveText_0899,,ANTIQUA_CRUSTACIA_APPROACH,Boy,$04 Boy
900,$D1DA8C,$1C4D7F,raw,3689855,$F84D7F,True,LiveText_0900,,ANTIQUA_CRUSTACIA_APPROACH,Blimp,$06 Blimp
901,$D1DA8F,$1C4DBB,raw,3689915,$F84DBB,True,LiveText_0901,,ANTIQUA_CRUSTACIA_APPROACH,Boy,$04 Boy
902,$D1DA92,$1C4DD0,raw,3689936,$F84DD0,True,LiveText_0902,,ANTIQUA_CRUSTACIA_APPROACH,Boy,$04 Boy
903,$D1DA95,$1C4DD3,raw,3689939,$F84DD3,True,LiveText_0903,,ANTIQUA_CRUSTACIA_APPROACH,Boy,$04 Boy
904,$D1DA98,$1C52A0,raw,3691168,$F852A0,True,LiveText_0904,,ANTIQUA_CRUSTACIA_APPROACH,Boy,$04 Boy
905,$D1DA9B,$1C4DFA,raw,3689978,$F84DFA,True,LiveText_0905,,ANTIQUA_CRUSTACIA_APPROACH,Boy,$04 Boy
906,$D1DA9E,$1C4DFF,raw,3689983,$F84DFF,True,LiveText_0906,,ANTIQUA_CRUSTACIA_APPROACH,Boy,$04 Boy
907,$D1DAA1,$1C4E05,raw,3689989,$F84E05,True,LiveText_0907,,ANTIQUA_CRUSTACIA_APPROACH,Boy,$04 Boy
908,$D1DAA4,$1C4E15,raw,3690005,$F84E15,True,LiveText_0908,,ANTIQUA_CRUSTACIA_APPROACH,Blimp,$06 Blimp
909,$D1DAA7,$1C4E45,raw,3690053,$F84E45,True,LiveText_0909,,ANTIQUA_CRUSTACIA_APPROACH,Boy,$04 Boy
910,$D1DAAA,$1C4E98,raw,3690136,$F84E98,True,LiveText_0910,,ANTIQUA_CRUSTACIA_APPROACH,Blimp,$06 Blimp
911,$D1DAAD,$1C4EFE,raw,3690238,$F84EFE,True,LiveText_0911,,ANTIQUA_CRUSTACIA_APPROACH,Blimp,$06 Blimp
912,$D1DAB0,$1C4F5E,raw,3690334,$F84F5E,True,LiveText_0912,,ANTIQUA_CRUSTACIA_APPROACH,Blimp,$06 Blimp
913,$D1DAB3,$1C52D0,raw,3691216,$F852D0,True,LiveText_0913,,ANTIQUA_CRUSTACIA_APPROACH,Blimp,$06 Blimp
914,$D1DAB6,$1C507E,raw,3690622,$F8507E,True,LiveText_0914,,ANTIQUA_CRUSTACIA_APPROACH,Blimp,$06 Blimp
915,$D1DAB9,$1C50CD,raw,3690701,$F850CD,True,LiveText_0915,,ANTIQUA_CRUSTACIA_APPROACH,Blimp,$06 Blimp
916,$D1DABC,$1C510A,raw,3690762,$F8510A,True,LiveText_0916,,ANTIQUA_CRUSTACIA_APPROACH,Boy,$04 Boy
917,$D1DABF,$1C515D,raw,3690845,$F8515D,True,LiveText_0917,,ANTIQUA_CRUSTACIA_APPROACH,Blimp,$06 Blimp
918,$D1DAC2,$1C51C3,raw,3690947,$F851C3,True,LiveText_0918,,ANTIQUA_CRUSTACIA_APPROACH,Blimp,$06 Blimp
919,$D1DAC5,$1C5215,raw,3691029,$F85215,True,LiveText_0919,,ANTIQUA_CRUSTACIA_APPROACH,Boy,$04 Boy
920,$D1DAC8,$1B8100,raw,3604736,$F70100,True,LiveText_0920,,NOBILIA_CITY_PALACE,Boy,$04 Boy
921,$D1DACB,$1B8127,raw,3604775,$F70127,True,LiveText_0921,,NOBILIA_CITY_PALACE,Boy,$04 Boy
922,$D1DACE,$1B815C,raw,3604828,$F7015C,True,LiveText_0922,,NOBILIA_CITY_PALACE,Boy,$04 Boy
923,$D1DAD1,$1B8196,raw,3604886,$F70196,True,LiveText_0923,,NOBILIA_CITY_PALACE,Blimp,$06 Blimp
924,$D1DAD4,$1B81A6,raw,3604902,$F701A6,True,LiveText_0924,,NOBILIA_CITY_PALACE,Blimp,$06 Blimp
925,$D1DAD7,$1B8335,raw,3605301,$F70335,True,LiveText_0925,,NOBILIA_CITY_PALACE,Generic Antiqua NPC,$03 Generic NPC
926,$D1DADA,$1B835D,raw,3605341,$F7035D,True,LiveText_0926,,NOBILIA_CITY_PALACE,Generic Antiqua NPC,$03 Generic NPC
927,$D1DADD,$1B8394,raw,3605396,$F70394,True,LiveText_0927,,NOBILIA_CITY_PALACE,Generic Antiqua NPC,$03 Generic NPC
928,$D1DAE0,$1B83F0,raw,3605488,$F703F0,True,LiveText_0928,,NOBILIA_CITY_PALACE,Generic Antiqua NPC,$03 Generic NPC
929,$D1DAE3,$1B847F,raw,3605631,$F7047F,True,LiveText_0929,,NOBILIA_CITY_PALACE,Generic Antiqua NPC,$03 Generic NPC
930,$D1DAE6,$1B84B8,raw,3605688,$F704B8,True,LiveText_0930,,NOBILIA_CITY_PALACE,Generic Antiqua NPC,$03 Generic NPC
931,$D1DAE9,$1B8524,raw,3605796,$F70524,True,LiveText_0931,,NOBILIA_CITY_PALACE,Generic Antiqua NPC,$03 Generic NPC
932,$D1DAEC,$1B85CA,raw,3605962,$F705CA,True,LiveText_0932,,NOBILIA_CITY_PALACE,Generic Antiqua NPC,$03 Generic NPC
933,$D1DAEF,$1B8653,raw,3606099,$F70653,True,LiveText_0933,,NOBILIA_CITY_PALACE,Generic Antiqua NPC,$03 Generic NPC
934,$D1DAF2,$1B86E0,raw,3606240,$F706E0,True,LiveText_0934,,NOBILIA_CITY_PALACE,Generic Antiqua NPC,$03 Generic NPC
935,$D1DAF5,$1BBE70,raw,3620464,$F73E70,True,LiveText_0935,,NOBILIA_CITY_PALACE,Generic Antiqua NPC,$03 Generic NPC
936,$D1DAF8,$1B8772,raw,3606386,$F70772,True,LiveText_0936,,NOBILIA_CITY_PALACE,Generic Antiqua NPC,$03 Generic NPC
937,$D1DAFB,$1B8797,raw,3606423,$F70797,True,LiveText_0937,,NOBILIA_CITY_PALACE,Generic Antiqua NPC,$03 Generic NPC
938,$D1DAFE,$1B87F9,raw,3606521,$F707F9,True,LiveText_0938,,NOBILIA_CITY_PALACE,Generic Antiqua NPC,$03 Generic NPC
939,$D1DB01,$1B884B,raw,3606603,$F7084B,True,LiveText_0939,,NOBILIA_CITY_PALACE,Generic Antiqua NPC,$03 Generic NPC
940,$D1DB04,$1B88B5,raw,3606709,$F708B5,True,LiveText_0940,,NOBILIA_CITY_PALACE,Generic Antiqua NPC,$03 Generic NPC
941,$D1DB07,$1B890F,raw,3606799,$F7090F,True,LiveText_0941,,NOBILIA_CITY_PALACE,Generic Antiqua NPC,$03 Generic NPC
942,$D1DB0A,$1B8987,raw,3606919,$F70987,True,LiveText_0942,,NOBILIA_CITY_PALACE,Generic Antiqua NPC,$03 Generic NPC
943,$D1DB0D,$1B89FB,raw,3607035,$F709FB,True,LiveText_0943,,NOBILIA_CITY_PALACE,Generic Antiqua NPC,$03 Generic NPC
944,$D1DB10,$1B8A39,raw,3607097,$F70A39,True,LiveText_0944,,NOBILIA_CITY_PALACE,Generic Antiqua NPC,$03 Generic NPC
945,$D1DB13,$1B8A91,raw,3607185,$F70A91,True,LiveText_0945,,NOBILIA_CITY_PALACE,Generic Antiqua NPC,$03 Generic NPC
946,$D1DB16,$1B8AD9,raw,3607257,$F70AD9,True,LiveText_0946,,NOBILIA_CITY_PALACE,Generic Antiqua NPC,$03 Generic NPC
947,$D1DB19,$1B8B63,raw,3607395,$F70B63,True,LiveText_0947,,NOBILIA_CITY_PALACE,Generic Antiqua NPC,$03 Generic NPC
948,$D1DB1C,$1B8BC2,raw,3607490,$F70BC2,True,LiveText_0948,,NOBILIA_CITY_PALACE,Generic Antiqua NPC,$03 Generic NPC
949,$D1DB1F,$1B8C38,raw,3607608,$F70C38,True,LiveText_0949,,NOBILIA_CITY_PALACE,Generic Antiqua NPC,$03 Generic NPC
950,$D1DB22,$1B8CB5,raw,3607733,$F70CB5,True,LiveText_0950,,NOBILIA_CITY_PALACE,Generic Antiqua NPC,$03 Generic NPC
951,$D1DB25,$1B8CFB,raw,3607803,$F70CFB,True,LiveText_0951,,NOBILIA_CITY_PALACE,Generic Antiqua NPC,$03 Generic NPC
952,$D1DB28,$1B8D27,raw,3607847,$F70D27,True,LiveText_0952,,NOBILIA_CITY_PALACE,Generic Antiqua NPC,$03 Generic NPC
953,$D1DB2B,$1B8D65,raw,3607909,$F70D65,True,LiveText_0953,,NOBILIA_CITY_PALACE,Generic Antiqua NPC,$03 Generic NPC
954,$D1DB2E,$1B8D96,raw,3607958,$F70D96,True,LiveText_0954,,NOBILIA_CITY_PALACE,Generic Antiqua NPC,$03 Generic NPC
955,$D1DB31,$1B8DBC,raw,3607996,$F70DBC,True,LiveText_0955,,NOBILIA_CITY_PALACE,Generic Antiqua NPC,$03 Generic NPC
956,$D1DB34,$1B8DF9,raw,3608057,$F70DF9,True,LiveText_0956,,NOBILIA_CITY_PALACE,Generic Antiqua NPC,$03 Generic NPC
957,$D1DB37,$1B8E43,raw,3608131,$F70E43,True,LiveText_0957,,NOBILIA_CITY_PALACE,Merchant / Trader,$03 Generic NPC
958,$D1DB3A,$1B8E9B,raw,3608219,$F70E9B,True,LiveText_0958,,NOBILIA_CITY_PALACE,Merchant / Trader,$03 Generic NPC
959,$D1DB3D,$1B8EED,raw,3608301,$F70EED,True,LiveText_0959,,NOBILIA_CITY_PALACE,Merchant / Trader,$03 Generic NPC
960,$D1DB40,$1B8F3D,raw,3608381,$F70F3D,True,LiveText_0960,,NOBILIA_CITY_PALACE,Merchant / Trader,$03 Generic NPC
961,$D1DB43,$1B8F4F,raw,3608399,$F70F4F,True,LiveText_0961,,NOBILIA_CITY_PALACE,Merchant / Trader,$03 Generic NPC
962,$D1DB46,$1B8F6C,raw,3608428,$F70F6C,True,LiveText_0962,,NOBILIA_CITY_PALACE,Merchant / Trader,$03 Generic NPC
963,$D1DB49,$1B8FAA,raw,3608490,$F70FAA,True,LiveText_0963,,NOBILIA_CITY_PALACE,Merchant / Trader,$03 Generic NPC
964,$D1DB4C,$1B902A,raw,3608618,$F7102A,True,LiveText_0964,,NOBILIA_CITY_PALACE,Merchant / Trader,$03 Generic NPC
965,$D1DB4F,$1B904D,raw,3608653,$F7104D,True,LiveText_0965,,NOBILIA_CITY_PALACE,Merchant / Trader,$03 Generic NPC
966,$D1DB52,$1B905D,raw,3608669,$F7105D,True,LiveText_0966,,NOBILIA_CITY_PALACE,Merchant / Trader,$03 Generic NPC
967,$D1DB55,$1B907F,raw,3608703,$F7107F,True,LiveText_0967,,NOBILIA_CITY_PALACE,Merchant / Trader,$03 Generic NPC
968,$D1DB58,$1B90A1,raw,3608737,$F710A1,True,LiveText_0968,,NOBILIA_CITY_PALACE,Merchant / Trader,$03 Generic NPC
969,$D1DB5B,$1B91BE,raw,3609022,$F711BE,True,LiveText_0969,,NOBILIA_CITY_PALACE,Narration/System,$02 Narration / System
970,$D1DB5E,$1B91DE,raw,3609054,$F711DE,True,LiveText_0970,,NOBILIA_CITY_PALACE,Narration/System,$02 Narration / System
971,$D1DB61,$1B91F3,raw,3609075,$F711F3,True,LiveText_0971,,NOBILIA_CITY_PALACE,Narration/System,$02 Narration / System
972,$D1DB64,$1B9208,raw,3609096,$F71208,True,LiveText_0972,,NOBILIA_CITY_PALACE,Generic Antiqua NPC,$03 Generic NPC
973,$D1DB67,$1B921F,raw,3609119,$F7121F,True,LiveText_0973,,NOBILIA_CITY_PALACE,Narration/System,$02 Narration / System
974,$D1DB6A,$1B9235,raw,3609141,$F71235,True,LiveText_0974,,NOBILIA_CITY_PALACE,Generic Antiqua NPC,$03 Generic NPC
975,$D1DB6D,$1B9250,raw,3609168,$F71250,True,LiveText_0975,,NOBILIA_CITY_PALACE,Generic Antiqua NPC,$03 Generic NPC
976,$D1DB70,$1B928A,raw,3609226,$F7128A,True,LiveText_0976,,NOBILIA_CITY_PALACE,Narration/System,$02 Narration / System
977,$D1DB73,$1B9294,raw,3609236,$F71294,True,LiveText_0977,,NOBILIA_CITY_PALACE,Generic Antiqua NPC,$03 Generic NPC
978,$D1DB76,$1B92F2,raw,3609330,$F712F2,True,LiveText_0978,,NOBILIA_CITY_PALACE,Generic Antiqua NPC,$03 Generic NPC
979,$D1DB79,$1B932F,raw,3609391,$F7132F,True,LiveText_0979,,NOBILIA_CITY_PALACE,Generic Antiqua NPC,$03 Generic NPC
980,$D1DB7C,$1B9357,raw,3609431,$F71357,True,LiveText_0980,,NOBILIA_CITY_PALACE,Generic Antiqua NPC,$03 Generic NPC
981,$D1DB7F,$1B93A6,raw,3609510,$F713A6,True,LiveText_0981,,NOBILIA_CITY_PALACE,Generic Antiqua NPC,$03 Generic NPC
982,$D1DB82,$1B93E2,raw,3609570,$F713E2,True,LiveText_0982,,NOBILIA_CITY_PALACE,Generic Antiqua NPC,$03 Generic NPC
983,$D1DB85,$1B942F,raw,3609647,$F7142F,True,LiveText_0983,,NOBILIA_CITY_PALACE,Generic Antiqua NPC,$03 Generic NPC
984,$D1DB88,$1B948E,raw,3609742,$F7148E,True,LiveText_0984,,NOBILIA_CITY_PALACE,Generic Antiqua NPC,$03 Generic NPC
985,$D1DB8B,$1B94D1,raw,3609809,$F714D1,True,LiveText_0985,,NOBILIA_CITY_PALACE,Generic Antiqua NPC,$03 Generic NPC
986,$D1DB8E,$1B9514,raw,3609876,$F71514,True,LiveText_0986,,NOBILIA_CITY_PALACE,Generic Antiqua NPC,$03 Generic NPC
987,$D1DB91,$1B953A,raw,3609914,$F7153A,True,LiveText_0987,,NOBILIA_CITY_PALACE,Generic Antiqua NPC,$03 Generic NPC
988,$D1DB94,$1B959A,raw,3610010,$F7159A,True,LiveText_0988,,NOBILIA_CITY_PALACE,Generic Antiqua NPC,$03 Generic NPC
989,$D1DB97,$1B95CD,raw,3610061,$F715CD,True,LiveText_0989,,NOBILIA_CITY_PALACE,Generic Antiqua NPC,$03 Generic NPC
990,$D1DB9A,$1B95F6,raw,3610102,$F715F6,True,LiveText_0990,,NOBILIA_CITY_PALACE,Generic Antiqua NPC,$03 Generic NPC
991,$D1DB9D,$1B9607,raw,3610119,$F71607,True,LiveText_0991,,NOBILIA_CITY_PALACE,Generic Antiqua NPC,$03 Generic NPC
992,$D1DBA0,$1B9653,raw,3610195,$F71653,True,LiveText_0992,,NOBILIA_CITY_PALACE,Generic Antiqua NPC,$03 Generic NPC
993,$D1DBA3,$1B96BC,raw,3610300,$F716BC,True,LiveText_0993,,NOBILIA_CITY_PALACE,Tiny,$14 Tiny
994,$D1DBA6,$1B96FD,raw,3610365,$F716FD,True,LiveText_0994,,NOBILIA_CITY_PALACE,Tiny,$14 Tiny
995,$D1DBA9,$1B971B,raw,3610395,$F7171B,True,LiveText_0995,,NOBILIA_CITY_PALACE,Boy,$04 Boy
996,$D1DBAC,$1B9777,raw,3610487,$F71777,True,LiveText_0996,,NOBILIA_CITY_PALACE,Tiny,$14 Tiny
997,$D1DBAF,$1B9781,raw,3610497,$F71781,True,LiveText_0997,,NOBILIA_CITY_PALACE,Tiny,$14 Tiny
998,$D1DBB2,$1B9794,raw,3610516,$F71794,True,LiveText_0998,,NOBILIA_CITY_PALACE,Boy,$04 Boy
999,$D1DBB5,$1B979E,raw,3610526,$F7179E,True,LiveText_0999,,NOBILIA_CITY_PALACE,Boy,$04 Boy
1000,$D1DBB8,$1B97AE,raw,3610542,$F717AE,True,LiveText_1000,,NOBILIA_CITY_PALACE,Tiny,$14 Tiny
1001,$D1DBBB,$1B97CE,raw,3610574,$F717CE,True,LiveText_1001,,NOBILIA_CITY_PALACE,Tiny,$14 Tiny
1002,$D1DBBE,$1B97FB,raw,3610619,$F717FB,True,LiveText_1002,,NOBILIA_CITY_PALACE,Tiny,$14 Tiny
1003,$D1DBC1,$1B987E,raw,3610750,$F7187E,True,LiveText_1003,,NOBILIA_CITY_PALACE,Tiny,$14 Tiny
1004,$D1DBC4,$1B989B,raw,3610779,$F7189B,True,LiveText_1004,,NOBILIA_CITY_PALACE,Tiny,$14 Tiny
1005,$D1DBC7,$1B98CD,raw,3610829,$F718CD,True,LiveText_1005,,NOBILIA_CITY_PALACE,Tiny,$14 Tiny
1006,$D1DBCA,$1B98F6,raw,3610870,$F718F6,True,LiveText_1006,,NOBILIA_CITY_PALACE,Tiny,$14 Tiny
1007,$D1DBCD,$1B990B,raw,3610891,$F7190B,True,LiveText_1007,,NOBILIA_CITY_PALACE,Boy,$04 Boy
1008,$D1DBD0,$1B991A,raw,3610906,$F7191A,True,LiveText_1008,,NOBILIA_CITY_PALACE,Tiny,$14 Tiny
1009,$D1DBD3,$1B9932,raw,3610930,$F71932,True,LiveText_1009,,NOBILIA_CITY_PALACE,Boy,$04 Boy
1010,$D1DBD6,$1B994E,raw,3610958,$F7194E,True,LiveText_1010,,NOBILIA_CITY_PALACE,Tiny,$14 Tiny
1011,$D1DBD9,$1B9974,raw,3610996,$F71974,True,LiveText_1011,,NOBILIA_CITY_PALACE,Boy,$04 Boy
1012,$D1DBDC,$1B999C,raw,3611036,$F7199C,True,LiveText_1012,,NOBILIA_CITY_PALACE,Boy,$04 Boy
1013,$D1DBDF,$1BBED0,raw,3620560,$F73ED0,True,LiveText_1013,,NOBILIA_CITY_PALACE,Boy,$04 Boy
1014,$D1DBE2,$1B9A98,raw,3611288,$F71A98,True,LiveText_1014,,NOBILIA_CITY_PALACE,Tiny,$14 Tiny
1015,$D1DBE5,$1B9AC0,raw,3611328,$F71AC0,True,LiveText_1015,,NOBILIA_CITY_PALACE,Tiny,$14 Tiny
1016,$D1DBE8,$1B9ADE,raw,3611358,$F71ADE,True,LiveText_1016,,NOBILIA_CITY_PALACE,Tiny,$14 Tiny
1017,$D1DBEB,$1B9B03,raw,3611395,$F71B03,True,LiveText_1017,,NOBILIA_CITY_PALACE,Boy,$04 Boy
1018,$D1DBEE,$1B9B27,raw,3611431,$F71B27,True,LiveText_1018,,NOBILIA_CITY_PALACE,Pompolonius,$13 Pompolonius / Showman
1019,$D1DBF1,$1B9B7B,raw,3611515,$F71B7B,True,LiveText_1019,,NOBILIA_CITY_PALACE,Boy,$04 Boy
1020,$D1DBF4,$1B9BE4,raw,3611620,$F71BE4,True,LiveText_1020,,NOBILIA_CITY_PALACE,Pompolonius,$13 Pompolonius / Showman
1021,$D1DBF7,$1B9BFB,raw,3611643,$F71BFB,True,LiveText_1021,,NOBILIA_CITY_PALACE,Pompolonius,$13 Pompolonius / Showman
1022,$D1DBFA,$1BBF20,raw,3620640,$F73F20,True,LiveText_1022,,NOBILIA_CITY_PALACE,Pompolonius,$13 Pompolonius / Showman
1023,$D1DBFD,$1BBFC0,raw,3620800,$F73FC0,True,LiveText_1023,,NOBILIA_CITY_PALACE,Pompolonius,$13 Pompolonius / Showman
1024,$D1DC00,$1B9CF0,raw,3611888,$F71CF0,True,LiveText_1024,,NOBILIA_CITY_PALACE,Boy,$04 Boy
1025,$D1DC03,$1B9DB5,raw,3612085,$F71DB5,True,LiveText_1025,,NOBILIA_CITY_PALACE,Narration/System,$02 Narration / System
1026,$D1DC06,$1B9DCD,raw,3612109,$F71DCD,True,LiveText_1026,,NOBILIA_CITY_PALACE,Narration/System,$02 Narration / System
1027,$D1DC09,$1B9DDE,raw,3612126,$F71DDE,True,LiveText_1027,,NOBILIA_CITY_PALACE,Narration/System,$02 Narration / System
1028,$D1DC0C,$1B9DF3,raw,3612147,$F71DF3,True,LiveText_1028,,NOBILIA_CITY_PALACE,Narration/System,$02 Narration / System
1029,$D1DC0F,$1B9E06,raw,3612166,$F71E06,True,LiveText_1029,,NOBILIA_CITY_PALACE,Narration/System,$02 Narration / System
1030,$D1DC12,$1B9E1D,raw,3612189,$F71E1D,True,LiveText_1030,,NOBILIA_CITY_PALACE,Narration/System,$02 Narration / System
1031,$D1DC15,$1B9E33,raw,3612211,$F71E33,True,LiveText_1031,,NOBILIA_CITY_PALACE,Narration/System,$02 Narration / System
1032,$D1DC18,$1B9E46,raw,3612230,$F71E46,True,LiveText_1032,,NOBILIA_CITY_PALACE,Narration/System,$02 Narration / System
1033,$D1DC1B,$1B9E57,raw,3612247,$F71E57,True,LiveText_1033,,NOBILIA_CITY_PALACE,Narration/System,$02 Narration / System
1034,$D1DC1E,$1B9E6B,raw,3612267,$F71E6B,True,LiveText_1034,,NOBILIA_CITY_PALACE,Narration/System,$02 Narration / System
1035,$D1DC21,$1B9E81,raw,3612289,$F71E81,True,LiveText_1035,,NOBILIA_CITY_PALACE,Narration/System,$02 Narration / System
1036,$D1DC24,$1B9E98,raw,3612312,$F71E98,True,LiveText_1036,,NOBILIA_CITY_PALACE,Narration/System,$02 Narration / System
1037,$D1DC27,$1A6589,raw,3433865,$F46589,True,LiveText_1037,,NOBILIA_CITY_PALACE,Pompolonius,$13 Pompolonius / Showman
1038,$D1DC2A,$1B9EC6,raw,3612358,$F71EC6,True,LiveText_1038,,NOBILIA_CITY_PALACE,Evil Horace,$11 Artificial Horace
1039,$D1DC2D,$1B9F2D,raw,3612461,$F71F2D,True,LiveText_1039,,NOBILIA_CITY_PALACE,Evil Horace,$11 Artificial Horace
1040,$D1DC30,$1B9F6D,raw,3612525,$F71F6D,True,LiveText_1040,,NOBILIA_CITY_PALACE,Pompolonius,$13 Pompolonius / Showman
1041,$D1DC33,$1B9F7F,raw,3612543,$F71F7F,True,LiveText_1041,,NOBILIA_CITY_PALACE,Pompolonius,$13 Pompolonius / Showman
1042,$D1DC36,$1B9FC9,raw,3612617,$F71FC9,True,LiveText_1042,,NOBILIA_CITY_PALACE,Evil Horace,$11 Artificial Horace
1043,$D1DC39,$1BA042,raw,3612738,$F72042,True,LiveText_1043,,NOBILIA_CITY_PALACE,Pompolonius,$13 Pompolonius / Showman
1044,$D1DC3C,$1BA065,raw,3612773,$F72065,True,LiveText_1044,,NOBILIA_CITY_PALACE,Carltron,$0B Carltron
1045,$D1DC3F,$1A65A5,raw,3433893,$F465A5,True,LiveText_1045,,NOBILIA_CITY_PALACE,Evil Horace,$11 Artificial Horace
1046,$D1DC42,$1BA109,raw,3612937,$F72109,True,LiveText_1046,,NOBILIA_CITY_PALACE,Carltron,$0B Carltron
1047,$D1DC45,$1BA191,raw,3613073,$F72191,True,LiveText_1047,,NOBILIA_CITY_PALACE,Evil Horace,$11 Artificial Horace
1048,$D1DC48,$1BA1DF,raw,3613151,$F721DF,True,LiveText_1048,,NOBILIA_CITY_PALACE,Evil Horace,$11 Artificial Horace
1049,$D1DC4B,$1BA276,raw,3613302,$F72276,True,LiveText_1049,,NOBILIA_CITY_PALACE,Carltron,$0B Carltron
1050,$D1DC4E,$1BA320,raw,3613472,$F72320,True,LiveText_1050,,NOBILIA_CITY_PALACE,Generic Antiqua NPC,$03 Generic NPC
1051,$D1DC51,$1BA373,raw,3613555,$F72373,True,LiveText_1051,,NOBILIA_CITY_PALACE,Boy,$04 Boy
1052,$D1DC54,$1BA3BE,raw,3613630,$F723BE,True,LiveText_1052,,NOBILIA_CITY_PALACE,Generic Antiqua NPC,$03 Generic NPC
1053,$D1DC57,$1BA3E0,raw,3613664,$F723E0,True,LiveText_1053,,NOBILIA_CITY_PALACE,Madronius,$03 Generic NPC
1054,$D1DC5A,$1BA40C,raw,3613708,$F7240C,True,LiveText_1054,,NOBILIA_CITY_PALACE,Madronius,$03 Generic NPC
1055,$D1DC5D,$1BA490,raw,3613840,$F72490,True,LiveText_1055,,NOBILIA_CITY_PALACE,Madronius,$03 Generic NPC
1056,$D1DC60,$1BA4F5,raw,3613941,$F724F5,True,LiveText_1056,,NOBILIA_CITY_PALACE,Madronius,$03 Generic NPC
1057,$D1DC63,$1BA560,raw,3614048,$F72560,True,LiveText_1057,,NOBILIA_CITY_PALACE,Boy,$04 Boy
1058,$D1DC66,$1BA58D,raw,3614093,$F7258D,True,LiveText_1058,,NOBILIA_CITY_PALACE,Boy,$04 Boy
1059,$D1DC69,$1BA5B3,raw,3614131,$F725B3,True,LiveText_1059,,NOBILIA_CITY_PALACE,Generic Antiqua NPC,$03 Generic NPC
1060,$D1DC6C,$1BA5EB,raw,3614187,$F725EB,True,LiveText_1060,,NOBILIA_CITY_PALACE,Narration/System,$02 Narration / System
1061,$D1DC6F,$1BA5FB,raw,3614203,$F725FB,True,LiveText_1061,,NOBILIA_CITY_PALACE,Guard / Authority,$03 Generic NPC
1062,$D1DC72,$1BA64B,raw,3614283,$F7264B,True,LiveText_1062,,NOBILIA_CITY_PALACE,Guard / Authority,$03 Generic NPC
1063,$D1DC75,$1BA694,raw,3614356,$F72694,True,LiveText_1063,,NOBILIA_CITY_PALACE,Guard / Authority,$03 Generic NPC
1064,$D1DC78,$1BA6D8,raw,3614424,$F726D8,True,LiveText_1064,,NOBILIA_CITY_PALACE,Guard / Authority,$03 Generic NPC
1065,$D1DC7B,$1BA6F5,raw,3614453,$F726F5,True,LiveText_1065,,NOBILIA_CITY_PALACE,Guard / Authority,$03 Generic NPC
1066,$D1DC7E,$1BA731,raw,3614513,$F72731,True,LiveText_1066,,NOBILIA_CITY_PALACE,Guard / Authority,$03 Generic NPC
1067,$D1DC81,$1BA78E,raw,3614606,$F7278E,True,LiveText_1067,,NOBILIA_CITY_PALACE,Guard / Authority,$03 Generic NPC
1068,$D1DC84,$1BA7B6,raw,3614646,$F727B6,True,LiveText_1068,,NOBILIA_CITY_PALACE,Guard / Authority,$03 Generic NPC
1069,$D1DC87,$1BA7E9,raw,3614697,$F727E9,True,LiveText_1069,,NOBILIA_CITY_PALACE,Guard / Authority,$03 Generic NPC
1070,$D1DC8A,$1BA83E,raw,3614782,$F7283E,True,LiveText_1070,,NOBILIA_CITY_PALACE,Guard / Authority,$03 Generic NPC
1071,$D1DC8D,$1BA892,raw,3614866,$F72892,True,LiveText_1071,,NOBILIA_CITY_PALACE,Guard / Authority,$03 Generic NPC
1072,$D1DC90,$1BA8BB,raw,3614907,$F728BB,True,LiveText_1072,,NOBILIA_CITY_PALACE,Guard / Authority,$03 Generic NPC
1073,$D1DC93,$1BA906,raw,3614982,$F72906,True,LiveText_1073,,NOBILIA_CITY_PALACE,Guard / Authority,$03 Generic NPC
1074,$D1DC96,$1BA953,raw,3615059,$F72953,True,LiveText_1074,,NOBILIA_CITY_PALACE,Guard / Authority,$03 Generic NPC
1075,$D1DC99,$1BA98C,raw,3615116,$F7298C,True,LiveText_1075,,NOBILIA_CITY_PALACE,Guard / Authority,$03 Generic NPC
1076,$D1DC9C,$1BA9CB,raw,3615179,$F729CB,True,LiveText_1076,,NOBILIA_CITY_PALACE,Guard / Authority,$03 Generic NPC
1077,$D1DC9F,$1BAA1F,raw,3615263,$F72A1F,True,LiveText_1077,,NOBILIA_CITY_PALACE,Guard / Authority,$03 Generic NPC
1078,$D1DCA2,$1BAA8C,raw,3615372,$F72A8C,True,LiveText_1078,,NOBILIA_CITY_PALACE,Guard / Authority,$03 Generic NPC
1079,$D1DCA5,$1BAC67,raw,3615847,$F72C67,True,LiveText_1079,,NOBILIA_CITY_PALACE,Guard / Authority,$03 Generic NPC
1080,$D1DCA8,$1BACB6,raw,3615926,$F72CB6,True,LiveText_1080,,NOBILIA_CITY_PALACE,Guard / Authority,$03 Generic NPC
1081,$D1DCAB,$1BAD03,raw,3616003,$F72D03,True,LiveText_1081,,NOBILIA_CITY_PALACE,Guard / Authority,$03 Generic NPC
1082,$D1DCAE,$1BAD98,raw,3616152,$F72D98,True,LiveText_1082,,NOBILIA_CITY_PALACE,Guard / Authority,$03 Generic NPC
1083,$D1DCB1,$1BAE07,raw,3616263,$F72E07,True,LiveText_1083,,NOBILIA_CITY_PALACE,Guard / Authority,$03 Generic NPC
1084,$D1DCB4,$1BAE70,raw,3616368,$F72E70,True,LiveText_1084,,NOBILIA_CITY_PALACE,Guard / Authority,$03 Generic NPC
1085,$D1DCB7,$1BAEBB,raw,3616443,$F72EBB,True,LiveText_1085,,NOBILIA_CITY_PALACE,Guard / Authority,$03 Generic NPC
1086,$D1DCBA,$1BAEDD,raw,3616477,$F72EDD,True,LiveText_1086,,NOBILIA_CITY_PALACE,Generic Antiqua NPC,$03 Generic NPC
1087,$D1DCBD,$1BAF34,raw,3616564,$F72F34,True,LiveText_1087,,NOBILIA_CITY_PALACE,Generic Antiqua NPC,$03 Generic NPC
1088,$D1DCC0,$1BAFC2,raw,3616706,$F72FC2,True,LiveText_1088,,NOBILIA_CITY_PALACE,Generic Antiqua NPC,$03 Generic NPC
1089,$D1DCC3,$1BB019,raw,3616793,$F73019,True,LiveText_1089,,NOBILIA_CITY_PALACE,Generic Antiqua NPC,$03 Generic NPC
1090,$D1DCC6,$1BB054,raw,3616852,$F73054,True,LiveText_1090,,NOBILIA_CITY_PALACE,Generic Antiqua NPC,$03 Generic NPC
1091,$D1DCC9,$1BB090,raw,3616912,$F73090,True,LiveText_1091,,NOBILIA_CITY_PALACE,Generic Antiqua NPC,$03 Generic NPC
1092,$D1DCCC,$1BB0F2,raw,3617010,$F730F2,True,LiveText_1092,,NOBILIA_CITY_PALACE,Generic Antiqua NPC,$03 Generic NPC
1093,$D1DCCF,$1BB13F,raw,3617087,$F7313F,True,LiveText_1093,,NOBILIA_CITY_PALACE,Generic Antiqua NPC,$03 Generic NPC
1094,$D1DCD2,$1BB18C,raw,3617164,$F7318C,True,LiveText_1094,,NOBILIA_CITY_PALACE,Generic Antiqua NPC,$03 Generic NPC
1095,$D1DCD5,$1BB1E6,raw,3617254,$F731E6,True,LiveText_1095,,NOBILIA_CITY_PALACE,Generic Antiqua NPC,$03 Generic NPC
1096,$D1DCD8,$1BB220,raw,3617312,$F73220,True,LiveText_1096,,NOBILIA_CITY_PALACE,Generic Antiqua NPC,$03 Generic NPC
1097,$D1DCDB,$1BB25E,raw,3617374,$F7325E,True,LiveText_1097,,NOBILIA_CITY_PALACE,Generic Antiqua NPC,$03 Generic NPC
1098,$D1DCDE,$1BB2C6,raw,3617478,$F732C6,True,LiveText_1098,,NOBILIA_CITY_PALACE,Generic Antiqua NPC,$03 Generic NPC
1099,$D1DCE1,$1BB324,raw,3617572,$F73324,True,LiveText_1099,,NOBILIA_CITY_PALACE,Generic Antiqua NPC,$03 Generic NPC
1100,$D1DCE4,$1BB374,raw,3617652,$F73374,True,LiveText_1100,,NOBILIA_CITY_PALACE,Generic Antiqua NPC,$03 Generic NPC
1101,$D1DCE7,$1BB406,raw,3617798,$F73406,True,LiveText_1101,,NOBILIA_CITY_PALACE,Generic Antiqua NPC,$03 Generic NPC
1102,$D1DCEA,$1BB46E,raw,3617902,$F7346E,True,LiveText_1102,,NOBILIA_CITY_PALACE,Generic Antiqua NPC,$03 Generic NPC
1103,$D1DCED,$1BB4A6,raw,3617958,$F734A6,True,LiveText_1103,,NOBILIA_CITY_PALACE,Generic Antiqua NPC,$03 Generic NPC
1104,$D1DCF0,$1BB4FA,raw,3618042,$F734FA,True,LiveText_1104,,NOBILIA_CITY_PALACE,Generic Antiqua NPC,$03 Generic NPC
1105,$D1DCF3,$1BB54A,raw,3618122,$F7354A,True,LiveText_1105,,NOBILIA_CITY_PALACE,Generic Antiqua NPC,$03 Generic NPC
1106,$D1DCF6,$1BB586,raw,3618182,$F73586,True,LiveText_1106,,NOBILIA_CITY_PALACE,Generic Antiqua NPC,$03 Generic NPC
1107,$D1DCF9,$1BB5E5,raw,3618277,$F735E5,True,LiveText_1107,,NOBILIA_CITY_PALACE,Generic Antiqua NPC,$03 Generic NPC
1108,$D1DCFC,$1BB673,raw,3618419,$F73673,True,LiveText_1108,,NOBILIA_CITY_PALACE,Generic Antiqua NPC,$03 Generic NPC
1109,$D1DCFF,$1BB6F6,raw,3618550,$F736F6,True,LiveText_1109,,NOBILIA_CITY_PALACE,Generic Antiqua NPC,$03 Generic NPC
1110,$D1DD02,$1BB76A,raw,3618666,$F7376A,True,LiveText_1110,,NOBILIA_CITY_PALACE,Generic Antiqua NPC,$03 Generic NPC
1111,$D1DD05,$1BB7B9,raw,3618745,$F737B9,True,LiveText_1111,,NOBILIA_CITY_PALACE,Generic Antiqua NPC,$03 Generic NPC
1112,$D1DD08,$1BB813,raw,3618835,$F73813,True,LiveText_1112,,NOBILIA_CITY_PALACE,Generic Antiqua NPC,$03 Generic NPC
1113,$D1DD0B,$1BB87D,raw,3618941,$F7387D,True,LiveText_1113,,NOBILIA_CITY_PALACE,Generic Antiqua NPC,$03 Generic NPC
1114,$D1DD0E,$1BB8C6,raw,3619014,$F738C6,True,LiveText_1114,,NOBILIA_CITY_PALACE,Generic Antiqua NPC,$03 Generic NPC
1115,$D1DD11,$1BB934,raw,3619124,$F73934,True,LiveText_1115,,NOBILIA_CITY_PALACE,Pompolonius,$13 Pompolonius / Showman
1116,$D1DD14,$1BB963,raw,3619171,$F73963,True,LiveText_1116,,NOBILIA_CITY_PALACE,Pompolonius,$13 Pompolonius / Showman
1117,$D1DD17,$1BB9FC,raw,3619324,$F739FC,True,LiveText_1117,,NOBILIA_CITY_PALACE,Pompolonius,$13 Pompolonius / Showman
1118,$D1DD1A,$1BBA3B,raw,3619387,$F73A3B,True,LiveText_1118,,NOBILIA_CITY_PALACE,Boy,$04 Boy
1119,$D1DD1D,$1BBA43,raw,3619395,$F73A43,True,LiveText_1119,,NOBILIA_CITY_PALACE,Boy,$04 Boy
1120,$D1DD20,$1BBA52,raw,3619410,$F73A52,True,LiveText_1120,,NOBILIA_CITY_PALACE,Boy,$04 Boy
1121,$D1DD23,$1BBA6C,raw,3619436,$F73A6C,True,LiveText_1121,,NOBILIA_CITY_PALACE,Boy,$04 Boy
1122,$D1DD26,$1BBA7C,raw,3619452,$F73A7C,True,LiveText_1122,,NOBILIA_CITY_PALACE,Pompolonius,$13 Pompolonius / Showman
1123,$D1DD29,$1BBACB,raw,3619531,$F73ACB,True,LiveText_1123,,NOBILIA_CITY_PALACE,Tiny,$14 Tiny
1124,$D1DD2C,$1BBADB,raw,3619547,$F73ADB,True,LiveText_1124,,NOBILIA_CITY_PALACE,Tiny,$14 Tiny
1125,$D1DD2F,$1BBAF3,raw,3619571,$F73AF3,True,LiveText_1125,,NOBILIA_CITY_PALACE,Generic Antiqua NPC,$03 Generic NPC
1126,$D1DD32,$1BBB26,raw,3619622,$F73B26,True,LiveText_1126,,NOBILIA_CITY_PALACE,Generic Antiqua NPC,$03 Generic NPC
1127,$D1DD35,$1BBB76,raw,3619702,$F73B76,True,LiveText_1127,,NOBILIA_CITY_PALACE,Generic Antiqua NPC,$03 Generic NPC
1128,$D1DD38,$1BBBC6,raw,3619782,$F73BC6,True,LiveText_1128,,NOBILIA_CITY_PALACE,Boy,$04 Boy
1129,$D1DD3B,$1BBBDF,raw,3619807,$F73BDF,True,LiveText_1129,,NOBILIA_CITY_PALACE,Horace Highwater,$0E Horace Highwater
1130,$D1DD3E,$1BBC18,raw,3619864,$F73C18,True,LiveText_1130,,NOBILIA_CITY_PALACE,Boy,$04 Boy
1131,$D1DD41,$1BBC4F,raw,3619919,$F73C4F,True,LiveText_1131,,NOBILIA_CITY_PALACE,Horace Highwater,$0E Horace Highwater
1132,$D1DD44,$1BBC85,raw,3619973,$F73C85,True,LiveText_1132,,NOBILIA_CITY_PALACE,Boy,$04 Boy
1133,$D1DD47,$1BBCF3,raw,3620083,$F73CF3,True,LiveText_1133,,NOBILIA_CITY_PALACE,Madronius,$03 Generic NPC
1134,$D1DD4A,$1BBD2F,raw,3620143,$F73D2F,True,LiveText_1134,,NOBILIA_CITY_PALACE,Horace Highwater,$0E Horace Highwater
1135,$D1DD4D,$1BBD65,raw,3620197,$F73D65,True,LiveText_1135,,NOBILIA_CITY_PALACE,Horace Highwater,$0E Horace Highwater
1136,$D1DD50,$1BBDA7,raw,3620263,$F73DA7,True,LiveText_1136,,NOBILIA_CITY_PALACE,Madronius,$03 Generic NPC
1137,$D1DD53,$1A6610,raw,3434000,$F46610,True,LiveText_1137,,NOBILIA_CITY_PALACE,Madronius,$03 Generic NPC
1138,$D1DD56,$1BBDF3,raw,3620339,$F73DF3,True,LiveText_1138,,NOBILIA_CITY_PALACE,Generic Antiqua NPC,$03 Generic NPC
1139,$D1DD59,$1BBE1F,raw,3620383,$F73E1F,True,LiveText_1139,,NOBILIA_CITY_PALACE,Generic Antiqua NPC,$03 Generic NPC
1140,$D1DD5C,$1A0400,raw,3408896,$F40400,True,LiveText_1140,,NOBILIA_MARKET,Generic Antiqua NPC,$03 Generic NPC
1141,$D1DD5F,$1A0431,raw,3408945,$F40431,True,LiveText_1141,,NOBILIA_MARKET,Generic Antiqua NPC,$03 Generic NPC
1142,$D1DD62,$1A0457,raw,3408983,$F40457,True,LiveText_1142,,NOBILIA_MARKET,Generic Antiqua NPC,$03 Generic NPC
1143,$D1DD65,$1A0494,raw,3409044,$F40494,True,LiveText_1143,,NOBILIA_MARKET,Merchant / Trader,$03 Generic NPC
1144,$D1DD68,$1A04E6,raw,3409126,$F404E6,True,LiveText_1144,,NOBILIA_MARKET,Merchant / Trader,$03 Generic NPC
1145,$D1DD6B,$1A0594,raw,3409300,$F40594,True,LiveText_1145,,NOBILIA_MARKET,Atlas alchemist,$03 Generic NPC
1146,$D1DD6E,$1A05D1,raw,3409361,$F405D1,True,LiveText_1146,,NOBILIA_MARKET,Atlas alchemist,$03 Generic NPC
1147,$D1DD71,$1A05F6,raw,3409398,$F405F6,True,LiveText_1147,,NOBILIA_MARKET,Atlas alchemist,$03 Generic NPC
1148,$D1DD74,$1A0645,raw,3409477,$F40645,True,LiveText_1148,,NOBILIA_MARKET,Atlas alchemist,$03 Generic NPC
1149,$D1DD77,$1A065F,raw,3409503,$F4065F,True,LiveText_1149,,NOBILIA_MARKET,Atlas alchemist,$03 Generic NPC
1150,$D1DD7A,$1A0699,raw,3409561,$F40699,True,LiveText_1150,,NOBILIA_MARKET,Atlas alchemist,$03 Generic NPC
1151,$D1DD7D,$1A06ED,raw,3409645,$F406ED,True,LiveText_1151,,NOBILIA_MARKET,Atlas alchemist,$03 Generic NPC
1152,$D1DD80,$1A0742,raw,3409730,$F40742,True,LiveText_1152,,NOBILIA_MARKET,Atlas alchemist,$03 Generic NPC
1153,$D1DD83,$1A078A,raw,3409802,$F4078A,True,LiveText_1153,,NOBILIA_MARKET,Atlas alchemist,$03 Generic NPC
1154,$D1DD86,$1A07A8,raw,3409832,$F407A8,True,LiveText_1154,,NOBILIA_MARKET,Atlas alchemist,$03 Generic NPC
1155,$D1DD89,$1A07E4,raw,3409892,$F407E4,True,LiveText_1155,,NOBILIA_MARKET,Atlas alchemist,$03 Generic NPC
1156,$D1DD8C,$1A07F1,raw,3409905,$F407F1,True,LiveText_1156,,NOBILIA_MARKET,Merchant / Trader,$03 Generic NPC
1157,$D1DD8F,$1A0837,raw,3409975,$F40837,True,LiveText_1157,,NOBILIA_MARKET,Merchant / Trader,$03 Generic NPC
1158,$D1DD92,$1A088D,raw,3410061,$F4088D,True,LiveText_1158,,NOBILIA_MARKET,Merchant / Trader,$03 Generic NPC
1159,$D1DD95,$1A08DB,raw,3410139,$F408DB,True,LiveText_1159,,NOBILIA_MARKET,Merchant / Trader,$03 Generic NPC
1160,$D1DD98,$1A0933,raw,3410227,$F40933,True,LiveText_1160,,NOBILIA_MARKET,Merchant / Trader,$03 Generic NPC
1161,$D1DD9B,$1A0982,raw,3410306,$F40982,True,LiveText_1161,,NOBILIA_MARKET,Merchant / Trader,$03 Generic NPC
1162,$D1DD9E,$1A09D1,raw,3410385,$F409D1,True,LiveText_1162,,NOBILIA_MARKET,Merchant / Trader,$03 Generic NPC
1163,$D1DDA1,$1A09FB,raw,3410427,$F409FB,True,LiveText_1163,,NOBILIA_MARKET,Merchant / Trader,$03 Generic NPC
1164,$D1DDA4,$1A0A1C,raw,3410460,$F40A1C,True,LiveText_1164,,NOBILIA_MARKET,Merchant / Trader,$03 Generic NPC
1165,$D1DDA7,$1A0A33,raw,3410483,$F40A33,True,LiveText_1165,,NOBILIA_MARKET,Merchant / Trader,$03 Generic NPC
1166,$D1DDAA,$1A0A50,raw,3410512,$F40A50,True,LiveText_1166,,NOBILIA_MARKET,Merchant / Trader,$03 Generic NPC
1167,$D1DDAD,$1A0A6E,raw,3410542,$F40A6E,True,LiveText_1167,,NOBILIA_MARKET,Merchant / Trader,$03 Generic NPC
1168,$D1DDB0,$1A0A9C,raw,3410588,$F40A9C,True,LiveText_1168,,NOBILIA_MARKET,Merchant / Trader,$03 Generic NPC
1169,$D1DDB3,$1A0AD0,raw,3410640,$F40AD0,True,LiveText_1169,,NOBILIA_MARKET,Merchant / Trader,$03 Generic NPC
1170,$D1DDB6,$1A0AE7,raw,3410663,$F40AE7,True,LiveText_1170,,NOBILIA_MARKET,Merchant / Trader,$03 Generic NPC
1171,$D1DDB9,$1A0B19,raw,3410713,$F40B19,True,LiveText_1171,,NOBILIA_MARKET,Merchant / Trader,$03 Generic NPC
1172,$D1DDBC,$1A0B81,raw,3410817,$F40B81,True,LiveText_1172,,NOBILIA_MARKET,Merchant / Trader,$03 Generic NPC
1173,$D1DDBF,$1A0BD6,raw,3410902,$F40BD6,True,LiveText_1173,,NOBILIA_MARKET,Merchant / Trader,$03 Generic NPC
1174,$D1DDC2,$1A0C0B,raw,3410955,$F40C0B,True,LiveText_1174,,NOBILIA_MARKET,Merchant / Trader,$03 Generic NPC
1175,$D1DDC5,$1A0C4E,raw,3411022,$F40C4E,True,LiveText_1175,,NOBILIA_MARKET,Merchant / Trader,$03 Generic NPC
1176,$D1DDC8,$1A0CE6,raw,3411174,$F40CE6,True,LiveText_1176,,NOBILIA_MARKET,Merchant / Trader,$03 Generic NPC
1177,$D1DDCB,$1A0D1C,raw,3411228,$F40D1C,True,LiveText_1177,,NOBILIA_MARKET,Merchant / Trader,$03 Generic NPC
1178,$D1DDCE,$1A0D44,raw,3411268,$F40D44,True,LiveText_1178,,NOBILIA_MARKET,Merchant / Trader,$03 Generic NPC
1179,$D1DDD1,$1A0D66,raw,3411302,$F40D66,True,LiveText_1179,,NOBILIA_MARKET,Merchant / Trader,$03 Generic NPC
1180,$D1DDD4,$1A0D88,raw,3411336,$F40D88,True,LiveText_1180,,NOBILIA_MARKET,Merchant / Trader,$03 Generic NPC
1181,$D1DDD7,$1A0DB6,raw,3411382,$F40DB6,True,LiveText_1181,,NOBILIA_MARKET,Merchant / Trader,$03 Generic NPC
1182,$D1DDDA,$1A0DF5,raw,3411445,$F40DF5,True,LiveText_1182,,NOBILIA_MARKET,Merchant / Trader,$03 Generic NPC
1183,$D1DDDD,$1A0E1C,raw,3411484,$F40E1C,True,LiveText_1183,,NOBILIA_MARKET,Merchant / Trader,$03 Generic NPC
1184,$D1DDE0,$1A4330,raw,3425072,$F44330,True,LiveText_1184,,NOBILIA_MARKET,Merchant / Trader,$03 Generic NPC
1185,$D1DDE3,$1A0E86,raw,3411590,$F40E86,True,LiveText_1185,,NOBILIA_MARKET,Merchant / Trader,$03 Generic NPC
1186,$D1DDE6,$1A0EC2,raw,3411650,$F40EC2,True,LiveText_1186,,NOBILIA_MARKET,Merchant / Trader,$03 Generic NPC
1187,$D1DDE9,$1A0ED2,raw,3411666,$F40ED2,True,LiveText_1187,,NOBILIA_MARKET,Merchant / Trader,$03 Generic NPC
1188,$D1DDEC,$1A0EE0,raw,3411680,$F40EE0,True,LiveText_1188,,NOBILIA_MARKET,Cure alchemist,$03 Generic NPC
1189,$D1DDEF,$1A0F6B,raw,3411819,$F40F6B,True,LiveText_1189,,NOBILIA_MARKET,Cure alchemist,$03 Generic NPC
1190,$D1DDF2,$1A0F7B,raw,3411835,$F40F7B,True,LiveText_1190,,NOBILIA_MARKET,Cure alchemist,$03 Generic NPC
1191,$D1DDF5,$1A0FB5,raw,3411893,$F40FB5,True,LiveText_1191,,NOBILIA_MARKET,Merchant / Trader,$03 Generic NPC
1192,$D1DDF8,$1A0FF7,raw,3411959,$F40FF7,True,LiveText_1192,,NOBILIA_MARKET,Merchant / Trader,$03 Generic NPC
1193,$D1DDFB,$1A1019,raw,3411993,$F41019,True,LiveText_1193,,NOBILIA_MARKET,Merchant / Trader,$03 Generic NPC
1194,$D1DDFE,$1A103D,raw,3412029,$F4103D,True,LiveText_1194,,NOBILIA_MARKET,Merchant / Trader,$03 Generic NPC
1195,$D1DE01,$1A1061,raw,3412065,$F41061,True,LiveText_1195,,NOBILIA_MARKET,Merchant / Trader,$03 Generic NPC
1196,$D1DE04,$1A110D,raw,3412237,$F4110D,True,LiveText_1196,,NOBILIA_MARKET,Merchant / Trader,$03 Generic NPC
1197,$D1DE07,$1A115D,raw,3412317,$F4115D,True,LiveText_1197,,NOBILIA_MARKET,Merchant / Trader,$03 Generic NPC
1198,$D1DE0A,$1A1199,raw,3412377,$F41199,True,LiveText_1198,,NOBILIA_MARKET,Merchant / Trader,$03 Generic NPC
1199,$D1DE0D,$1A11BE,raw,3412414,$F411BE,True,LiveText_1199,,NOBILIA_MARKET,Merchant / Trader,$03 Generic NPC
1200,$D1DE10,$1A1223,raw,3412515,$F41223,True,LiveText_1200,,NOBILIA_MARKET,Merchant / Trader,$03 Generic NPC
1201,$D1DE13,$1A1234,raw,3412532,$F41234,True,LiveText_1201,,NOBILIA_MARKET,Merchant / Trader,$03 Generic NPC
1202,$D1DE16,$1A1273,raw,3412595,$F41273,True,LiveText_1202,,NOBILIA_MARKET,Merchant / Trader,$03 Generic NPC
1203,$D1DE19,$1A1297,raw,3412631,$F41297,True,LiveText_1203,,NOBILIA_MARKET,Merchant / Trader,$03 Generic NPC
1204,$D1DE1C,$1A12BC,raw,3412668,$F412BC,True,LiveText_1204,,NOBILIA_MARKET,Merchant / Trader,$03 Generic NPC
1205,$D1DE1F,$1A1306,raw,3412742,$F41306,True,LiveText_1205,,NOBILIA_MARKET,Merchant / Trader,$03 Generic NPC
1206,$D1DE22,$1A1385,raw,3412869,$F41385,True,LiveText_1206,,NOBILIA_MARKET,Merchant / Trader,$03 Generic NPC
1207,$D1DE25,$1A13E9,raw,3412969,$F413E9,True,LiveText_1207,,NOBILIA_MARKET,Merchant / Trader,$03 Generic NPC
1208,$D1DE28,$1A1421,raw,3413025,$F41421,True,LiveText_1208,,NOBILIA_MARKET,Merchant / Trader,$03 Generic NPC
1209,$D1DE2B,$1A1462,raw,3413090,$F41462,True,LiveText_1209,,NOBILIA_MARKET,Merchant / Trader,$03 Generic NPC
1210,$D1DE2E,$1A1486,raw,3413126,$F41486,True,LiveText_1210,,NOBILIA_MARKET,Merchant / Trader,$03 Generic NPC
1211,$D1DE31,$1A14E0,raw,3413216,$F414E0,True,LiveText_1211,,NOBILIA_MARKET,Merchant / Trader,$03 Generic NPC
1212,$D1DE34,$1A1526,raw,3413286,$F41526,True,LiveText_1212,,NOBILIA_MARKET,Merchant / Trader,$03 Generic NPC
1213,$D1DE37,$1A15AE,raw,3413422,$F415AE,True,LiveText_1213,,NOBILIA_MARKET,Merchant / Trader,$03 Generic NPC
1214,$D1DE3A,$1A15DB,raw,3413467,$F415DB,True,LiveText_1214,,NOBILIA_MARKET,Merchant / Trader,$03 Generic NPC
1215,$D1DE3D,$1A15FA,raw,3413498,$F415FA,True,LiveText_1215,,NOBILIA_MARKET,Merchant / Trader,$03 Generic NPC
1216,$D1DE40,$1A1622,raw,3413538,$F41622,True,LiveText_1216,,NOBILIA_MARKET,Merchant / Trader,$03 Generic NPC
1217,$D1DE43,$1A1658,raw,3413592,$F41658,True,LiveText_1217,,NOBILIA_MARKET,Narration/System,$02 Narration / System
1218,$D1DE46,$1A166F,raw,3413615,$F4166F,True,LiveText_1218,,NOBILIA_MARKET,Narration/System,$02 Narration / System
1219,$D1DE49,$1A167F,raw,3413631,$F4167F,True,LiveText_1219,,NOBILIA_MARKET,Narration/System,$02 Narration / System
1220,$D1DE4C,$1A1690,raw,3413648,$F41690,True,LiveText_1220,,NOBILIA_MARKET,Narration/System,$02 Narration / System
1221,$D1DE4F,$1A16A1,raw,3413665,$F416A1,True,LiveText_1221,,NOBILIA_MARKET,Merchant / Trader,$03 Generic NPC
1222,$D1DE52,$1A1780,raw,3413888,$F41780,True,LiveText_1222,,NOBILIA_MARKET,Merchant / Trader,$03 Generic NPC
1223,$D1DE55,$1A17C1,raw,3413953,$F417C1,True,LiveText_1223,,NOBILIA_MARKET,Merchant / Trader,$03 Generic NPC
1224,$D1DE58,$1A17ED,raw,3413997,$F417ED,True,LiveText_1224,,NOBILIA_MARKET,Merchant / Trader,$03 Generic NPC
1225,$D1DE5B,$1A1819,raw,3414041,$F41819,True,LiveText_1225,,NOBILIA_MARKET,Merchant / Trader,$03 Generic NPC
1226,$D1DE5E,$1A1869,raw,3414121,$F41869,True,LiveText_1226,,NOBILIA_MARKET,Merchant / Trader,$03 Generic NPC
1227,$D1DE61,$1A18A1,raw,3414177,$F418A1,True,LiveText_1227,,NOBILIA_MARKET,Merchant / Trader,$03 Generic NPC
1228,$D1DE64,$1A191C,raw,3414300,$F4191C,True,LiveText_1228,,NOBILIA_MARKET,Merchant / Trader,$03 Generic NPC
1229,$D1DE67,$1A196B,raw,3414379,$F4196B,True,LiveText_1229,,NOBILIA_MARKET,Merchant / Trader,$03 Generic NPC
1230,$D1DE6A,$1A19B6,raw,3414454,$F419B6,True,LiveText_1230,,NOBILIA_MARKET,Merchant / Trader,$03 Generic NPC
1231,$D1DE6D,$1A19FD,raw,3414525,$F419FD,True,LiveText_1231,,NOBILIA_MARKET,Merchant / Trader,$03 Generic NPC
1232,$D1DE70,$1A1A49,raw,3414601,$F41A49,True,LiveText_1232,,NOBILIA_MARKET,Merchant / Trader,$03 Generic NPC
1233,$D1DE73,$1A1A5F,raw,3414623,$F41A5F,True,LiveText_1233,,NOBILIA_MARKET,Merchant / Trader,$03 Generic NPC
1234,$D1DE76,$1A1AAC,raw,3414700,$F41AAC,True,LiveText_1234,,NOBILIA_MARKET,Merchant / Trader,$03 Generic NPC
1235,$D1DE79,$1A1AC8,raw,3414728,$F41AC8,True,LiveText_1235,,NOBILIA_MARKET,Merchant / Trader,$03 Generic NPC
1236,$D1DE7C,$1A1AE4,raw,3414756,$F41AE4,True,LiveText_1236,,NOBILIA_MARKET,Merchant / Trader,$03 Generic NPC
1237,$D1DE7F,$1A4380,raw,3425152,$F44380,True,LiveText_1237,,NOBILIA_MARKET,Merchant / Trader,$03 Generic NPC
1238,$D1DE82,$1A1C06,raw,3415046,$F41C06,True,LiveText_1238,,NOBILIA_MARKET,Merchant / Trader,$03 Generic NPC
1239,$D1DE85,$1A1C2A,raw,3415082,$F41C2A,True,LiveText_1239,,NOBILIA_MARKET,Merchant / Trader,$03 Generic NPC
1240,$D1DE88,$1A1C61,raw,3415137,$F41C61,True,LiveText_1240,,NOBILIA_MARKET,Merchant / Trader,$03 Generic NPC
1241,$D1DE8B,$1A1CE9,raw,3415273,$F41CE9,True,LiveText_1241,,NOBILIA_MARKET,Merchant / Trader,$03 Generic NPC
1242,$D1DE8E,$1A1D0D,raw,3415309,$F41D0D,True,LiveText_1242,,NOBILIA_MARKET,Merchant / Trader,$03 Generic NPC
1243,$D1DE91,$1A1D47,raw,3415367,$F41D47,True,LiveText_1243,,NOBILIA_MARKET,Merchant / Trader,$03 Generic NPC
1244,$D1DE94,$1A1D8F,raw,3415439,$F41D8F,True,LiveText_1244,,NOBILIA_MARKET,Merchant / Trader,$03 Generic NPC
1245,$D1DE97,$1A1DB4,raw,3415476,$F41DB4,True,LiveText_1245,,NOBILIA_MARKET,Merchant / Trader,$03 Generic NPC
1246,$D1DE9A,$1A1DCD,raw,3415501,$F41DCD,True,LiveText_1246,,NOBILIA_MARKET,Merchant / Trader,$03 Generic NPC
1247,$D1DE9D,$1A1E15,raw,3415573,$F41E15,True,LiveText_1247,,NOBILIA_MARKET,Merchant / Trader,$03 Generic NPC
1248,$D1DEA0,$1A1E3A,raw,3415610,$F41E3A,True,LiveText_1248,,NOBILIA_MARKET,Merchant / Trader,$03 Generic NPC
1249,$D1DEA3,$1A1E53,raw,3415635,$F41E53,True,LiveText_1249,,NOBILIA_MARKET,Merchant / Trader,$03 Generic NPC
1250,$D1DEA6,$1A1EFC,raw,3415804,$F41EFC,True,LiveText_1250,,NOBILIA_MARKET,Merchant / Trader,$03 Generic NPC
1251,$D1DEA9,$1A1F1E,raw,3415838,$F41F1E,True,LiveText_1251,,NOBILIA_MARKET,Merchant / Trader,$03 Generic NPC
1252,$D1DEAC,$1A1F59,raw,3415897,$F41F59,True,LiveText_1252,,NOBILIA_MARKET,Merchant / Trader,$03 Generic NPC
1253,$D1DEAF,$1A1FD3,raw,3416019,$F41FD3,True,LiveText_1253,,NOBILIA_MARKET,Merchant / Trader,$03 Generic NPC
1254,$D1DEB2,$1A1FEC,raw,3416044,$F41FEC,True,LiveText_1254,,NOBILIA_MARKET,Merchant / Trader,$03 Generic NPC
1255,$D1DEB5,$1A2010,raw,3416080,$F42010,True,LiveText_1255,,NOBILIA_MARKET,Merchant / Trader,$03 Generic NPC
1256,$D1DEB8,$1A2034,raw,3416116,$F42034,True,LiveText_1256,,NOBILIA_MARKET,Merchant / Trader,$03 Generic NPC
1257,$D1DEBB,$1A2073,raw,3416179,$F42073,True,LiveText_1257,,NOBILIA_MARKET,Merchant / Trader,$03 Generic NPC
1258,$D1DEBE,$1A2115,raw,3416341,$F42115,True,LiveText_1258,,NOBILIA_MARKET,Merchant / Trader,$03 Generic NPC
1259,$D1DEC1,$1A2130,raw,3416368,$F42130,True,LiveText_1259,,NOBILIA_MARKET,Merchant / Trader,$03 Generic NPC
1260,$D1DEC4,$1A2155,raw,3416405,$F42155,True,LiveText_1260,,NOBILIA_MARKET,Merchant / Trader,$03 Generic NPC
1261,$D1DEC7,$1A217A,raw,3416442,$F4217A,True,LiveText_1261,,NOBILIA_MARKET,Merchant / Trader,$03 Generic NPC
1262,$D1DECA,$1A2244,raw,3416644,$F42244,True,LiveText_1262,,NOBILIA_MARKET,Merchant / Trader,$03 Generic NPC
1263,$D1DECD,$1A226F,raw,3416687,$F4226F,True,LiveText_1263,,NOBILIA_MARKET,Merchant / Trader,$03 Generic NPC
1264,$D1DED0,$1A228B,raw,3416715,$F4228B,True,LiveText_1264,,NOBILIA_MARKET,Merchant / Trader,$03 Generic NPC
1265,$D1DED3,$1A230F,raw,3416847,$F4230F,True,LiveText_1265,,NOBILIA_MARKET,Merchant / Trader,$03 Generic NPC
1266,$D1DED6,$1A2337,raw,3416887,$F42337,True,LiveText_1266,,NOBILIA_MARKET,Merchant / Trader,$03 Generic NPC
1267,$D1DED9,$1A235C,raw,3416924,$F4235C,True,LiveText_1267,,NOBILIA_MARKET,Merchant / Trader,$03 Generic NPC
1268,$D1DEDC,$1A23E1,raw,3417057,$F423E1,True,LiveText_1268,,NOBILIA_MARKET,Merchant / Trader,$03 Generic NPC
1269,$D1DEDF,$1A2419,raw,3417113,$F42419,True,LiveText_1269,,NOBILIA_MARKET,Merchant / Trader,$03 Generic NPC
1270,$D1DEE2,$1A2441,raw,3417153,$F42441,True,LiveText_1270,,NOBILIA_MARKET,Merchant / Trader,$03 Generic NPC
1271,$D1DEE5,$1A2466,raw,3417190,$F42466,True,LiveText_1271,,NOBILIA_MARKET,Merchant / Trader,$03 Generic NPC
1272,$D1DEE8,$1A2488,raw,3417224,$F42488,True,LiveText_1272,,NOBILIA_MARKET,Merchant / Trader,$03 Generic NPC
1273,$D1DEEB,$1A24BD,raw,3417277,$F424BD,True,LiveText_1273,,NOBILIA_MARKET,Merchant / Trader,$03 Generic NPC
1274,$D1DEEE,$1A24F5,raw,3417333,$F424F5,True,LiveText_1274,,NOBILIA_MARKET,Merchant / Trader,$03 Generic NPC
1275,$D1DEF1,$1A2569,raw,3417449,$F42569,True,LiveText_1275,,NOBILIA_MARKET,Merchant / Trader,$03 Generic NPC
1276,$D1DEF4,$1A2592,raw,3417490,$F42592,True,LiveText_1276,,NOBILIA_MARKET,Merchant / Trader,$03 Generic NPC
1277,$D1DEF7,$1A25AE,raw,3417518,$F425AE,True,LiveText_1277,,NOBILIA_MARKET,Merchant / Trader,$03 Generic NPC
1278,$D1DEFA,$1A25E0,raw,3417568,$F425E0,True,LiveText_1278,,NOBILIA_MARKET,Merchant / Trader,$03 Generic NPC
1279,$D1DEFD,$1A2634,raw,3417652,$F42634,True,LiveText_1279,,NOBILIA_MARKET,Merchant / Trader,$03 Generic NPC
1280,$D1DF00,$1A26A6,raw,3417766,$F426A6,True,LiveText_1280,,NOBILIA_MARKET,Merchant / Trader,$03 Generic NPC
1281,$D1DF03,$1A2717,raw,3417879,$F42717,True,LiveText_1281,,NOBILIA_MARKET,Merchant / Trader,$03 Generic NPC
1282,$D1DF06,$1A2733,raw,3417907,$F42733,True,LiveText_1282,,NOBILIA_MARKET,Merchant / Trader,$03 Generic NPC
1283,$D1DF09,$1A275F,raw,3417951,$F4275F,True,LiveText_1283,,NOBILIA_MARKET,Merchant / Trader,$03 Generic NPC
1284,$D1DF0C,$1A2787,raw,3417991,$F42787,True,LiveText_1284,,NOBILIA_MARKET,Merchant / Trader,$03 Generic NPC
1285,$D1DF0F,$1A27D1,raw,3418065,$F427D1,True,LiveText_1285,,NOBILIA_MARKET,Merchant / Trader,$03 Generic NPC
1286,$D1DF12,$1A2894,raw,3418260,$F42894,True,LiveText_1286,,NOBILIA_MARKET,Merchant / Trader,$03 Generic NPC
1287,$D1DF15,$1A28BB,raw,3418299,$F428BB,True,LiveText_1287,,NOBILIA_MARKET,Merchant / Trader,$03 Generic NPC
1288,$D1DF18,$1A28FD,raw,3418365,$F428FD,True,LiveText_1288,,NOBILIA_MARKET,Merchant / Trader,$03 Generic NPC
1289,$D1DF1B,$1A2922,raw,3418402,$F42922,True,LiveText_1289,,NOBILIA_MARKET,Merchant / Trader,$03 Generic NPC
1290,$D1DF1E,$1A293B,raw,3418427,$F4293B,True,LiveText_1290,,NOBILIA_MARKET,Merchant / Trader,$03 Generic NPC
1291,$D1DF21,$1A298D,raw,3418509,$F4298D,True,LiveText_1291,,NOBILIA_MARKET,Merchant / Trader,$03 Generic NPC
1292,$D1DF24,$1A29B2,raw,3418546,$F429B2,True,LiveText_1292,,NOBILIA_MARKET,Merchant / Trader,$03 Generic NPC
1293,$D1DF27,$1A29CA,raw,3418570,$F429CA,True,LiveText_1293,,NOBILIA_MARKET,Merchant / Trader,$03 Generic NPC
1294,$D1DF2A,$1A2A84,raw,3418756,$F42A84,True,LiveText_1294,,NOBILIA_MARKET,Merchant / Trader,$03 Generic NPC
1295,$D1DF2D,$1A2AD2,raw,3418834,$F42AD2,True,LiveText_1295,,NOBILIA_MARKET,Merchant / Trader,$03 Generic NPC
1296,$D1DF30,$1A2AF4,raw,3418868,$F42AF4,True,LiveText_1296,,NOBILIA_MARKET,Merchant / Trader,$03 Generic NPC
1297,$D1DF33,$1A2B2C,raw,3418924,$F42B2C,True,LiveText_1297,,NOBILIA_MARKET,Merchant / Trader,$03 Generic NPC
1298,$D1DF36,$1A2B5F,raw,3418975,$F42B5F,True,LiveText_1298,,NOBILIA_MARKET,Merchant / Trader,$03 Generic NPC
1299,$D1DF39,$1A2BA5,raw,3419045,$F42BA5,True,LiveText_1299,,NOBILIA_MARKET,Merchant / Trader,$03 Generic NPC
1300,$D1DF3C,$1A2BFB,raw,3419131,$F42BFB,True,LiveText_1300,,NOBILIA_MARKET,Merchant / Trader,$03 Generic NPC
1301,$D1DF3F,$1A2CD3,raw,3419347,$F42CD3,True,LiveText_1301,,NOBILIA_MARKET,Merchant / Trader,$03 Generic NPC
1302,$D1DF42,$1A2CEB,raw,3419371,$F42CEB,True,LiveText_1302,,NOBILIA_MARKET,Merchant / Trader,$03 Generic NPC
1303,$D1DF45,$1A2D91,raw,3419537,$F42D91,True,LiveText_1303,,NOBILIA_MARKET,Merchant / Trader,$03 Generic NPC
1304,$D1DF48,$1A2DB5,raw,3419573,$F42DB5,True,LiveText_1304,,NOBILIA_MARKET,Merchant / Trader,$03 Generic NPC
1305,$D1DF4B,$1A2E18,raw,3419672,$F42E18,True,LiveText_1305,,NOBILIA_MARKET,Merchant / Trader,$03 Generic NPC
1306,$D1DF4E,$1A2ED4,raw,3419860,$F42ED4,True,LiveText_1306,,NOBILIA_MARKET,Merchant / Trader,$03 Generic NPC
1307,$D1DF51,$1A2EF4,raw,3419892,$F42EF4,True,LiveText_1307,,NOBILIA_MARKET,Merchant / Trader,$03 Generic NPC
1308,$D1DF54,$1A2F1A,raw,3419930,$F42F1A,True,LiveText_1308,,NOBILIA_MARKET,Merchant / Trader,$03 Generic NPC
1309,$D1DF57,$1A2F7D,raw,3420029,$F42F7D,True,LiveText_1309,,NOBILIA_MARKET,Merchant / Trader,$03 Generic NPC
1310,$D1DF5A,$1A3018,raw,3420184,$F43018,True,LiveText_1310,,NOBILIA_MARKET,Merchant / Trader,$03 Generic NPC
1311,$D1DF5D,$1A3040,raw,3420224,$F43040,True,LiveText_1311,,NOBILIA_MARKET,Merchant / Trader,$03 Generic NPC
1312,$D1DF60,$1A304E,raw,3420238,$F4304E,True,LiveText_1312,,NOBILIA_MARKET,Merchant / Trader,$03 Generic NPC
1313,$D1DF63,$1A30AA,raw,3420330,$F430AA,True,LiveText_1313,,NOBILIA_MARKET,Merchant / Trader,$03 Generic NPC
1314,$D1DF66,$1A30CE,raw,3420366,$F430CE,True,LiveText_1314,,NOBILIA_MARKET,Merchant / Trader,$03 Generic NPC
1315,$D1DF69,$1A30F3,raw,3420403,$F430F3,True,LiveText_1315,,NOBILIA_MARKET,Merchant / Trader,$03 Generic NPC
1316,$D1DF6C,$1A3118,raw,3420440,$F43118,True,LiveText_1316,,NOBILIA_MARKET,Merchant / Trader,$03 Generic NPC
1317,$D1DF6F,$1A316C,raw,3420524,$F4316C,True,LiveText_1317,,NOBILIA_MARKET,Merchant / Trader,$03 Generic NPC
1318,$D1DF72,$1A321F,raw,3420703,$F4321F,True,LiveText_1318,,NOBILIA_MARKET,Merchant / Trader,$03 Generic NPC
1319,$D1DF75,$1A322D,raw,3420717,$F4322D,True,LiveText_1319,,NOBILIA_MARKET,Merchant / Trader,$03 Generic NPC
1320,$D1DF78,$1A327A,raw,3420794,$F4327A,True,LiveText_1320,,NOBILIA_MARKET,Merchant / Trader,$03 Generic NPC
1321,$D1DF7B,$1A3336,raw,3420982,$F43336,True,LiveText_1321,,NOBILIA_MARKET,Merchant / Trader,$03 Generic NPC
1322,$D1DF7E,$1A3366,raw,3421030,$F43366,True,LiveText_1322,,NOBILIA_MARKET,Merchant / Trader,$03 Generic NPC
1323,$D1DF81,$1A33A8,raw,3421096,$F433A8,True,LiveText_1323,,NOBILIA_MARKET,Merchant / Trader,$03 Generic NPC
1324,$D1DF84,$1A4450,raw,3425360,$F44450,True,LiveText_1324,,NOBILIA_MARKET,Merchant / Trader,$03 Generic NPC
1325,$D1DF87,$1A344F,raw,3421263,$F4344F,True,LiveText_1325,,NOBILIA_MARKET,Merchant / Trader,$03 Generic NPC
1326,$D1DF8A,$1A348F,raw,3421327,$F4348F,True,LiveText_1326,,NOBILIA_MARKET,Merchant / Trader,$03 Generic NPC
1327,$D1DF8D,$1A34CF,raw,3421391,$F434CF,True,LiveText_1327,,NOBILIA_MARKET,Merchant / Trader,$03 Generic NPC
1328,$D1DF90,$1A3509,raw,3421449,$F43509,True,LiveText_1328,,NOBILIA_MARKET,Merchant / Trader,$03 Generic NPC
1329,$D1DF93,$1A3530,raw,3421488,$F43530,True,LiveText_1329,,NOBILIA_MARKET,Merchant / Trader,$03 Generic NPC
1330,$D1DF96,$1A354A,raw,3421514,$F4354A,True,LiveText_1330,,NOBILIA_MARKET,Merchant / Trader,$03 Generic NPC
1331,$D1DF99,$1A3552,raw,3421522,$F43552,True,LiveText_1331,,NOBILIA_MARKET,Merchant / Trader,$03 Generic NPC
1332,$D1DF9C,$1A355B,raw,3421531,$F4355B,True,LiveText_1332,,NOBILIA_MARKET,Merchant / Trader,$03 Generic NPC
1333,$D1DF9F,$1A356E,raw,3421550,$F4356E,True,LiveText_1333,,NOBILIA_MARKET,Merchant / Trader,$03 Generic NPC
1334,$D1DFA2,$1A3577,raw,3421559,$F43577,True,LiveText_1334,,NOBILIA_MARKET,Merchant / Trader,$03 Generic NPC
1335,$D1DFA5,$1A3582,raw,3421570,$F43582,True,LiveText_1335,,NOBILIA_MARKET,Merchant / Trader,$03 Generic NPC
1336,$D1DFA8,$1A358E,raw,3421582,$F4358E,True,LiveText_1336,,NOBILIA_MARKET,Merchant / Trader,$03 Generic NPC
1337,$D1DFAB,$1A359C,raw,3421596,$F4359C,True,LiveText_1337,,NOBILIA_MARKET,Merchant / Trader,$03 Generic NPC
1338,$D1DFAE,$1A35AE,raw,3421614,$F435AE,True,LiveText_1338,,NOBILIA_MARKET,Merchant / Trader,$03 Generic NPC
1339,$D1DFB1,$1A35BE,raw,3421630,$F435BE,True,LiveText_1339,,NOBILIA_MARKET,Merchant / Trader,$03 Generic NPC
1340,$D1DFB4,$1A35D1,raw,3421649,$F435D1,True,LiveText_1340,,NOBILIA_MARKET,Merchant / Trader,$03 Generic NPC
1341,$D1DFB7,$1A35E6,raw,3421670,$F435E6,True,LiveText_1341,,NOBILIA_MARKET,Merchant / Trader,$03 Generic NPC
1342,$D1DFBA,$1A35FE,raw,3421694,$F435FE,True,LiveText_1342,,NOBILIA_MARKET,Merchant / Trader,$03 Generic NPC
1343,$D1DFBD,$1A360D,raw,3421709,$F4360D,True,LiveText_1343,,NOBILIA_MARKET,Merchant / Trader,$03 Generic NPC
1344,$D1DFC0,$1A361C,raw,3421724,$F4361C,True,LiveText_1344,,NOBILIA_MARKET,Merchant / Trader,$03 Generic NPC
1345,$D1DFC3,$1A362C,raw,3421740,$F4362C,True,LiveText_1345,,NOBILIA_MARKET,Merchant / Trader,$03 Generic NPC
1346,$D1DFC6,$1A363A,raw,3421754,$F4363A,True,LiveText_1346,,NOBILIA_MARKET,Merchant / Trader,$03 Generic NPC
1347,$D1DFC9,$1A3647,raw,3421767,$F43647,True,LiveText_1347,,NOBILIA_MARKET,Merchant / Trader,$03 Generic NPC
1348,$D1DFCC,$1A3654,raw,3421780,$F43654,True,LiveText_1348,,NOBILIA_MARKET,Merchant / Trader,$03 Generic NPC
1349,$D1DFCF,$1A3662,raw,3421794,$F43662,True,LiveText_1349,,NOBILIA_MARKET,Merchant / Trader,$03 Generic NPC
1350,$D1DFD2,$1A3673,raw,3421811,$F43673,True,LiveText_1350,,NOBILIA_MARKET,Merchant / Trader,$03 Generic NPC
1351,$D1DFD5,$1A367B,raw,3421819,$F4367B,True,LiveText_1351,,NOBILIA_MARKET,Merchant / Trader,$03 Generic NPC
1352,$D1DFD8,$1A3695,raw,3421845,$F43695,True,LiveText_1352,,NOBILIA_MARKET,Merchant / Trader,$03 Generic NPC
1353,$D1DFDB,$1A36B0,raw,3421872,$F436B0,True,LiveText_1353,,NOBILIA_MARKET,Merchant / Trader,$03 Generic NPC
1354,$D1DFDE,$1A36CA,raw,3421898,$F436CA,True,LiveText_1354,,NOBILIA_MARKET,Merchant / Trader,$03 Generic NPC
1355,$D1DFE1,$1A3723,raw,3421987,$F43723,True,LiveText_1355,,NOBILIA_MARKET,Merchant / Trader,$03 Generic NPC
1356,$D1DFE4,$1A373F,raw,3422015,$F4373F,True,LiveText_1356,,NOBILIA_MARKET,Merchant / Trader,$03 Generic NPC
1357,$D1DFE7,$1A375A,raw,3422042,$F4375A,True,LiveText_1357,,NOBILIA_MARKET,Merchant / Trader,$03 Generic NPC
1358,$D1DFEA,$1A37B0,raw,3422128,$F437B0,True,LiveText_1358,,NOBILIA_MARKET,Merchant / Trader,$03 Generic NPC
1359,$D1DFED,$1A37BD,raw,3422141,$F437BD,True,LiveText_1359,,NOBILIA_MARKET,Merchant / Trader,$03 Generic NPC
1360,$D1DFF0,$1A381B,raw,3422235,$F4381B,True,LiveText_1360,,NOBILIA_MARKET,Merchant / Trader,$03 Generic NPC
1361,$D1DFF3,$1A3828,raw,3422248,$F43828,True,LiveText_1361,,NOBILIA_MARKET,Merchant / Trader,$03 Generic NPC
1362,$D1DFF6,$1A3884,raw,3422340,$F43884,True,LiveText_1362,,NOBILIA_MARKET,Merchant / Trader,$03 Generic NPC
1363,$D1DFF9,$1A38A5,raw,3422373,$F438A5,True,LiveText_1363,,NOBILIA_MARKET,Merchant / Trader,$03 Generic NPC
1364,$D1DFFC,$1A38C5,raw,3422405,$F438C5,True,LiveText_1364,,NOBILIA_MARKET,Merchant / Trader,$03 Generic NPC
1365,$D1DFFF,$1A391E,raw,3422494,$F4391E,True,LiveText_1365,,NOBILIA_MARKET,Merchant / Trader,$03 Generic NPC
1366,$D1E002,$1A44B0,raw,3425456,$F444B0,True,LiveText_1366,,NOBILIA_MARKET,Merchant / Trader,$03 Generic NPC
1367,$D1E005,$1A3986,raw,3422598,$F43986,True,LiveText_1367,,NOBILIA_MARKET,Merchant / Trader,$03 Generic NPC
1368,$D1E008,$1A4510,raw,3425552,$F44510,True,LiveText_1368,,NOBILIA_MARKET,Merchant / Trader,$03 Generic NPC
1369,$D1E00B,$1A39EE,raw,3422702,$F439EE,True,LiveText_1369,,NOBILIA_MARKET,Merchant / Trader,$03 Generic NPC
1370,$D1E00E,$1A39FB,raw,3422715,$F439FB,True,LiveText_1370,,NOBILIA_MARKET,Merchant / Trader,$03 Generic NPC
1371,$D1E011,$1A3A54,raw,3422804,$F43A54,True,LiveText_1371,,NOBILIA_MARKET,Merchant / Trader,$03 Generic NPC
1372,$D1E014,$1A4570,raw,3425648,$F44570,True,LiveText_1372,,NOBILIA_MARKET,Merchant / Trader,$03 Generic NPC
1373,$D1E017,$1A3AB7,raw,3422903,$F43AB7,True,LiveText_1373,,NOBILIA_MARKET,Merchant / Trader,$03 Generic NPC
1374,$D1E01A,$1A45D0,raw,3425744,$F445D0,True,LiveText_1374,,NOBILIA_MARKET,Merchant / Trader,$03 Generic NPC
1375,$D1E01D,$1A3AF7,raw,3422967,$F43AF7,True,LiveText_1375,,NOBILIA_MARKET,Merchant / Trader,$03 Generic NPC
1376,$D1E020,$1A4610,raw,3425808,$F44610,True,LiveText_1376,,NOBILIA_MARKET,Merchant / Trader,$03 Generic NPC
1377,$D1E023,$1A3B95,raw,3423125,$F43B95,True,LiveText_1377,,NOBILIA_MARKET,Merchant / Trader,$03 Generic NPC
1378,$D1E026,$1A46B0,raw,3425968,$F446B0,True,LiveText_1378,,NOBILIA_MARKET,Merchant / Trader,$03 Generic NPC
1379,$D1E029,$1A3BF0,raw,3423216,$F43BF0,True,LiveText_1379,,NOBILIA_MARKET,Merchant / Trader,$03 Generic NPC
1380,$D1E02C,$1A3C18,raw,3423256,$F43C18,True,LiveText_1380,,NOBILIA_MARKET,Merchant / Trader,$03 Generic NPC
1381,$D1E02F,$1A3C33,raw,3423283,$F43C33,True,LiveText_1381,,NOBILIA_MARKET,Merchant / Trader,$03 Generic NPC
1382,$D1E032,$1A3C58,raw,3423320,$F43C58,True,LiveText_1382,,NOBILIA_MARKET,Merchant / Trader,$03 Generic NPC
1383,$D1E035,$1A3C62,raw,3423330,$F43C62,True,LiveText_1383,,NOBILIA_MARKET,Merchant / Trader,$03 Generic NPC
1384,$D1E038,$1A3CC2,raw,3423426,$F43CC2,True,LiveText_1384,,NOBILIA_MARKET,Merchant / Trader,$03 Generic NPC
1385,$D1E03B,$1A3D1F,raw,3423519,$F43D1F,True,LiveText_1385,,NOBILIA_MARKET,Merchant / Trader,$03 Generic NPC
1386,$D1E03E,$1A3D76,raw,3423606,$F43D76,True,LiveText_1386,,NOBILIA_MARKET,Merchant / Trader,$03 Generic NPC
1387,$D1E041,$1A3DC1,raw,3423681,$F43DC1,True,LiveText_1387,,NOBILIA_MARKET,Merchant / Trader,$03 Generic NPC
1388,$D1E044,$1A3E0B,raw,3423755,$F43E0B,True,LiveText_1388,,NOBILIA_MARKET,Merchant / Trader,$03 Generic NPC
1389,$D1E047,$1A3E3C,raw,3423804,$F43E3C,True,LiveText_1389,,NOBILIA_MARKET,Merchant / Trader,$03 Generic NPC
1390,$D1E04A,$1A3E87,raw,3423879,$F43E87,True,LiveText_1390,,NOBILIA_MARKET,Merchant / Trader,$03 Generic NPC
1391,$D1E04D,$1A3EBC,raw,3423932,$F43EBC,True,LiveText_1391,,NOBILIA_MARKET,Merchant / Trader,$03 Generic NPC
1392,$D1E050,$1A3EF0,raw,3423984,$F43EF0,True,LiveText_1392,,NOBILIA_MARKET,Merchant / Trader,$03 Generic NPC
1393,$D1E053,$1A3F23,raw,3424035,$F43F23,True,LiveText_1393,,NOBILIA_MARKET,Merchant / Trader,$03 Generic NPC
1394,$D1E056,$1A3F43,raw,3424067,$F43F43,True,LiveText_1394,,NOBILIA_MARKET,Merchant / Trader,$03 Generic NPC
1395,$D1E059,$1A3F4D,raw,3424077,$F43F4D,True,LiveText_1395,,NOBILIA_MARKET,Merchant / Trader,$03 Generic NPC
1396,$D1E05C,$1A3FA7,raw,3424167,$F43FA7,True,LiveText_1396,,NOBILIA_MARKET,Merchant / Trader,$03 Generic NPC
1397,$D1E05F,$1A4056,raw,3424342,$F44056,True,LiveText_1397,,NOBILIA_MARKET,Merchant / Trader,$03 Generic NPC
1398,$D1E062,$1A40A3,raw,3424419,$F440A3,True,LiveText_1398,,NOBILIA_MARKET,Merchant / Trader,$03 Generic NPC
1399,$D1E065,$1A40DA,raw,3424474,$F440DA,True,LiveText_1399,,NOBILIA_MARKET,Merchant / Trader,$03 Generic NPC
1400,$D1E068,$1A4109,raw,3424521,$F44109,True,LiveText_1400,,NOBILIA_MARKET,Merchant / Trader,$03 Generic NPC
1401,$D1E06B,$1A4138,raw,3424568,$F44138,True,LiveText_1401,,NOBILIA_MARKET,Merchant / Trader,$03 Generic NPC
1402,$D1E06E,$1A417C,raw,3424636,$F4417C,True,LiveText_1402,,NOBILIA_MARKET,Merchant / Trader,$03 Generic NPC
1403,$D1E071,$1A422E,raw,3424814,$F4422E,True,LiveText_1403,,NOBILIA_MARKET,Merchant / Trader,$03 Generic NPC
1404,$D1E074,$1A4248,raw,3424840,$F44248,True,LiveText_1404,,NOBILIA_MARKET,Merchant / Trader,$03 Generic NPC
1405,$D1E077,$1A4304,raw,3425028,$F44304,True,LiveText_1405,,NOBILIA_MARKET,Merchant / Trader,$03 Generic NPC
1406,$D1E07A,$1D0100,raw,3801344,$FA0100,True,LiveText_1406,,NOBILIA_CITY_SQUARE,Generic Antiqua NPC,$03 Generic NPC
1407,$D1E07D,$1D0158,raw,3801432,$FA0158,True,LiveText_1407,,NOBILIA_CITY_SQUARE,Guard / Authority,$03 Generic NPC
1408,$D1E080,$1D019A,raw,3801498,$FA019A,True,LiveText_1408,,NOBILIA_CITY_SQUARE,Generic Antiqua NPC,$03 Generic NPC
1409,$D1E083,$1D01E4,raw,3801572,$FA01E4,True,LiveText_1409,,NOBILIA_CITY_SQUARE,Generic Antiqua NPC,$03 Generic NPC
1410,$D1E086,$1D0234,raw,3801652,$FA0234,True,LiveText_1410,,NOBILIA_CITY_SQUARE,Generic Antiqua NPC,$03 Generic NPC
1411,$D1E089,$1D028E,raw,3801742,$FA028E,True,LiveText_1411,,NOBILIA_CITY_SQUARE,Generic Antiqua NPC,$03 Generic NPC
1412,$D1E08C,$1D02C6,raw,3801798,$FA02C6,True,LiveText_1412,,NOBILIA_CITY_SQUARE,Generic Antiqua NPC,$03 Generic NPC
1413,$D1E08F,$1D02DB,raw,3801819,$FA02DB,True,LiveText_1413,,NOBILIA_CITY_SQUARE,Presentation control,INHERIT
1414,$D1E092,$1D02DD,raw,3801821,$FA02DD,True,LiveText_1414,,NOBILIA_CITY_SQUARE,Generic Antiqua NPC,$03 Generic NPC
1415,$D1E095,$1D02F3,raw,3801843,$FA02F3,True,LiveText_1415,,NOBILIA_CITY_SQUARE,Generic Antiqua NPC,$03 Generic NPC
1416,$D1E098,$1D0320,raw,3801888,$FA0320,True,LiveText_1416,,NOBILIA_CITY_SQUARE,Generic Antiqua NPC,$03 Generic NPC
1417,$D1E09B,$1D03BA,raw,3802042,$FA03BA,True,LiveText_1417,,NOBILIA_CITY_SQUARE,Generic Antiqua NPC,$03 Generic NPC
1418,$D1E09E,$1D03F5,raw,3802101,$FA03F5,True,LiveText_1418,,NOBILIA_CITY_SQUARE,Generic Antiqua NPC,$03 Generic NPC
1419,$D1E0A1,$1D0440,raw,3802176,$FA0440,True,LiveText_1419,,NOBILIA_CITY_SQUARE,Generic Antiqua NPC,$03 Generic NPC
1420,$D1E0A4,$1D04AA,raw,3802282,$FA04AA,True,LiveText_1420,,NOBILIA_CITY_SQUARE,Generic Antiqua NPC,$03 Generic NPC
1421,$D1E0A7,$1D04C7,raw,3802311,$FA04C7,True,LiveText_1421,,NOBILIA_CITY_SQUARE,Generic Antiqua NPC,$03 Generic NPC
1422,$D1E0AA,$1D0526,raw,3802406,$FA0526,True,LiveText_1422,,NOBILIA_CITY_SQUARE,Generic Antiqua NPC,$03 Generic NPC
1423,$D1E0AD,$1D056D,raw,3802477,$FA056D,True,LiveText_1423,,NOBILIA_CITY_SQUARE,Generic Antiqua NPC,$03 Generic NPC
1424,$D1E0B0,$1D2600,raw,3810816,$FA2600,True,LiveText_1424,,NOBILIA_CITY_SQUARE,Generic Antiqua NPC,$03 Generic NPC
1425,$D1E0B3,$1D0606,raw,3802630,$FA0606,True,LiveText_1425,,NOBILIA_CITY_SQUARE,Generic Antiqua NPC,$03 Generic NPC
1426,$D1E0B6,$1D0654,raw,3802708,$FA0654,True,LiveText_1426,,NOBILIA_CITY_SQUARE,Generic Antiqua NPC,$03 Generic NPC
1427,$D1E0B9,$1D06AD,raw,3802797,$FA06AD,True,LiveText_1427,,NOBILIA_CITY_SQUARE,Boy,$04 Boy
1428,$D1E0BC,$1D06C7,raw,3802823,$FA06C7,True,LiveText_1428,,NOBILIA_CITY_SQUARE,Generic Antiqua NPC,$03 Generic NPC
1429,$D1E0BF,$1D0704,raw,3802884,$FA0704,True,LiveText_1429,,NOBILIA_CITY_SQUARE,Generic Antiqua NPC,$03 Generic NPC
1430,$D1E0C2,$1D071C,raw,3802908,$FA071C,True,LiveText_1430,,NOBILIA_CITY_SQUARE,Generic Antiqua NPC,$03 Generic NPC
1431,$D1E0C5,$1D0771,raw,3802993,$FA0771,True,LiveText_1431,,NOBILIA_CITY_SQUARE,Narration/System,$02 Narration / System
1432,$D1E0C8,$1D0785,raw,3803013,$FA0785,True,LiveText_1432,,NOBILIA_CITY_SQUARE,Narration/System,$02 Narration / System
1433,$D1E0CB,$1D0796,raw,3803030,$FA0796,True,LiveText_1433,,NOBILIA_CITY_SQUARE,Narration/System,$02 Narration / System
1434,$D1E0CE,$1D07AE,raw,3803054,$FA07AE,True,LiveText_1434,,NOBILIA_CITY_SQUARE,Narration/System,$02 Narration / System
1435,$D1E0D1,$1D07C2,raw,3803074,$FA07C2,True,LiveText_1435,,NOBILIA_CITY_SQUARE,Narration/System,$02 Narration / System
1436,$D1E0D4,$1D07D8,raw,3803096,$FA07D8,True,LiveText_1436,,NOBILIA_CITY_SQUARE,Boy,$04 Boy
1437,$D1E0D7,$1D0856,raw,3803222,$FA0856,True,LiveText_1437,,NOBILIA_CITY_SQUARE,Generic Antiqua NPC,$03 Generic NPC
1438,$D1E0DA,$1D088B,raw,3803275,$FA088B,True,LiveText_1438,,NOBILIA_CITY_SQUARE,Generic Antiqua NPC,$03 Generic NPC
1439,$D1E0DD,$1D08DE,raw,3803358,$FA08DE,True,LiveText_1439,,NOBILIA_CITY_SQUARE,Generic Antiqua NPC,$03 Generic NPC
1440,$D1E0E0,$1D0912,raw,3803410,$FA0912,True,LiveText_1440,,NOBILIA_CITY_SQUARE,Generic Antiqua NPC,$03 Generic NPC
1441,$D1E0E3,$1D0973,raw,3803507,$FA0973,True,LiveText_1441,,NOBILIA_CITY_SQUARE,Generic Antiqua NPC,$03 Generic NPC
1442,$D1E0E6,$1D09F3,raw,3803635,$FA09F3,True,LiveText_1442,,NOBILIA_CITY_SQUARE,Generic Antiqua NPC,$03 Generic NPC
1443,$D1E0E9,$1D2670,raw,3810928,$FA2670,True,LiveText_1443,,NOBILIA_CITY_SQUARE,Generic Antiqua NPC,$03 Generic NPC
1444,$D1E0EC,$1D0AB8,raw,3803832,$FA0AB8,True,LiveText_1444,,NOBILIA_CITY_SQUARE,Generic Antiqua NPC,$03 Generic NPC
1445,$D1E0EF,$1D0B01,raw,3803905,$FA0B01,True,LiveText_1445,,NOBILIA_CITY_SQUARE,Generic Antiqua NPC,$03 Generic NPC
1446,$D1E0F2,$1D0B2D,raw,3803949,$FA0B2D,True,LiveText_1446,,NOBILIA_CITY_SQUARE,Generic Antiqua NPC,$03 Generic NPC
1447,$D1E0F5,$1D0B3C,raw,3803964,$FA0B3C,True,LiveText_1447,,NOBILIA_CITY_SQUARE,Generic Antiqua NPC,$03 Generic NPC
1448,$D1E0F8,$1D0B75,raw,3804021,$FA0B75,True,LiveText_1448,,NOBILIA_CITY_SQUARE,Generic Antiqua NPC,$03 Generic NPC
1449,$D1E0FB,$1D0BCD,raw,3804109,$FA0BCD,True,LiveText_1449,,NOBILIA_CITY_SQUARE,Generic Antiqua NPC,$03 Generic NPC
1450,$D1E0FE,$1D0C2C,raw,3804204,$FA0C2C,True,LiveText_1450,,NOBILIA_CITY_SQUARE,Generic Antiqua NPC,$03 Generic NPC
1451,$D1E101,$1D0C88,raw,3804296,$FA0C88,True,LiveText_1451,,NOBILIA_CITY_SQUARE,Generic Antiqua NPC,$03 Generic NPC
1452,$D1E104,$1D0CE4,raw,3804388,$FA0CE4,True,LiveText_1452,,NOBILIA_CITY_SQUARE,Generic Antiqua NPC,$03 Generic NPC
1453,$D1E107,$1D0D1F,raw,3804447,$FA0D1F,True,LiveText_1453,,NOBILIA_CITY_SQUARE,Generic Antiqua NPC,$03 Generic NPC
1454,$D1E10A,$1D0D44,raw,3804484,$FA0D44,True,LiveText_1454,,NOBILIA_CITY_SQUARE,Generic Antiqua NPC,$03 Generic NPC
1455,$D1E10D,$1D0DB4,raw,3804596,$FA0DB4,True,LiveText_1455,,NOBILIA_CITY_SQUARE,Generic Antiqua NPC,$03 Generic NPC
1456,$D1E110,$1D0DF4,raw,3804660,$FA0DF4,True,LiveText_1456,,NOBILIA_CITY_SQUARE,Generic Antiqua NPC,$03 Generic NPC
1457,$D1E113,$1D0E3B,raw,3804731,$FA0E3B,True,LiveText_1457,,NOBILIA_CITY_SQUARE,Generic Antiqua NPC,$03 Generic NPC
1458,$D1E116,$1D0E69,raw,3804777,$FA0E69,True,LiveText_1458,,NOBILIA_CITY_SQUARE,Generic Antiqua NPC,$03 Generic NPC
1459,$D1E119,$1D0E85,raw,3804805,$FA0E85,True,LiveText_1459,,NOBILIA_CITY_SQUARE,Generic Antiqua NPC,$03 Generic NPC
1460,$D1E11C,$1D0EA2,raw,3804834,$FA0EA2,True,LiveText_1460,,NOBILIA_CITY_SQUARE,Generic Antiqua NPC,$03 Generic NPC
1461,$D1E11F,$1D0EAB,raw,3804843,$FA0EAB,True,LiveText_1461,,NOBILIA_CITY_SQUARE,Generic Antiqua NPC,$03 Generic NPC
1462,$D1E122,$1D0EB6,raw,3804854,$FA0EB6,True,LiveText_1462,,NOBILIA_CITY_SQUARE,Generic Antiqua NPC,$03 Generic NPC
1463,$D1E125,$1D0ED0,raw,3804880,$FA0ED0,True,LiveText_1463,,NOBILIA_CITY_SQUARE,Generic Antiqua NPC,$03 Generic NPC
1464,$D1E128,$1D0EE0,raw,3804896,$FA0EE0,True,LiveText_1464,,NOBILIA_CITY_SQUARE,Generic Antiqua NPC,$03 Generic NPC
1465,$D1E12B,$1D0EF5,raw,3804917,$FA0EF5,True,LiveText_1465,,NOBILIA_CITY_SQUARE,Generic Antiqua NPC,$03 Generic NPC
1466,$D1E12E,$1D0F0B,raw,3804939,$FA0F0B,True,LiveText_1466,,NOBILIA_CITY_SQUARE,Generic Antiqua NPC,$03 Generic NPC
1467,$D1E131,$1D0F43,raw,3804995,$FA0F43,True,LiveText_1467,,NOBILIA_CITY_SQUARE,Generic Antiqua NPC,$03 Generic NPC
1468,$D1E134,$1D0F8F,raw,3805071,$FA0F8F,True,LiveText_1468,,NOBILIA_CITY_SQUARE,Generic Antiqua NPC,$03 Generic NPC
1469,$D1E137,$1D0FC9,raw,3805129,$FA0FC9,True,LiveText_1469,,NOBILIA_CITY_SQUARE,Generic Antiqua NPC,$03 Generic NPC
1470,$D1E13A,$1D0FF4,raw,3805172,$FA0FF4,True,LiveText_1470,,NOBILIA_CITY_SQUARE,Generic Antiqua NPC,$03 Generic NPC
1471,$D1E13D,$1D1089,raw,3805321,$FA1089,True,LiveText_1471,,NOBILIA_CITY_SQUARE,Generic Antiqua NPC,$03 Generic NPC
1472,$D1E140,$1D26E0,raw,3811040,$FA26E0,True,LiveText_1472,,NOBILIA_CITY_SQUARE,Generic Antiqua NPC,$03 Generic NPC
1473,$D1E143,$1D1139,raw,3805497,$FA1139,True,LiveText_1473,,NOBILIA_CITY_SQUARE,Generic Antiqua NPC,$03 Generic NPC
1474,$D1E146,$1D2740,raw,3811136,$FA2740,True,LiveText_1474,,NOBILIA_CITY_SQUARE,Generic Antiqua NPC,$03 Generic NPC
1475,$D1E149,$1D11FE,raw,3805694,$FA11FE,True,LiveText_1475,,NOBILIA_CITY_SQUARE,Generic Antiqua NPC,$03 Generic NPC
1476,$D1E14C,$1D12D7,raw,3805911,$FA12D7,True,LiveText_1476,,NOBILIA_CITY_SQUARE,Generic Antiqua NPC,$03 Generic NPC
1477,$D1E14F,$1D12F2,raw,3805938,$FA12F2,True,LiveText_1477,,NOBILIA_CITY_SQUARE,Generic Antiqua NPC,$03 Generic NPC
1478,$D1E152,$1D132C,raw,3805996,$FA132C,True,LiveText_1478,,NOBILIA_CITY_SQUARE,Presentation control,INHERIT
1479,$D1E155,$1D132E,raw,3805998,$FA132E,True,LiveText_1479,,NOBILIA_CITY_SQUARE,Generic Antiqua NPC,$03 Generic NPC
1480,$D1E158,$1D1389,raw,3806089,$FA1389,True,LiveText_1480,,NOBILIA_CITY_SQUARE,Generic Antiqua NPC,$03 Generic NPC
1481,$D1E15B,$1D1407,raw,3806215,$FA1407,True,LiveText_1481,,NOBILIA_CITY_SQUARE,Generic Antiqua NPC,$03 Generic NPC
1482,$D1E15E,$1D145D,raw,3806301,$FA145D,True,LiveText_1482,,NOBILIA_CITY_SQUARE,Generic Antiqua NPC,$03 Generic NPC
1483,$D1E161,$1D1488,raw,3806344,$FA1488,True,LiveText_1483,,NOBILIA_CITY_SQUARE,Generic Antiqua NPC,$03 Generic NPC
1484,$D1E164,$1D14B0,raw,3806384,$FA14B0,True,LiveText_1484,,NOBILIA_CITY_SQUARE,Generic Antiqua NPC,$03 Generic NPC
1485,$D1E167,$1D14F3,raw,3806451,$FA14F3,True,LiveText_1485,,NOBILIA_CITY_SQUARE,Generic Antiqua NPC,$03 Generic NPC
1486,$D1E16A,$1D1549,raw,3806537,$FA1549,True,LiveText_1486,,NOBILIA_CITY_SQUARE,Generic Antiqua NPC,$03 Generic NPC
1487,$D1E16D,$1D157C,raw,3806588,$FA157C,True,LiveText_1487,,NOBILIA_CITY_SQUARE,Generic Antiqua NPC,$03 Generic NPC
1488,$D1E170,$1D15D6,raw,3806678,$FA15D6,True,LiveText_1488,,NOBILIA_CITY_SQUARE,Generic Antiqua NPC,$03 Generic NPC
1489,$D1E173,$1D160D,raw,3806733,$FA160D,True,LiveText_1489,,NOBILIA_CITY_SQUARE,Generic Antiqua NPC,$03 Generic NPC
1490,$D1E176,$1D1692,raw,3806866,$FA1692,True,LiveText_1490,,NOBILIA_CITY_SQUARE,Generic Antiqua NPC,$03 Generic NPC
1491,$D1E179,$1D1721,raw,3807009,$FA1721,True,LiveText_1491,,NOBILIA_CITY_SQUARE,Generic Antiqua NPC,$03 Generic NPC
1492,$D1E17C,$1D1758,raw,3807064,$FA1758,True,LiveText_1492,,NOBILIA_CITY_SQUARE,Generic Antiqua NPC,$03 Generic NPC
1493,$D1E17F,$1D17A1,raw,3807137,$FA17A1,True,LiveText_1493,,NOBILIA_CITY_SQUARE,Generic Antiqua NPC,$03 Generic NPC
1494,$D1E182,$1D17EB,raw,3807211,$FA17EB,True,LiveText_1494,,NOBILIA_CITY_SQUARE,Generic Antiqua NPC,$03 Generic NPC
1495,$D1E185,$1D1872,raw,3807346,$FA1872,True,LiveText_1495,,NOBILIA_CITY_SQUARE,Generic Antiqua NPC,$03 Generic NPC
1496,$D1E188,$1D18C1,raw,3807425,$FA18C1,True,LiveText_1496,,NOBILIA_CITY_SQUARE,Generic Antiqua NPC,$03 Generic NPC
1497,$D1E18B,$1D1917,raw,3807511,$FA1917,True,LiveText_1497,,NOBILIA_CITY_SQUARE,Generic Antiqua NPC,$03 Generic NPC
1498,$D1E18E,$1D194F,raw,3807567,$FA194F,True,LiveText_1498,,NOBILIA_CITY_SQUARE,Generic Antiqua NPC,$03 Generic NPC
1499,$D1E191,$1D19B0,raw,3807664,$FA19B0,True,LiveText_1499,,NOBILIA_CITY_SQUARE,Generic Antiqua NPC,$03 Generic NPC
1500,$D1E194,$1D19EB,raw,3807723,$FA19EB,True,LiveText_1500,,NOBILIA_CITY_SQUARE,Generic Antiqua NPC,$03 Generic NPC
1501,$D1E197,$1D1A36,raw,3807798,$FA1A36,True,LiveText_1501,,NOBILIA_CITY_SQUARE,Generic Antiqua NPC,$03 Generic NPC
1502,$D1E19A,$1D1A8F,raw,3807887,$FA1A8F,True,LiveText_1502,,NOBILIA_CITY_SQUARE,Generic Antiqua NPC,$03 Generic NPC
1503,$D1E19D,$1D1A97,raw,3807895,$FA1A97,True,LiveText_1503,,NOBILIA_CITY_SQUARE,Generic Antiqua NPC,$03 Generic NPC
1504,$D1E1A0,$1D1AA2,raw,3807906,$FA1AA2,True,LiveText_1504,,NOBILIA_CITY_SQUARE,Generic Antiqua NPC,$03 Generic NPC
1505,$D1E1A3,$1D1AAC,raw,3807916,$FA1AAC,True,LiveText_1505,,NOBILIA_CITY_SQUARE,Generic Antiqua NPC,$03 Generic NPC
1506,$D1E1A6,$1D1AFA,raw,3807994,$FA1AFA,True,LiveText_1506,,NOBILIA_CITY_SQUARE,Generic Antiqua NPC,$03 Generic NPC
1507,$D1E1A9,$1D1B5A,raw,3808090,$FA1B5A,True,LiveText_1507,,NOBILIA_CITY_SQUARE,Generic Antiqua NPC,$03 Generic NPC
1508,$D1E1AC,$1D1BAA,raw,3808170,$FA1BAA,True,LiveText_1508,,NOBILIA_CITY_SQUARE,Generic Antiqua NPC,$03 Generic NPC
1509,$D1E1AF,$1D1BF7,raw,3808247,$FA1BF7,True,LiveText_1509,,NOBILIA_CITY_SQUARE,Generic Antiqua NPC,$03 Generic NPC
1510,$D1E1B2,$1D1C57,raw,3808343,$FA1C57,True,LiveText_1510,,NOBILIA_CITY_SQUARE,Generic Antiqua NPC,$03 Generic NPC
1511,$D1E1B5,$1D1C7E,raw,3808382,$FA1C7E,True,LiveText_1511,,NOBILIA_CITY_SQUARE,Generic Antiqua NPC,$03 Generic NPC
1512,$D1E1B8,$1D1CEF,raw,3808495,$FA1CEF,True,LiveText_1512,,NOBILIA_CITY_SQUARE,Generic Antiqua NPC,$03 Generic NPC
1513,$D1E1BB,$1D1D28,raw,3808552,$FA1D28,True,LiveText_1513,,NOBILIA_CITY_SQUARE,Generic Antiqua NPC,$03 Generic NPC
1514,$D1E1BE,$1D1DC2,raw,3808706,$FA1DC2,True,LiveText_1514,,NOBILIA_CITY_SQUARE,Generic Antiqua NPC,$03 Generic NPC
1515,$D1E1C1,$1D1E16,raw,3808790,$FA1E16,True,LiveText_1515,,NOBILIA_CITY_SQUARE,Generic Antiqua NPC,$03 Generic NPC
1516,$D1E1C4,$1D1E98,raw,3808920,$FA1E98,True,LiveText_1516,,NOBILIA_CITY_SQUARE,Generic Antiqua NPC,$03 Generic NPC
1517,$D1E1C7,$1D1EBE,raw,3808958,$FA1EBE,True,LiveText_1517,,NOBILIA_CITY_SQUARE,Generic Antiqua NPC,$03 Generic NPC
1518,$D1E1CA,$1D1EE1,raw,3808993,$FA1EE1,True,LiveText_1518,,NOBILIA_CITY_SQUARE,Generic Antiqua NPC,$03 Generic NPC
1519,$D1E1CD,$1D27D0,raw,3811280,$FA27D0,True,LiveText_1519,,NOBILIA_CITY_SQUARE,Generic Antiqua NPC,$03 Generic NPC
1520,$D1E1D0,$1D1F5C,raw,3809116,$FA1F5C,True,LiveText_1520,,NOBILIA_CITY_SQUARE,Generic Antiqua NPC,$03 Generic NPC
1521,$D1E1D3,$1D1FD6,raw,3809238,$FA1FD6,True,LiveText_1521,,NOBILIA_CITY_SQUARE,Generic Antiqua NPC,$03 Generic NPC
1522,$D1E1D6,$1D2035,raw,3809333,$FA2035,True,LiveText_1522,,NOBILIA_CITY_SQUARE,Generic Antiqua NPC,$03 Generic NPC
1523,$D1E1D9,$1D20A3,raw,3809443,$FA20A3,True,LiveText_1523,,NOBILIA_CITY_SQUARE,Generic Antiqua NPC,$03 Generic NPC
1524,$D1E1DC,$1D2116,raw,3809558,$FA2116,True,LiveText_1524,,NOBILIA_CITY_SQUARE,Generic Antiqua NPC,$03 Generic NPC
1525,$D1E1DF,$1D215C,raw,3809628,$FA215C,True,LiveText_1525,,NOBILIA_CITY_SQUARE,Generic Antiqua NPC,$03 Generic NPC
1526,$D1E1E2,$1D21C5,raw,3809733,$FA21C5,True,LiveText_1526,,NOBILIA_CITY_SQUARE,Generic Antiqua NPC,$03 Generic NPC
1527,$D1E1E5,$1D2243,raw,3809859,$FA2243,True,LiveText_1527,,NOBILIA_CITY_SQUARE,Generic Antiqua NPC,$03 Generic NPC
1528,$D1E1E8,$1D226E,raw,3809902,$FA226E,True,LiveText_1528,,NOBILIA_CITY_SQUARE,Generic Antiqua NPC,$03 Generic NPC
1529,$D1E1EB,$1D2295,raw,3809941,$FA2295,True,LiveText_1529,,NOBILIA_CITY_SQUARE,Generic Antiqua NPC,$03 Generic NPC
1530,$D1E1EE,$1D22BD,raw,3809981,$FA22BD,True,LiveText_1530,,NOBILIA_CITY_SQUARE,Generic Antiqua NPC,$03 Generic NPC
1531,$D1E1F1,$1D22D5,raw,3810005,$FA22D5,True,LiveText_1531,,NOBILIA_CITY_SQUARE,Generic Antiqua NPC,$03 Generic NPC
1532,$D1E1F4,$1D2324,raw,3810084,$FA2324,True,LiveText_1532,,NOBILIA_CITY_SQUARE,Generic Antiqua NPC,$03 Generic NPC
1533,$D1E1F7,$1D2377,raw,3810167,$FA2377,True,LiveText_1533,,NOBILIA_CITY_SQUARE,Generic Antiqua NPC,$03 Generic NPC
1534,$D1E1FA,$1D23EE,raw,3810286,$FA23EE,True,LiveText_1534,,NOBILIA_CITY_SQUARE,Narration/System,$02 Narration / System
1535,$D1E1FD,$1D2402,raw,3810306,$FA2402,True,LiveText_1535,,NOBILIA_CITY_SQUARE,Boy,$04 Boy
1536,$D1E200,$1D2442,raw,3810370,$FA2442,True,LiveText_1536,,NOBILIA_CITY_SQUARE,Boy,$04 Boy
1537,$D1E203,$1D252D,raw,3810605,$FA252D,True,LiveText_1537,,NOBILIA_CITY_SQUARE,Boy,$04 Boy
1538,$D1E206,$1D25D9,raw,3810777,$FA25D9,True,LiveText_1538,,NOBILIA_CITY_SQUARE,Boy,$04 Boy
1539,$D1E209,$1D3900,raw,3815680,$FA3900,True,LiveText_1539,,HORACE_WEST_BANK,Evil Horace,$11 Artificial Horace
1540,$D1E20C,$1D3970,raw,3815792,$FA3970,True,LiveText_1540,,HORACE_WEST_BANK,Boy,$04 Boy
1541,$D1E20F,$1D39AA,raw,3815850,$FA39AA,True,LiveText_1541,,HORACE_WEST_BANK,Evil Horace,$11 Artificial Horace
1542,$D1E212,$1D39F3,raw,3815923,$FA39F3,True,LiveText_1542,,HORACE_WEST_BANK,Boy,$04 Boy
1543,$D1E215,$1D3A9A,raw,3816090,$FA3A9A,True,LiveText_1543,,HORACE_WEST_BANK,Evil Horace,$11 Artificial Horace
1544,$D1E218,$1D3ACB,raw,3816139,$FA3ACB,True,LiveText_1544,,HORACE_WEST_BANK,Boy,$04 Boy
1545,$D1E21B,$1D3B79,raw,3816313,$FA3B79,True,LiveText_1545,,HORACE_WEST_BANK,Generic Antiqua NPC,$03 Generic NPC
1546,$D1E21E,$1D3B90,raw,3816336,$FA3B90,True,LiveText_1546,,HORACE_WEST_BANK,Narration/System,$02 Narration / System
1547,$D1E221,$1D3BA7,raw,3816359,$FA3BA7,True,LiveText_1547,,HORACE_WEST_BANK,Evil Horace,$11 Artificial Horace
1548,$D1E224,$1D3BB4,raw,3816372,$FA3BB4,True,LiveText_1548,,HORACE_WEST_BANK,Evil Horace,$11 Artificial Horace
1549,$D1E227,$1D3BC1,raw,3816385,$FA3BC1,True,LiveText_1549,,HORACE_WEST_BANK,Evil Horace,$11 Artificial Horace
1550,$D1E22A,$1D3BDD,raw,3816413,$FA3BDD,True,LiveText_1550,,HORACE_WEST_BANK,Evil Horace,$11 Artificial Horace
1551,$D1E22D,$1D5390,raw,3822480,$FA5390,True,LiveText_1551,,HORACE_WEST_BANK,Boy,$04 Boy
1552,$D1E230,$1D3C1F,raw,3816479,$FA3C1F,True,LiveText_1552,,HORACE_WEST_BANK,Guard / Authority,$03 Generic NPC
1553,$D1E233,$1D3C60,raw,3816544,$FA3C60,True,LiveText_1553,,HORACE_WEST_BANK,Boy,$04 Boy
1554,$D1E236,$1D3C84,raw,3816580,$FA3C84,True,LiveText_1554,,HORACE_WEST_BANK,Guard / Authority,$03 Generic NPC
1555,$D1E239,$1D3CC7,raw,3816647,$FA3CC7,True,LiveText_1555,,HORACE_WEST_BANK,Generic Antiqua NPC,$03 Generic NPC
1556,$D1E23C,$1A6636,raw,3434038,$F46636,True,LiveText_1556,,HORACE_WEST_BANK,Boy,$04 Boy
1557,$D1E23F,$1D3D06,raw,3816710,$FA3D06,True,LiveText_1557,,HORACE_WEST_BANK,Boy,$04 Boy
1558,$D1E242,$1D3D15,raw,3816725,$FA3D15,True,LiveText_1558,,HORACE_WEST_BANK,Narration/System,$02 Narration / System
1559,$D1E245,$1D3D2F,raw,3816751,$FA3D2F,True,LiveText_1559,,HORACE_WEST_BANK,Generic Antiqua NPC,$03 Generic NPC
1560,$D1E248,$1D3D5D,raw,3816797,$FA3D5D,True,LiveText_1560,,HORACE_WEST_BANK,Generic Antiqua NPC,$03 Generic NPC
1561,$D1E24B,$1D3D8A,raw,3816842,$FA3D8A,True,LiveText_1561,,HORACE_WEST_BANK,Generic Antiqua NPC,$03 Generic NPC
1562,$D1E24E,$1D3DB4,raw,3816884,$FA3DB4,True,LiveText_1562,,HORACE_WEST_BANK,Generic Antiqua NPC,$03 Generic NPC
1563,$D1E251,$1D3DFD,raw,3816957,$FA3DFD,True,LiveText_1563,,HORACE_WEST_BANK,Generic Antiqua NPC,$03 Generic NPC
1564,$D1E254,$1D3E69,raw,3817065,$FA3E69,True,LiveText_1564,,HORACE_WEST_BANK,Generic Antiqua NPC,$03 Generic NPC
1565,$D1E257,$1D3EC6,raw,3817158,$FA3EC6,True,LiveText_1565,,HORACE_WEST_BANK,Horace Highwater,$0E Horace Highwater
1566,$D1E25A,$1D3F01,raw,3817217,$FA3F01,True,LiveText_1566,,HORACE_WEST_BANK,Boy,$04 Boy
1567,$D1E25D,$1D3F49,raw,3817289,$FA3F49,True,LiveText_1567,,HORACE_WEST_BANK,Boy,$04 Boy
1568,$D1E260,$1D3F96,raw,3817366,$FA3F96,True,LiveText_1568,,HORACE_WEST_BANK,Horace Highwater,$0E Horace Highwater
1569,$D1E263,$1D3FAC,raw,3817388,$FA3FAC,True,LiveText_1569,,HORACE_WEST_BANK,Horace Highwater,$0E Horace Highwater
1570,$D1E266,$1D3FDF,raw,3817439,$FA3FDF,True,LiveText_1570,,HORACE_WEST_BANK,Boy,$04 Boy
1571,$D1E269,$1D4029,raw,3817513,$FA4029,True,LiveText_1571,,HORACE_WEST_BANK,Horace Highwater,$0E Horace Highwater
1572,$D1E26C,$1D405A,raw,3817562,$FA405A,True,LiveText_1572,,HORACE_WEST_BANK,Boy,$04 Boy
1573,$D1E26F,$1D5500,raw,3822848,$FA5500,True,HoraceIntro_WaitText_1573,,HORACE_WEST_BANK,Horace Highwater,$0E Horace Highwater
1574,$D1E272,$1D552A,raw,3822890,$FA552A,True,HoraceIntro_WaitText_1574,,HORACE_WEST_BANK,Horace Highwater,$0E Horace Highwater
1575,$D1E275,$1D556D,raw,3822957,$FA556D,True,HoraceIntro_WaitText_1575,,HORACE_WEST_BANK,Horace Highwater,$0E Horace Highwater
1576,$D1E278,$1D55A0,raw,3823008,$FA55A0,True,HoraceIntro_WaitText_1576,,HORACE_WEST_BANK,Boy,$04 Boy
1577,$D1E27B,$1D55B9,raw,3823033,$FA55B9,True,HoraceIntro_WaitText_1577,,HORACE_WEST_BANK,Horace Highwater,$0E Horace Highwater
1578,$D1E27E,$1D55C1,raw,3823041,$FA55C1,True,HoraceIntro_WaitText_1578,,HORACE_WEST_BANK,Horace Highwater,$0E Horace Highwater
1579,$D1E281,$1D55DB,raw,3823067,$FA55DB,True,HoraceIntro_WaitText_1579,,HORACE_WEST_BANK,Boy,$04 Boy
1580,$D1E284,$1D55F7,raw,3823095,$FA55F7,True,HoraceIntro_WaitText_1580,,HORACE_WEST_BANK,Boy,$04 Boy
1581,$D1E287,$1D5610,raw,3823120,$FA5610,True,HoraceIntro_WaitText_1581,,HORACE_WEST_BANK,Horace Highwater,$0E Horace Highwater
1582,$D1E28A,$1D5640,raw,3823168,$FA5640,True,HoraceIntro_WaitText_1582,,HORACE_WEST_BANK,Horace Highwater,$0E Horace Highwater
1583,$D1E28D,$1D567C,raw,3823228,$FA567C,True,HoraceIntro_WaitText_1583,,HORACE_WEST_BANK,Horace Highwater,$0E Horace Highwater
1584,$D1E290,$1D5772,raw,3823474,$FA5772,True,HoraceIntro_WaitText_1584,,HORACE_WEST_BANK,Boy,$04 Boy
1585,$D1E293,$1D57BB,raw,3823547,$FA57BB,True,HoraceIntro_WaitText_1585,,HORACE_WEST_BANK,Horace Highwater,$0E Horace Highwater
1586,$D1E296,$1D57D8,raw,3823576,$FA57D8,True,HoraceIntro_WaitText_1586,,HORACE_WEST_BANK,Horace Highwater,$0E Horace Highwater
1587,$D1E299,$1D57EC,raw,3823596,$FA57EC,True,HoraceIntro_WaitText_1587,,HORACE_WEST_BANK,Boy,$04 Boy
1588,$D1E29C,$1D5837,raw,3823671,$FA5837,True,HoraceIntro_WaitText_1588,,HORACE_WEST_BANK,Horace Highwater,$0E Horace Highwater
1589,$D1E29F,$1D5851,raw,3823697,$FA5851,True,HoraceIntro_WaitText_1589,,HORACE_WEST_BANK,Horace Highwater,$0E Horace Highwater
1590,$D1E2A2,$1D593B,raw,3823931,$FA593B,True,HoraceIntro_WaitText_1590,,HORACE_WEST_BANK,Boy,$04 Boy
1591,$D1E2A5,$1D5956,raw,3823958,$FA5956,True,HoraceIntro_WaitText_1591,,HORACE_WEST_BANK,Boy,$04 Boy
1592,$D1E2A8,$1D59BC,raw,3824060,$FA59BC,True,HoraceIntro_WaitText_1592,,HORACE_WEST_BANK,Boy,$04 Boy
1593,$D1E2AB,$1D5A25,raw,3824165,$FA5A25,True,HoraceIntro_WaitText_1593,,HORACE_WEST_BANK,Boy,$04 Boy
1594,$D1E2AE,$1D5A60,raw,3824224,$FA5A60,True,HoraceIntro_WaitText_1594,,HORACE_WEST_BANK,Horace Highwater,$0E Horace Highwater
1595,$D1E2B1,$1D5A7B,raw,3824251,$FA5A7B,True,HoraceIntro_WaitText_1595,,HORACE_WEST_BANK,Horace Highwater,$0E Horace Highwater
1596,$D1E2B4,$1D5AE3,raw,3824355,$FA5AE3,True,HoraceIntro_WaitText_1596,,HORACE_WEST_BANK,Horace Highwater,$0E Horace Highwater
1597,$D1E2B7,$1D5B33,raw,3824435,$FA5B33,True,HoraceIntro_WaitText_1597,,HORACE_WEST_BANK,Boy,$04 Boy
1598,$D1E2BA,$1D5B70,raw,3824496,$FA5B70,True,HoraceIntro_WaitText_1598,,HORACE_WEST_BANK,Horace Highwater,$0E Horace Highwater
1599,$D1E2BD,$1D5BCA,raw,3824586,$FA5BCA,True,HoraceIntro_WaitText_1599,,HORACE_WEST_BANK,Horace Highwater,$0E Horace Highwater
1600,$D1E2C0,$1D5C27,raw,3824679,$FA5C27,True,HoraceIntro_WaitText_1600,,HORACE_WEST_BANK,Horace Highwater,$0E Horace Highwater
1601,$D1E2C3,$1D5C7D,raw,3824765,$FA5C7D,True,HoraceIntro_WaitText_1601,,HORACE_WEST_BANK,Horace Highwater,$0E Horace Highwater
1602,$D1E2C6,$1D5CA9,raw,3824809,$FA5CA9,True,HoraceIntro_WaitText_1602,,HORACE_WEST_BANK,Horace Highwater,$0E Horace Highwater
1603,$D1E2C9,$1D5CE1,raw,3824865,$FA5CE1,True,HoraceIntro_WaitText_1603,,HORACE_WEST_BANK,Horace Highwater,$0E Horace Highwater
1604,$D1E2CC,$1D5D1C,raw,3824924,$FA5D1C,True,HoraceIntro_WaitText_1604,,HORACE_WEST_BANK,Horace Highwater,$0E Horace Highwater
1605,$D1E2CF,$1D5D89,raw,3825033,$FA5D89,True,HoraceIntro_WaitText_1605,,HORACE_WEST_BANK,Horace Highwater,$0E Horace Highwater
1606,$D1E2D2,$1D5E01,raw,3825153,$FA5E01,True,HoraceIntro_WaitText_1606,,HORACE_WEST_BANK,Horace Highwater,$0E Horace Highwater
1607,$D1E2D5,$1D5E2A,raw,3825194,$FA5E2A,True,HoraceIntro_WaitText_1607,,HORACE_WEST_BANK,Boy,$04 Boy
1608,$D1E2D8,$1D5E39,raw,3825209,$FA5E39,True,HoraceIntro_WaitText_1608,,HORACE_WEST_BANK,Boy,$04 Boy
1609,$D1E2DB,$1D4988,raw,3819912,$FA4988,True,LiveText_1609,,HORACE_WEST_BANK,Horace Highwater,$0E Horace Highwater
1610,$D1E2DE,$1D5E50,raw,3825232,$FA5E50,True,HoraceFollowup_WaitText_1610,,HORACE_WEST_BANK,Horace Highwater,$0E Horace Highwater
1611,$D1E2E1,$1D5EB2,raw,3825330,$FA5EB2,True,HoraceFollowup_WaitText_1611,,HORACE_WEST_BANK,Horace Highwater,$0E Horace Highwater
1612,$D1E2E4,$1D4A8D,raw,3820173,$FA4A8D,True,LiveText_1612,,HORACE_WEST_BANK,Narration/System,$02 Narration / System
1613,$D1E2E7,$1D5EFA,raw,3825402,$FA5EFA,True,HoraceFollowup_WaitText_1613,,HORACE_WEST_BANK,Horace Highwater,$0E Horace Highwater
1614,$D1E2EA,$1D5F43,raw,3825475,$FA5F43,True,HoraceFollowup_WaitText_1614,,HORACE_WEST_BANK,Horace Highwater,$0E Horace Highwater
1615,$D1E2ED,$1D4B37,raw,3820343,$FA4B37,True,LiveText_1615,,HORACE_WEST_BANK,Narration/System,$02 Narration / System
1616,$D1E2F0,$1D5F93,raw,3825555,$FA5F93,True,HoraceFollowup_WaitText_1616,,HORACE_WEST_BANK,Horace Highwater,$0E Horace Highwater
1617,$D1E2F3,$1D5FC6,raw,3825606,$FA5FC6,True,HoraceFollowup_WaitText_1617,,HORACE_WEST_BANK,Horace Highwater,$0E Horace Highwater
1618,$D1E2F6,$1D4BCD,raw,3820493,$FA4BCD,True,LiveText_1618,,HORACE_WEST_BANK,Narration/System,$02 Narration / System
1619,$D1E2F9,$1D6016,raw,3825686,$FA6016,True,HoraceFollowup_WaitText_1619,,HORACE_WEST_BANK,Horace Highwater,$0E Horace Highwater
1620,$D1E2FC,$1D4C29,raw,3820585,$FA4C29,True,LiveText_1620,,HORACE_WEST_BANK,Madronius,$03 Generic NPC
1621,$D1E2FF,$1D4D9C,raw,3820956,$FA4D9C,True,LiveText_1621,,HORACE_WEST_BANK,Madronius,$03 Generic NPC
1622,$D1E302,$1D4DD8,raw,3821016,$FA4DD8,True,LiveText_1622,,HORACE_WEST_BANK,Madronius,$03 Generic NPC
1623,$D1E305,$1D4E29,raw,3821097,$FA4E29,True,LiveText_1623,,HORACE_WEST_BANK,Madronius,$03 Generic NPC
1624,$D1E308,$1D4ED0,raw,3821264,$FA4ED0,True,LiveText_1624,,HORACE_WEST_BANK,Madronius,$03 Generic NPC
1625,$D1E30B,$1D4F11,raw,3821329,$FA4F11,True,LiveText_1625,,HORACE_WEST_BANK,Madronius,$03 Generic NPC
1626,$D1E30E,$1D4F4D,raw,3821389,$FA4F4D,True,LiveText_1626,,HORACE_WEST_BANK,Madronius,$03 Generic NPC
1627,$D1E311,$1D4FDD,raw,3821533,$FA4FDD,True,LiveText_1627,,HORACE_WEST_BANK,Madronius,$03 Generic NPC
1628,$D1E314,$1D4FEF,raw,3821551,$FA4FEF,True,LiveText_1628,,HORACE_WEST_BANK,Madronius,$03 Generic NPC
1629,$D1E317,$1D5002,raw,3821570,$FA5002,True,LiveText_1629,,HORACE_WEST_BANK,Generic Antiqua NPC,$03 Generic NPC
1630,$D1E31A,$1D503A,raw,3821626,$FA503A,True,LiveText_1630,,HORACE_WEST_BANK,Generic Antiqua NPC,$03 Generic NPC
1631,$D1E31D,$1D50A6,raw,3821734,$FA50A6,True,LiveText_1631,,HORACE_WEST_BANK,Generic Antiqua NPC,$03 Generic NPC
1632,$D1E320,$1D50D3,raw,3821779,$FA50D3,True,LiveText_1632,,HORACE_WEST_BANK,Generic Antiqua NPC,$03 Generic NPC
1633,$D1E323,$1D50F2,raw,3821810,$FA50F2,True,LiveText_1633,,HORACE_WEST_BANK,Generic Antiqua NPC,$03 Generic NPC
1634,$D1E326,$1D512F,raw,3821871,$FA512F,True,LiveText_1634,,HORACE_WEST_BANK,Generic Antiqua NPC,$03 Generic NPC
1635,$D1E329,$1D5169,raw,3821929,$FA5169,True,LiveText_1635,,HORACE_WEST_BANK,Generic Antiqua NPC,$03 Generic NPC
1636,$D1E32C,$1D51C0,raw,3822016,$FA51C0,True,LiveText_1636,,HORACE_WEST_BANK,Generic Antiqua NPC,$03 Generic NPC
1637,$D1E32F,$1D5208,raw,3822088,$FA5208,True,LiveText_1637,,HORACE_WEST_BANK,Narration/System,$02 Narration / System
1638,$D1E332,$1D521E,raw,3822110,$FA521E,True,LiveText_1638,,HORACE_WEST_BANK,Sting alchemist,$03 Generic NPC
1639,$D1E335,$1D5468,raw,3822696,$FA5468,True,LiveText_1639,,HORACE_WEST_BANK,Sting alchemist,$03 Generic NPC
1640,$D1E338,$1D5268,raw,3822184,$FA5268,True,LiveText_1640,,HORACE_WEST_BANK,Sting alchemist,$03 Generic NPC
1641,$D1E33B,$1D5341,raw,3822401,$FA5341,True,LiveText_1641,,HORACE_WEST_BANK,Generic Antiqua NPC,$03 Generic NPC
1642,$D1E33E,$1D5362,raw,3822434,$FA5362,True,LiveText_1642,,HORACE_WEST_BANK,Generic Antiqua NPC,$03 Generic NPC
1643,$D1E341,$1D536C,raw,3822444,$FA536C,True,LiveText_1643,,HORACE_WEST_BANK,Generic Antiqua NPC,$03 Generic NPC
1644,$D1E344,$1D5379,raw,3822457,$FA5379,True,LiveText_1644,,HORACE_WEST_BANK,Generic Antiqua NPC,$03 Generic NPC
1645,$D1E347,$1D5381,raw,3822465,$FA5381,True,LiveText_1645,,HORACE_WEST_BANK,Generic Antiqua NPC,$03 Generic NPC
1646,$D1E34A,$1D5388,raw,3822472,$FA5388,True,LiveText_1646,,HORACE_WEST_BANK,Generic Antiqua NPC,$03 Generic NPC
1647,$D1E34D,$1D8100,raw,3866880,$FB0100,True,LiveText_1647,,ANTIQUA_DESERT_TRAVEL,Ghost Pirate / Desert Shuttle Captain,$17 Eerie Guide / Supernatural
1648,$D1E350,$1D812F,raw,3866927,$FB012F,True,LiveText_1648,,ANTIQUA_DESERT_TRAVEL,Ghost Pirate / Desert Shuttle Captain,$17 Eerie Guide / Supernatural
1649,$D1E353,$1D815A,raw,3866970,$FB015A,True,LiveText_1649,,ANTIQUA_DESERT_TRAVEL,Ghost Pirate / Desert Shuttle Captain,$17 Eerie Guide / Supernatural
1650,$D1E356,$1D81A1,raw,3867041,$FB01A1,True,LiveText_1650,,ANTIQUA_DESERT_TRAVEL,Ghost Pirate / Desert Shuttle Captain,$17 Eerie Guide / Supernatural
1651,$D1E359,$1D89C0,raw,3869120,$FB09C0,True,LiveText_1651,,ANTIQUA_DESERT_TRAVEL,Ghost Pirate / Desert Shuttle Captain,$17 Eerie Guide / Supernatural
1652,$D1E35C,$1D8211,raw,3867153,$FB0211,True,LiveText_1652,,ANTIQUA_DESERT_TRAVEL,Ghost Pirate / Desert Shuttle Captain,$17 Eerie Guide / Supernatural
1653,$D1E35F,$1D8310,raw,3867408,$FB0310,True,LiveText_1653,,ANTIQUA_DESERT_TRAVEL,Ghost Pirate / Desert Shuttle Captain,$17 Eerie Guide / Supernatural
1654,$D1E362,$1D831F,raw,3867423,$FB031F,True,LiveText_1654,,ANTIQUA_DESERT_TRAVEL,Ghost Pirate / Desert Shuttle Captain,$17 Eerie Guide / Supernatural
1655,$D1E365,$1D832A,raw,3867434,$FB032A,True,LiveText_1655,,ANTIQUA_DESERT_TRAVEL,Ghost Pirate / Desert Shuttle Captain,$17 Eerie Guide / Supernatural
1656,$D1E368,$1D832C,raw,3867436,$FB032C,True,LiveText_1656,,ANTIQUA_DESERT_TRAVEL,Ghost Pirate / Desert Shuttle Captain,$17 Eerie Guide / Supernatural
1657,$D1E36B,$1D8337,raw,3867447,$FB0337,True,LiveText_1657,,ANTIQUA_DESERT_TRAVEL,Ghost Pirate / Desert Shuttle Captain,$17 Eerie Guide / Supernatural
1658,$D1E36E,$1D8339,raw,3867449,$FB0339,True,LiveText_1658,,ANTIQUA_DESERT_TRAVEL,Ghost Pirate / Desert Shuttle Captain,$17 Eerie Guide / Supernatural
1659,$D1E371,$1D8357,raw,3867479,$FB0357,True,LiveText_1659,,ANTIQUA_DESERT_TRAVEL,Ghost Pirate / Desert Shuttle Captain,$17 Eerie Guide / Supernatural
1660,$D1E374,$1D83A6,raw,3867558,$FB03A6,True,LiveText_1660,,ANTIQUA_DESERT_TRAVEL,Ghost Pirate / Desert Shuttle Captain,$17 Eerie Guide / Supernatural
1661,$D1E377,$1D83C8,raw,3867592,$FB03C8,True,LiveText_1661,,ANTIQUA_DESERT_TRAVEL,Ghost Pirate / Desert Shuttle Captain,$17 Eerie Guide / Supernatural
1662,$D1E37A,$1D83E8,raw,3867624,$FB03E8,True,LiveText_1662,,ANTIQUA_DESERT_TRAVEL,Ghost Pirate / Desert Shuttle Captain,$17 Eerie Guide / Supernatural
1663,$D1E37D,$1D83FA,raw,3867642,$FB03FA,True,LiveText_1663,,ANTIQUA_DESERT_TRAVEL,Ghost Pirate / Desert Shuttle Captain,$17 Eerie Guide / Supernatural
1664,$D1E380,$1D840F,raw,3867663,$FB040F,True,LiveText_1664,,ANTIQUA_DESERT_TRAVEL,Ghost Pirate / Desert Shuttle Captain,$17 Eerie Guide / Supernatural
1665,$D1E383,$1D8417,raw,3867671,$FB0417,True,LiveText_1665,,ANTIQUA_DESERT_TRAVEL,Ghost Pirate / Desert Shuttle Captain,$17 Eerie Guide / Supernatural
1666,$D1E386,$1D8421,raw,3867681,$FB0421,True,LiveText_1666,,ANTIQUA_DESERT_TRAVEL,Ghost Pirate / Desert Shuttle Captain,$17 Eerie Guide / Supernatural
1667,$D1E389,$1D8429,raw,3867689,$FB0429,True,LiveText_1667,,ANTIQUA_DESERT_TRAVEL,Ghost Pirate / Desert Shuttle Captain,$17 Eerie Guide / Supernatural
1668,$D1E38C,$1D8431,raw,3867697,$FB0431,True,LiveText_1668,,ANTIQUA_DESERT_TRAVEL,Ghost Pirate / Desert Shuttle Captain,$17 Eerie Guide / Supernatural
1669,$D1E38F,$1D843A,raw,3867706,$FB043A,True,LiveText_1669,,ANTIQUA_DESERT_TRAVEL,Ghost Pirate / Desert Shuttle Captain,$17 Eerie Guide / Supernatural
1670,$D1E392,$1D8443,raw,3867715,$FB0443,True,LiveText_1670,,ANTIQUA_DESERT_TRAVEL,Ghost Pirate / Desert Shuttle Captain,$17 Eerie Guide / Supernatural
1671,$D1E395,$1D844D,raw,3867725,$FB044D,True,LiveText_1671,,ANTIQUA_DESERT_TRAVEL,Ghost Pirate / Desert Shuttle Captain,$17 Eerie Guide / Supernatural
1672,$D1E398,$1D8454,raw,3867732,$FB0454,True,LiveText_1672,,ANTIQUA_DESERT_TRAVEL,Ghost Pirate / Desert Shuttle Captain,$17 Eerie Guide / Supernatural
1673,$D1E39B,$1D8475,raw,3867765,$FB0475,True,LiveText_1673,,ANTIQUA_DESERT_TRAVEL,Ghost Pirate / Desert Shuttle Captain,$17 Eerie Guide / Supernatural
1674,$D1E39E,$1D8497,raw,3867799,$FB0497,True,LiveText_1674,,ANTIQUA_DESERT_TRAVEL,Ghost Pirate / Desert Shuttle Captain,$17 Eerie Guide / Supernatural
1675,$D1E3A1,$1D84A3,raw,3867811,$FB04A3,True,LiveText_1675,,ANTIQUA_DESERT_TRAVEL,Ghost Pirate / Desert Shuttle Captain,$17 Eerie Guide / Supernatural
1676,$D1E3A4,$1D84AC,raw,3867820,$FB04AC,True,LiveText_1676,,ANTIQUA_DESERT_TRAVEL,Ghost Pirate / Desert Shuttle Captain,$17 Eerie Guide / Supernatural
1677,$D1E3A7,$1D84B2,raw,3867826,$FB04B2,True,LiveText_1677,,ANTIQUA_DESERT_TRAVEL,Ghost Pirate / Desert Shuttle Captain,$17 Eerie Guide / Supernatural
1678,$D1E3AA,$1D84BF,raw,3867839,$FB04BF,True,LiveText_1678,,ANTIQUA_DESERT_TRAVEL,Ghost Pirate / Desert Shuttle Captain,$17 Eerie Guide / Supernatural
1679,$D1E3AD,$1D84CB,raw,3867851,$FB04CB,True,LiveText_1679,,ANTIQUA_DESERT_TRAVEL,Ghost Pirate / Desert Shuttle Captain,$17 Eerie Guide / Supernatural
1680,$D1E3B0,$1D84D0,raw,3867856,$FB04D0,True,LiveText_1680,,ANTIQUA_DESERT_TRAVEL,Ghost Pirate / Desert Shuttle Captain,$17 Eerie Guide / Supernatural
1681,$D1E3B3,$1D84D8,raw,3867864,$FB04D8,True,LiveText_1681,,ANTIQUA_DESERT_TRAVEL,Ghost Pirate / Desert Shuttle Captain,$17 Eerie Guide / Supernatural
1682,$D1E3B6,$1D84DD,raw,3867869,$FB04DD,True,LiveText_1682,,ANTIQUA_DESERT_TRAVEL,Ghost Pirate / Desert Shuttle Captain,$17 Eerie Guide / Supernatural
1683,$D1E3B9,$1D84E7,raw,3867879,$FB04E7,True,LiveText_1683,,ANTIQUA_DESERT_TRAVEL,Ghost Pirate / Desert Shuttle Captain,$17 Eerie Guide / Supernatural
1684,$D1E3BC,$1D84F3,raw,3867891,$FB04F3,True,LiveText_1684,,ANTIQUA_DESERT_TRAVEL,Ghost Pirate / Desert Shuttle Captain,$17 Eerie Guide / Supernatural
1685,$D1E3BF,$1D84FE,raw,3867902,$FB04FE,True,LiveText_1685,,ANTIQUA_DESERT_TRAVEL,Ghost Pirate / Desert Shuttle Captain,$17 Eerie Guide / Supernatural
1686,$D1E3C2,$1D8504,raw,3867908,$FB0504,True,LiveText_1686,,ANTIQUA_DESERT_TRAVEL,Ghost Pirate / Desert Shuttle Captain,$17 Eerie Guide / Supernatural
1687,$D1E3C5,$1D850C,raw,3867916,$FB050C,True,LiveText_1687,,ANTIQUA_DESERT_TRAVEL,Ghost Pirate / Desert Shuttle Captain,$17 Eerie Guide / Supernatural
1688,$D1E3C8,$1D8513,raw,3867923,$FB0513,True,LiveText_1688,,ANTIQUA_DESERT_TRAVEL,Ghost Pirate / Desert Shuttle Captain,$17 Eerie Guide / Supernatural
1689,$D1E3CB,$1D8517,raw,3867927,$FB0517,True,LiveText_1689,,ANTIQUA_DESERT_TRAVEL,Ghost Pirate / Desert Shuttle Captain,$17 Eerie Guide / Supernatural
1690,$D1E3CE,$1D851C,raw,3867932,$FB051C,True,LiveText_1690,,ANTIQUA_DESERT_TRAVEL,Ghost Pirate / Desert Shuttle Captain,$17 Eerie Guide / Supernatural
1691,$D1E3D1,$1D8524,raw,3867940,$FB0524,True,LiveText_1691,,ANTIQUA_DESERT_TRAVEL,Ghost Pirate / Desert Shuttle Captain,$17 Eerie Guide / Supernatural
1692,$D1E3D4,$1D852F,raw,3867951,$FB052F,True,LiveText_1692,,ANTIQUA_DESERT_TRAVEL,Ghost Pirate / Desert Shuttle Captain,$17 Eerie Guide / Supernatural
1693,$D1E3D7,$1D8532,raw,3867954,$FB0532,True,LiveText_1693,,ANTIQUA_DESERT_TRAVEL,Ghost Pirate / Desert Shuttle Captain,$17 Eerie Guide / Supernatural
1694,$D1E3DA,$1D853B,raw,3867963,$FB053B,True,LiveText_1694,,ANTIQUA_DESERT_TRAVEL,Ghost Pirate / Desert Shuttle Captain,$17 Eerie Guide / Supernatural
1695,$D1E3DD,$1D8546,raw,3867974,$FB0546,True,LiveText_1695,,ANTIQUA_DESERT_TRAVEL,Ghost Pirate / Desert Shuttle Captain,$17 Eerie Guide / Supernatural
1696,$D1E3E0,$1D854D,raw,3867981,$FB054D,True,LiveText_1696,,ANTIQUA_DESERT_TRAVEL,Ghost Pirate / Desert Shuttle Captain,$17 Eerie Guide / Supernatural
1697,$D1E3E3,$1D8556,raw,3867990,$FB0556,True,LiveText_1697,,ANTIQUA_DESERT_TRAVEL,Ghost Pirate / Desert Shuttle Captain,$17 Eerie Guide / Supernatural
1698,$D1E3E6,$1D8560,raw,3868000,$FB0560,True,LiveText_1698,,ANTIQUA_DESERT_TRAVEL,Ghost Pirate / Desert Shuttle Captain,$17 Eerie Guide / Supernatural
1699,$D1E3E9,$1D8567,raw,3868007,$FB0567,True,LiveText_1699,,ANTIQUA_DESERT_TRAVEL,Ghost Pirate / Desert Shuttle Captain,$17 Eerie Guide / Supernatural
1700,$D1E3EC,$1D8572,raw,3868018,$FB0572,True,LiveText_1700,,ANTIQUA_DESERT_TRAVEL,Ghost Pirate / Desert Shuttle Captain,$17 Eerie Guide / Supernatural
1701,$D1E3EF,$1D8579,raw,3868025,$FB0579,True,LiveText_1701,,ANTIQUA_DESERT_TRAVEL,Ghost Pirate / Desert Shuttle Captain,$17 Eerie Guide / Supernatural
1702,$D1E3F2,$1D857C,raw,3868028,$FB057C,True,LiveText_1702,,ANTIQUA_DESERT_TRAVEL,Ghost Pirate / Desert Shuttle Captain,$17 Eerie Guide / Supernatural
1703,$D1E3F5,$1D8583,raw,3868035,$FB0583,True,LiveText_1703,,ANTIQUA_DESERT_TRAVEL,Ghost Pirate / Desert Shuttle Captain,$17 Eerie Guide / Supernatural
1704,$D1E3F8,$1D858B,raw,3868043,$FB058B,True,LiveText_1704,,ANTIQUA_DESERT_TRAVEL,Ghost Pirate / Desert Shuttle Captain,$17 Eerie Guide / Supernatural
1705,$D1E3FB,$1D8595,raw,3868053,$FB0595,True,LiveText_1705,,ANTIQUA_DESERT_TRAVEL,Ghost Pirate / Desert Shuttle Captain,$17 Eerie Guide / Supernatural
1706,$D1E3FE,$1D859B,raw,3868059,$FB059B,True,LiveText_1706,,ANTIQUA_DESERT_TRAVEL,Ghost Pirate / Desert Shuttle Captain,$17 Eerie Guide / Supernatural
1707,$D1E401,$1D85A4,raw,3868068,$FB05A4,True,LiveText_1707,,ANTIQUA_DESERT_TRAVEL,Ghost Pirate / Desert Shuttle Captain,$17 Eerie Guide / Supernatural
1708,$D1E404,$1D85AE,raw,3868078,$FB05AE,True,LiveText_1708,,ANTIQUA_DESERT_TRAVEL,Ghost Pirate / Desert Shuttle Captain,$17 Eerie Guide / Supernatural
1709,$D1E407,$1D85B3,raw,3868083,$FB05B3,True,LiveText_1709,,ANTIQUA_DESERT_TRAVEL,Ghost Pirate / Desert Shuttle Captain,$17 Eerie Guide / Supernatural
1710,$D1E40A,$1D85B8,raw,3868088,$FB05B8,True,LiveText_1710,,ANTIQUA_DESERT_TRAVEL,Ghost Pirate / Desert Shuttle Captain,$17 Eerie Guide / Supernatural
1711,$D1E40D,$1D85BE,raw,3868094,$FB05BE,True,LiveText_1711,,ANTIQUA_DESERT_TRAVEL,Ghost Pirate / Desert Shuttle Captain,$17 Eerie Guide / Supernatural
1712,$D1E410,$1D85C3,raw,3868099,$FB05C3,True,LiveText_1712,,ANTIQUA_DESERT_TRAVEL,Ghost Pirate / Desert Shuttle Captain,$17 Eerie Guide / Supernatural
1713,$D1E413,$1D85CB,raw,3868107,$FB05CB,True,LiveText_1713,,ANTIQUA_DESERT_TRAVEL,Ghost Pirate / Desert Shuttle Captain,$17 Eerie Guide / Supernatural
1714,$D1E416,$1D85D2,raw,3868114,$FB05D2,True,LiveText_1714,,ANTIQUA_DESERT_TRAVEL,Ghost Pirate / Desert Shuttle Captain,$17 Eerie Guide / Supernatural
1715,$D1E419,$1D85D7,raw,3868119,$FB05D7,True,LiveText_1715,,ANTIQUA_DESERT_TRAVEL,Ghost Pirate / Desert Shuttle Captain,$17 Eerie Guide / Supernatural
1716,$D1E41C,$1D85DF,raw,3868127,$FB05DF,True,LiveText_1716,,ANTIQUA_DESERT_TRAVEL,Ghost Pirate / Desert Shuttle Captain,$17 Eerie Guide / Supernatural
1717,$D1E41F,$1D85E7,raw,3868135,$FB05E7,True,LiveText_1717,,ANTIQUA_DESERT_TRAVEL,Ghost Pirate / Desert Shuttle Captain,$17 Eerie Guide / Supernatural
1718,$D1E422,$1D85F1,raw,3868145,$FB05F1,True,LiveText_1718,,ANTIQUA_DESERT_TRAVEL,Ghost Pirate / Desert Shuttle Captain,$17 Eerie Guide / Supernatural
1719,$D1E425,$1D85FB,raw,3868155,$FB05FB,True,LiveText_1719,,ANTIQUA_DESERT_TRAVEL,Ghost Pirate / Desert Shuttle Captain,$17 Eerie Guide / Supernatural
1720,$D1E428,$1D85FE,raw,3868158,$FB05FE,True,LiveText_1720,,ANTIQUA_DESERT_TRAVEL,Ghost Pirate / Desert Shuttle Captain,$17 Eerie Guide / Supernatural
1721,$D1E42B,$1D8608,raw,3868168,$FB0608,True,LiveText_1721,,ANTIQUA_DESERT_TRAVEL,Ghost Pirate / Desert Shuttle Captain,$17 Eerie Guide / Supernatural
1722,$D1E42E,$1D8612,raw,3868178,$FB0612,True,LiveText_1722,,ANTIQUA_DESERT_TRAVEL,Ghost Pirate / Desert Shuttle Captain,$17 Eerie Guide / Supernatural
1723,$D1E431,$1D861C,raw,3868188,$FB061C,True,LiveText_1723,,ANTIQUA_DESERT_TRAVEL,Ghost Pirate / Desert Shuttle Captain,$17 Eerie Guide / Supernatural
1724,$D1E434,$1D8624,raw,3868196,$FB0624,True,LiveText_1724,,ANTIQUA_DESERT_TRAVEL,Ghost Pirate / Desert Shuttle Captain,$17 Eerie Guide / Supernatural
1725,$D1E437,$1D862B,raw,3868203,$FB062B,True,LiveText_1725,,ANTIQUA_DESERT_TRAVEL,Ghost Pirate / Desert Shuttle Captain,$17 Eerie Guide / Supernatural
1726,$D1E43A,$1D8633,raw,3868211,$FB0633,True,LiveText_1726,,ANTIQUA_DESERT_TRAVEL,Ghost Pirate / Desert Shuttle Captain,$17 Eerie Guide / Supernatural
1727,$D1E43D,$1D863B,raw,3868219,$FB063B,True,LiveText_1727,,ANTIQUA_DESERT_TRAVEL,Ghost Pirate / Desert Shuttle Captain,$17 Eerie Guide / Supernatural
1728,$D1E440,$1D8641,raw,3868225,$FB0641,True,LiveText_1728,,ANTIQUA_DESERT_TRAVEL,Ghost Pirate / Desert Shuttle Captain,$17 Eerie Guide / Supernatural
1729,$D1E443,$1D8648,raw,3868232,$FB0648,True,LiveText_1729,,ANTIQUA_DESERT_TRAVEL,Ghost Pirate / Desert Shuttle Captain,$17 Eerie Guide / Supernatural
1730,$D1E446,$1D864D,raw,3868237,$FB064D,True,LiveText_1730,,ANTIQUA_DESERT_TRAVEL,Ghost Pirate / Desert Shuttle Captain,$17 Eerie Guide / Supernatural
1731,$D1E449,$1D8653,raw,3868243,$FB0653,True,LiveText_1731,,ANTIQUA_DESERT_TRAVEL,Ghost Pirate / Desert Shuttle Captain,$17 Eerie Guide / Supernatural
1732,$D1E44C,$1D865B,raw,3868251,$FB065B,True,LiveText_1732,,ANTIQUA_DESERT_TRAVEL,Ghost Pirate / Desert Shuttle Captain,$17 Eerie Guide / Supernatural
1733,$D1E44F,$1D8665,raw,3868261,$FB0665,True,LiveText_1733,,ANTIQUA_DESERT_TRAVEL,Ghost Pirate / Desert Shuttle Captain,$17 Eerie Guide / Supernatural
1734,$D1E452,$1D866E,raw,3868270,$FB066E,True,LiveText_1734,,ANTIQUA_DESERT_TRAVEL,Ghost Pirate / Desert Shuttle Captain,$17 Eerie Guide / Supernatural
1735,$D1E455,$1D867A,raw,3868282,$FB067A,True,LiveText_1735,,ANTIQUA_DESERT_TRAVEL,Ghost Pirate / Desert Shuttle Captain,$17 Eerie Guide / Supernatural
1736,$D1E458,$1D867D,raw,3868285,$FB067D,True,LiveText_1736,,ANTIQUA_DESERT_TRAVEL,Ghost Pirate / Desert Shuttle Captain,$17 Eerie Guide / Supernatural
1737,$D1E45B,$1D8685,raw,3868293,$FB0685,True,LiveText_1737,,ANTIQUA_DESERT_TRAVEL,Ghost Pirate / Desert Shuttle Captain,$17 Eerie Guide / Supernatural
1738,$D1E45E,$1D868D,raw,3868301,$FB068D,True,LiveText_1738,,ANTIQUA_DESERT_TRAVEL,Ghost Pirate / Desert Shuttle Captain,$17 Eerie Guide / Supernatural
1739,$D1E461,$1D8698,raw,3868312,$FB0698,True,LiveText_1739,,ANTIQUA_DESERT_TRAVEL,Ghost Pirate / Desert Shuttle Captain,$17 Eerie Guide / Supernatural
1740,$D1E464,$1D86A4,raw,3868324,$FB06A4,True,LiveText_1740,,ANTIQUA_DESERT_TRAVEL,Ghost Pirate / Desert Shuttle Captain,$17 Eerie Guide / Supernatural
1741,$D1E467,$1D86B3,raw,3868339,$FB06B3,True,LiveText_1741,,ANTIQUA_DESERT_TRAVEL,Ghost Pirate / Desert Shuttle Captain,$17 Eerie Guide / Supernatural
1742,$D1E46A,$1D86B9,raw,3868345,$FB06B9,True,LiveText_1742,,ANTIQUA_DESERT_TRAVEL,Ghost Pirate / Desert Shuttle Captain,$17 Eerie Guide / Supernatural
1743,$D1E46D,$1D86C3,raw,3868355,$FB06C3,True,LiveText_1743,,ANTIQUA_DESERT_TRAVEL,Ghost Pirate / Desert Shuttle Captain,$17 Eerie Guide / Supernatural
1744,$D1E470,$1D86C9,raw,3868361,$FB06C9,True,LiveText_1744,,ANTIQUA_DESERT_TRAVEL,Ghost Pirate / Desert Shuttle Captain,$17 Eerie Guide / Supernatural
1745,$D1E473,$1D86D0,raw,3868368,$FB06D0,True,LiveText_1745,,ANTIQUA_DESERT_TRAVEL,Ghost Pirate / Desert Shuttle Captain,$17 Eerie Guide / Supernatural
1746,$D1E476,$1D86D9,raw,3868377,$FB06D9,True,LiveText_1746,,ANTIQUA_DESERT_TRAVEL,Ghost Pirate / Desert Shuttle Captain,$17 Eerie Guide / Supernatural
1747,$D1E479,$1D86DD,raw,3868381,$FB06DD,True,LiveText_1747,,ANTIQUA_DESERT_TRAVEL,Ghost Pirate / Desert Shuttle Captain,$17 Eerie Guide / Supernatural
1748,$D1E47C,$1D86E6,raw,3868390,$FB06E6,True,LiveText_1748,,ANTIQUA_DESERT_TRAVEL,Ghost Pirate / Desert Shuttle Captain,$17 Eerie Guide / Supernatural
1749,$D1E47F,$1D86EF,raw,3868399,$FB06EF,True,LiveText_1749,,ANTIQUA_DESERT_TRAVEL,Ghost Pirate / Desert Shuttle Captain,$17 Eerie Guide / Supernatural
1750,$D1E482,$1D86F3,raw,3868403,$FB06F3,True,LiveText_1750,,ANTIQUA_DESERT_TRAVEL,Ghost Pirate / Desert Shuttle Captain,$17 Eerie Guide / Supernatural
1751,$D1E485,$1D86F9,raw,3868409,$FB06F9,True,LiveText_1751,,ANTIQUA_DESERT_TRAVEL,Ghost Pirate / Desert Shuttle Captain,$17 Eerie Guide / Supernatural
1752,$D1E488,$1D86FF,raw,3868415,$FB06FF,True,LiveText_1752,,ANTIQUA_DESERT_TRAVEL,Ghost Pirate / Desert Shuttle Captain,$17 Eerie Guide / Supernatural
1753,$D1E48B,$1D8703,raw,3868419,$FB0703,True,LiveText_1753,,ANTIQUA_DESERT_TRAVEL,Ghost Pirate / Desert Shuttle Captain,$17 Eerie Guide / Supernatural
1754,$D1E48E,$1D870A,raw,3868426,$FB070A,True,LiveText_1754,,ANTIQUA_DESERT_TRAVEL,Ghost Pirate / Desert Shuttle Captain,$17 Eerie Guide / Supernatural
1755,$D1E491,$1D870F,raw,3868431,$FB070F,True,LiveText_1755,,ANTIQUA_DESERT_TRAVEL,Ghost Pirate / Desert Shuttle Captain,$17 Eerie Guide / Supernatural
1756,$D1E494,$1D8714,raw,3868436,$FB0714,True,LiveText_1756,,ANTIQUA_DESERT_TRAVEL,Ghost Pirate / Desert Shuttle Captain,$17 Eerie Guide / Supernatural
1757,$D1E497,$1D8719,raw,3868441,$FB0719,True,LiveText_1757,,ANTIQUA_DESERT_TRAVEL,Ghost Pirate / Desert Shuttle Captain,$17 Eerie Guide / Supernatural
1758,$D1E49A,$1D8720,raw,3868448,$FB0720,True,LiveText_1758,,ANTIQUA_DESERT_TRAVEL,Ghost Pirate / Desert Shuttle Captain,$17 Eerie Guide / Supernatural
1759,$D1E49D,$1D872A,raw,3868458,$FB072A,True,LiveText_1759,,ANTIQUA_DESERT_TRAVEL,Ghost Pirate / Desert Shuttle Captain,$17 Eerie Guide / Supernatural
1760,$D1E4A0,$1D8731,raw,3868465,$FB0731,True,LiveText_1760,,ANTIQUA_DESERT_TRAVEL,Ghost Pirate / Desert Shuttle Captain,$17 Eerie Guide / Supernatural
1761,$D1E4A3,$1D8737,raw,3868471,$FB0737,True,LiveText_1761,,ANTIQUA_DESERT_TRAVEL,Ghost Pirate / Desert Shuttle Captain,$17 Eerie Guide / Supernatural
1762,$D1E4A6,$1D873B,raw,3868475,$FB073B,True,LiveText_1762,,ANTIQUA_DESERT_TRAVEL,Ghost Pirate / Desert Shuttle Captain,$17 Eerie Guide / Supernatural
1763,$D1E4A9,$1D8744,raw,3868484,$FB0744,True,LiveText_1763,,ANTIQUA_DESERT_TRAVEL,Ghost Pirate / Desert Shuttle Captain,$17 Eerie Guide / Supernatural
1764,$D1E4AC,$1D8749,raw,3868489,$FB0749,True,LiveText_1764,,ANTIQUA_DESERT_TRAVEL,Ghost Pirate / Desert Shuttle Captain,$17 Eerie Guide / Supernatural
1765,$D1E4AF,$1D8751,raw,3868497,$FB0751,True,LiveText_1765,,ANTIQUA_DESERT_TRAVEL,Ghost Pirate / Desert Shuttle Captain,$17 Eerie Guide / Supernatural
1766,$D1E4B2,$1D8757,raw,3868503,$FB0757,True,LiveText_1766,,ANTIQUA_DESERT_TRAVEL,Ghost Pirate / Desert Shuttle Captain,$17 Eerie Guide / Supernatural
1767,$D1E4B5,$1D8761,raw,3868513,$FB0761,True,LiveText_1767,,ANTIQUA_DESERT_TRAVEL,Ghost Pirate / Desert Shuttle Captain,$17 Eerie Guide / Supernatural
1768,$D1E4B8,$1D876D,raw,3868525,$FB076D,True,LiveText_1768,,ANTIQUA_DESERT_TRAVEL,Ghost Pirate / Desert Shuttle Captain,$17 Eerie Guide / Supernatural
1769,$D1E4BB,$1D877A,raw,3868538,$FB077A,True,LiveText_1769,,ANTIQUA_DESERT_TRAVEL,Ghost Pirate / Desert Shuttle Captain,$17 Eerie Guide / Supernatural
1770,$D1E4BE,$1D8780,raw,3868544,$FB0780,True,LiveText_1770,,ANTIQUA_DESERT_TRAVEL,Ghost Pirate / Desert Shuttle Captain,$17 Eerie Guide / Supernatural
1771,$D1E4C1,$1D8788,raw,3868552,$FB0788,True,LiveText_1771,,ANTIQUA_DESERT_TRAVEL,Ghost Pirate / Desert Shuttle Captain,$17 Eerie Guide / Supernatural
1772,$D1E4C4,$1D8792,raw,3868562,$FB0792,True,LiveText_1772,,ANTIQUA_DESERT_TRAVEL,Ghost Pirate / Desert Shuttle Captain,$17 Eerie Guide / Supernatural
1773,$D1E4C7,$1D8797,raw,3868567,$FB0797,True,LiveText_1773,,ANTIQUA_DESERT_TRAVEL,Ghost Pirate / Desert Shuttle Captain,$17 Eerie Guide / Supernatural
1774,$D1E4CA,$1D87A6,raw,3868582,$FB07A6,True,LiveText_1774,,ANTIQUA_DESERT_TRAVEL,Ghost Pirate / Desert Shuttle Captain,$17 Eerie Guide / Supernatural
1775,$D1E4CD,$1D87B0,raw,3868592,$FB07B0,True,LiveText_1775,,ANTIQUA_DESERT_TRAVEL,Ghost Pirate / Desert Shuttle Captain,$17 Eerie Guide / Supernatural
1776,$D1E4D0,$1D87B5,raw,3868597,$FB07B5,True,LiveText_1776,,ANTIQUA_DESERT_TRAVEL,Ghost Pirate / Desert Shuttle Captain,$17 Eerie Guide / Supernatural
1777,$D1E4D3,$1D87BA,raw,3868602,$FB07BA,True,LiveText_1777,,ANTIQUA_DESERT_TRAVEL,Ghost Pirate / Desert Shuttle Captain,$17 Eerie Guide / Supernatural
1778,$D1E4D6,$1D87C5,raw,3868613,$FB07C5,True,LiveText_1778,,ANTIQUA_DESERT_TRAVEL,Ghost Pirate / Desert Shuttle Captain,$17 Eerie Guide / Supernatural
1779,$D1E4D9,$1D87C8,raw,3868616,$FB07C8,True,LiveText_1779,,ANTIQUA_DESERT_TRAVEL,Ghost Pirate / Desert Shuttle Captain,$17 Eerie Guide / Supernatural
1780,$D1E4DC,$1D87CF,raw,3868623,$FB07CF,True,LiveText_1780,,ANTIQUA_DESERT_TRAVEL,Ghost Pirate / Desert Shuttle Captain,$17 Eerie Guide / Supernatural
1781,$D1E4DF,$1D87D7,raw,3868631,$FB07D7,True,LiveText_1781,,ANTIQUA_DESERT_TRAVEL,Ghost Pirate / Desert Shuttle Captain,$17 Eerie Guide / Supernatural
1782,$D1E4E2,$1D87E1,raw,3868641,$FB07E1,True,LiveText_1782,,ANTIQUA_DESERT_TRAVEL,Ghost Pirate / Desert Shuttle Captain,$17 Eerie Guide / Supernatural
1783,$D1E4E5,$1D87E7,raw,3868647,$FB07E7,True,LiveText_1783,,ANTIQUA_DESERT_TRAVEL,Ghost Pirate / Desert Shuttle Captain,$17 Eerie Guide / Supernatural
1784,$D1E4E8,$1D87F0,raw,3868656,$FB07F0,True,LiveText_1784,,ANTIQUA_DESERT_TRAVEL,Ghost Pirate / Desert Shuttle Captain,$17 Eerie Guide / Supernatural
1785,$D1E4EB,$1D87FC,raw,3868668,$FB07FC,True,LiveText_1785,,ANTIQUA_DESERT_TRAVEL,Ghost Pirate / Desert Shuttle Captain,$17 Eerie Guide / Supernatural
1786,$D1E4EE,$1D8801,raw,3868673,$FB0801,True,LiveText_1786,,ANTIQUA_DESERT_TRAVEL,Ghost Pirate / Desert Shuttle Captain,$17 Eerie Guide / Supernatural
1787,$D1E4F1,$1D8806,raw,3868678,$FB0806,True,LiveText_1787,,ANTIQUA_DESERT_TRAVEL,Ghost Pirate / Desert Shuttle Captain,$17 Eerie Guide / Supernatural
1788,$D1E4F4,$1D880B,raw,3868683,$FB080B,True,LiveText_1788,,ANTIQUA_DESERT_TRAVEL,Ghost Pirate / Desert Shuttle Captain,$17 Eerie Guide / Supernatural
1789,$D1E4F7,$1D8813,raw,3868691,$FB0813,True,LiveText_1789,,ANTIQUA_DESERT_TRAVEL,Ghost Pirate / Desert Shuttle Captain,$17 Eerie Guide / Supernatural
1790,$D1E4FA,$1D8819,raw,3868697,$FB0819,True,LiveText_1790,,ANTIQUA_DESERT_TRAVEL,Ghost Pirate / Desert Shuttle Captain,$17 Eerie Guide / Supernatural
1791,$D1E4FD,$1D881F,raw,3868703,$FB081F,True,LiveText_1791,,ANTIQUA_DESERT_TRAVEL,Ghost Pirate / Desert Shuttle Captain,$17 Eerie Guide / Supernatural
1792,$D1E500,$1D8829,raw,3868713,$FB0829,True,LiveText_1792,,ANTIQUA_DESERT_TRAVEL,Ghost Pirate / Desert Shuttle Captain,$17 Eerie Guide / Supernatural
1793,$D1E503,$1D8832,raw,3868722,$FB0832,True,LiveText_1793,,ANTIQUA_DESERT_TRAVEL,Ghost Pirate / Desert Shuttle Captain,$17 Eerie Guide / Supernatural
1794,$D1E506,$1D8837,raw,3868727,$FB0837,True,LiveText_1794,,ANTIQUA_DESERT_TRAVEL,Ghost Pirate / Desert Shuttle Captain,$17 Eerie Guide / Supernatural
1795,$D1E509,$1D883E,raw,3868734,$FB083E,True,LiveText_1795,,ANTIQUA_DESERT_TRAVEL,Ghost Pirate / Desert Shuttle Captain,$17 Eerie Guide / Supernatural
1796,$D1E50C,$1D8845,raw,3868741,$FB0845,True,LiveText_1796,,ANTIQUA_DESERT_TRAVEL,Ghost Pirate / Desert Shuttle Captain,$17 Eerie Guide / Supernatural
1797,$D1E50F,$1D8848,raw,3868744,$FB0848,True,LiveText_1797,,ANTIQUA_DESERT_TRAVEL,Ghost Pirate / Desert Shuttle Captain,$17 Eerie Guide / Supernatural
1798,$D1E512,$1D884F,raw,3868751,$FB084F,True,LiveText_1798,,ANTIQUA_DESERT_TRAVEL,Ghost Pirate / Desert Shuttle Captain,$17 Eerie Guide / Supernatural
1799,$D1E515,$1D8857,raw,3868759,$FB0857,True,LiveText_1799,,ANTIQUA_DESERT_TRAVEL,Ghost Pirate / Desert Shuttle Captain,$17 Eerie Guide / Supernatural
1800,$D1E518,$1D885B,raw,3868763,$FB085B,True,LiveText_1800,,ANTIQUA_DESERT_TRAVEL,Ghost Pirate / Desert Shuttle Captain,$17 Eerie Guide / Supernatural
1801,$D1E51B,$1D8860,raw,3868768,$FB0860,True,LiveText_1801,,ANTIQUA_DESERT_TRAVEL,Ghost Pirate / Desert Shuttle Captain,$17 Eerie Guide / Supernatural
1802,$D1E51E,$1D8864,raw,3868772,$FB0864,True,LiveText_1802,,ANTIQUA_DESERT_TRAVEL,Ghost Pirate / Desert Shuttle Captain,$17 Eerie Guide / Supernatural
1803,$D1E521,$1D8869,raw,3868777,$FB0869,True,LiveText_1803,,ANTIQUA_DESERT_TRAVEL,Ghost Pirate / Desert Shuttle Captain,$17 Eerie Guide / Supernatural
1804,$D1E524,$1D8875,raw,3868789,$FB0875,True,LiveText_1804,,ANTIQUA_DESERT_TRAVEL,Ghost Pirate / Desert Shuttle Captain,$17 Eerie Guide / Supernatural
1805,$D1E527,$1D887D,raw,3868797,$FB087D,True,LiveText_1805,,ANTIQUA_DESERT_TRAVEL,Ghost Pirate / Desert Shuttle Captain,$17 Eerie Guide / Supernatural
1806,$D1E52A,$1D8884,raw,3868804,$FB0884,True,LiveText_1806,,ANTIQUA_DESERT_TRAVEL,Ghost Pirate / Desert Shuttle Captain,$17 Eerie Guide / Supernatural
1807,$D1E52D,$1D888D,raw,3868813,$FB088D,True,LiveText_1807,,ANTIQUA_DESERT_TRAVEL,Ghost Pirate / Desert Shuttle Captain,$17 Eerie Guide / Supernatural
1808,$D1E530,$1D8895,raw,3868821,$FB0895,True,LiveText_1808,,ANTIQUA_DESERT_TRAVEL,Ghost Pirate / Desert Shuttle Captain,$17 Eerie Guide / Supernatural
1809,$D1E533,$1D8898,raw,3868824,$FB0898,True,LiveText_1809,,ANTIQUA_DESERT_TRAVEL,Ghost Pirate / Desert Shuttle Captain,$17 Eerie Guide / Supernatural
1810,$D1E536,$1D88A0,raw,3868832,$FB08A0,True,LiveText_1810,,ANTIQUA_DESERT_TRAVEL,Ghost Pirate / Desert Shuttle Captain,$17 Eerie Guide / Supernatural
1811,$D1E539,$1D88A9,raw,3868841,$FB08A9,True,LiveText_1811,,ANTIQUA_DESERT_TRAVEL,Ghost Pirate / Desert Shuttle Captain,$17 Eerie Guide / Supernatural
1812,$D1E53C,$1D88B0,raw,3868848,$FB08B0,True,LiveText_1812,,ANTIQUA_DESERT_TRAVEL,Ghost Pirate / Desert Shuttle Captain,$17 Eerie Guide / Supernatural
1813,$D1E53F,$1D88BB,raw,3868859,$FB08BB,True,LiveText_1813,,ANTIQUA_DESERT_TRAVEL,Ghost Pirate / Desert Shuttle Captain,$17 Eerie Guide / Supernatural
1814,$D1E542,$1D88C1,raw,3868865,$FB08C1,True,LiveText_1814,,ANTIQUA_DESERT_TRAVEL,Ghost Pirate / Desert Shuttle Captain,$17 Eerie Guide / Supernatural
1815,$D1E545,$1D88C7,raw,3868871,$FB08C7,True,LiveText_1815,,ANTIQUA_DESERT_TRAVEL,Ghost Pirate / Desert Shuttle Captain,$17 Eerie Guide / Supernatural
1816,$D1E548,$1D88CB,raw,3868875,$FB08CB,True,LiveText_1816,,ANTIQUA_DESERT_TRAVEL,Ghost Pirate / Desert Shuttle Captain,$17 Eerie Guide / Supernatural
1817,$D1E54B,$1D88D2,raw,3868882,$FB08D2,True,LiveText_1817,,ANTIQUA_DESERT_TRAVEL,Ghost Pirate / Desert Shuttle Captain,$17 Eerie Guide / Supernatural
1818,$D1E54E,$1D88DA,raw,3868890,$FB08DA,True,LiveText_1818,,ANTIQUA_DESERT_TRAVEL,Ghost Pirate / Desert Shuttle Captain,$17 Eerie Guide / Supernatural
1819,$D1E551,$1D88E5,raw,3868901,$FB08E5,True,LiveText_1819,,ANTIQUA_DESERT_TRAVEL,Ghost Pirate / Desert Shuttle Captain,$17 Eerie Guide / Supernatural
1820,$D1E554,$1D88EA,raw,3868906,$FB08EA,True,LiveText_1820,,ANTIQUA_DESERT_TRAVEL,Ghost Pirate / Desert Shuttle Captain,$17 Eerie Guide / Supernatural
1821,$D1E557,$1D88F4,raw,3868916,$FB08F4,True,LiveText_1821,,ANTIQUA_DESERT_TRAVEL,Ghost Pirate / Desert Shuttle Captain,$17 Eerie Guide / Supernatural
1822,$D1E55A,$1D8901,raw,3868929,$FB0901,True,LiveText_1822,,ANTIQUA_DESERT_TRAVEL,Ghost Pirate / Desert Shuttle Captain,$17 Eerie Guide / Supernatural
1823,$D1E55D,$1D890D,raw,3868941,$FB090D,True,LiveText_1823,,ANTIQUA_DESERT_TRAVEL,Ghost Pirate / Desert Shuttle Captain,$17 Eerie Guide / Supernatural
1824,$D1E560,$1D8910,raw,3868944,$FB0910,True,LiveText_1824,,ANTIQUA_DESERT_TRAVEL,Ghost Pirate / Desert Shuttle Captain,$17 Eerie Guide / Supernatural
1825,$D1E563,$1D8917,raw,3868951,$FB0917,True,LiveText_1825,,ANTIQUA_DESERT_TRAVEL,Ghost Pirate / Desert Shuttle Captain,$17 Eerie Guide / Supernatural
1826,$D1E566,$1D891D,raw,3868957,$FB091D,True,LiveText_1826,,ANTIQUA_DESERT_TRAVEL,Ghost Pirate / Desert Shuttle Captain,$17 Eerie Guide / Supernatural
1827,$D1E569,$1D8925,raw,3868965,$FB0925,True,LiveText_1827,,ANTIQUA_DESERT_TRAVEL,Ghost Pirate / Desert Shuttle Captain,$17 Eerie Guide / Supernatural
1828,$D1E56C,$1D892C,raw,3868972,$FB092C,True,LiveText_1828,,ANTIQUA_DESERT_TRAVEL,Ghost Pirate / Desert Shuttle Captain,$17 Eerie Guide / Supernatural
1829,$D1E56F,$1D8932,raw,3868978,$FB0932,True,LiveText_1829,,ANTIQUA_DESERT_TRAVEL,Ghost Pirate / Desert Shuttle Captain,$17 Eerie Guide / Supernatural
1830,$D1E572,$1D8938,raw,3868984,$FB0938,True,LiveText_1830,,ANTIQUA_DESERT_TRAVEL,Ghost Pirate / Desert Shuttle Captain,$17 Eerie Guide / Supernatural
1831,$D1E575,$1D893C,raw,3868988,$FB093C,True,LiveText_1831,,ANTIQUA_DESERT_TRAVEL,Ghost Pirate / Desert Shuttle Captain,$17 Eerie Guide / Supernatural
1832,$D1E578,$1D8941,raw,3868993,$FB0941,True,LiveText_1832,,ANTIQUA_DESERT_TRAVEL,Ghost Pirate / Desert Shuttle Captain,$17 Eerie Guide / Supernatural
1833,$D1E57B,$1D8946,raw,3868998,$FB0946,True,LiveText_1833,,ANTIQUA_DESERT_TRAVEL,Ghost Pirate / Desert Shuttle Captain,$17 Eerie Guide / Supernatural
1834,$D1E57E,$1D894B,raw,3869003,$FB094B,True,LiveText_1834,,ANTIQUA_DESERT_TRAVEL,Ghost Pirate / Desert Shuttle Captain,$17 Eerie Guide / Supernatural
1835,$D1E581,$1D8954,raw,3869012,$FB0954,True,LiveText_1835,,ANTIQUA_DESERT_TRAVEL,Ghost Pirate / Desert Shuttle Captain,$17 Eerie Guide / Supernatural
1836,$D1E584,$1D895A,raw,3869018,$FB095A,True,LiveText_1836,,ANTIQUA_DESERT_TRAVEL,Ghost Pirate / Desert Shuttle Captain,$17 Eerie Guide / Supernatural
1837,$D1E587,$1D895E,raw,3869022,$FB095E,True,LiveText_1837,,ANTIQUA_DESERT_TRAVEL,Ghost Pirate / Desert Shuttle Captain,$17 Eerie Guide / Supernatural
1838,$D1E58A,$1D8964,raw,3869028,$FB0964,True,LiveText_1838,,ANTIQUA_DESERT_TRAVEL,Ghost Pirate / Desert Shuttle Captain,$17 Eerie Guide / Supernatural
1839,$D1E58D,$1D896D,raw,3869037,$FB096D,True,LiveText_1839,,ANTIQUA_DESERT_TRAVEL,Ghost Pirate / Desert Shuttle Captain,$17 Eerie Guide / Supernatural
1840,$D1E590,$1D8976,raw,3869046,$FB0976,True,LiveText_1840,,ANTIQUA_DESERT_TRAVEL,Ghost Pirate / Desert Shuttle Captain,$17 Eerie Guide / Supernatural
1841,$D1E593,$1D897F,raw,3869055,$FB097F,True,LiveText_1841,,ANTIQUA_DESERT_TRAVEL,Ghost Pirate / Desert Shuttle Captain,$17 Eerie Guide / Supernatural
1842,$D1E596,$1D8985,raw,3869061,$FB0985,True,LiveText_1842,,ANTIQUA_DESERT_TRAVEL,Ghost Pirate / Desert Shuttle Captain,$17 Eerie Guide / Supernatural
1843,$D1E599,$1D8989,raw,3869065,$FB0989,True,LiveText_1843,,ANTIQUA_DESERT_TRAVEL,Ghost Pirate / Desert Shuttle Captain,$17 Eerie Guide / Supernatural
1844,$D1E59C,$1D8990,raw,3869072,$FB0990,True,LiveText_1844,,ANTIQUA_DESERT_TRAVEL,Ghost Pirate / Desert Shuttle Captain,$17 Eerie Guide / Supernatural
1845,$D1E59F,$1D8995,raw,3869077,$FB0995,True,LiveText_1845,,ANTIQUA_DESERT_TRAVEL,Ghost Pirate / Desert Shuttle Captain,$17 Eerie Guide / Supernatural
1846,$D1E5A2,$1D899A,raw,3869082,$FB099A,True,LiveText_1846,,ANTIQUA_DESERT_TRAVEL,Ghost Pirate / Desert Shuttle Captain,$17 Eerie Guide / Supernatural
1847,$D1E5A5,$1D899F,raw,3869087,$FB099F,True,LiveText_1847,,ANTIQUA_DESERT_TRAVEL,Ghost Pirate / Desert Shuttle Captain,$17 Eerie Guide / Supernatural
1848,$D1E5A8,$1D89A6,raw,3869094,$FB09A6,True,LiveText_1848,,ANTIQUA_DESERT_TRAVEL,Ghost Pirate / Desert Shuttle Captain,$17 Eerie Guide / Supernatural
1849,$D1E5AB,$1D89AB,raw,3869099,$FB09AB,True,LiveText_1849,,ANTIQUA_DESERT_TRAVEL,Ghost Pirate / Desert Shuttle Captain,$17 Eerie Guide / Supernatural
1850,$D1E5AE,$1D89B1,raw,3869105,$FB09B1,True,LiveText_1850,,ANTIQUA_DESERT_TRAVEL,Narration/System,$02 Narration / System
1851,$D1E5B1,$1D9100,raw,3870976,$FB1100,True,LiveText_1851,,ANTIQUA_HALL_PYRAMID,Narration/System,$02 Narration / System
1852,$D1E5B4,$1D910E,raw,3870990,$FB110E,True,LiveText_1852,,ANTIQUA_HALL_PYRAMID,Narration/System,$02 Narration / System
1853,$D1E5B7,$1D9126,raw,3871014,$FB1126,True,LiveText_1853,,ANTIQUA_HALL_PYRAMID,Boy,$04 Boy
1854,$D1E5BA,$1D913B,raw,3871035,$FB113B,True,LiveText_1854,,ANTIQUA_HALL_PYRAMID,Boy,$04 Boy
1855,$D1E5BD,$1D9157,raw,3871063,$FB1157,True,LiveText_1855,,ANTIQUA_HALL_PYRAMID,Boy,$04 Boy
1856,$D1E5C0,$1D9184,raw,3871108,$FB1184,True,LiveText_1856,,ANTIQUA_HALL_PYRAMID,Boy,$04 Boy
1857,$D1E5C3,$1D91A3,raw,3871139,$FB11A3,True,LiveText_1857,,ANTIQUA_HALL_PYRAMID,Boy,$04 Boy
1858,$D1E5C6,$1D91DF,raw,3871199,$FB11DF,True,LiveText_1858,,ANTIQUA_HALL_PYRAMID,Blimp,$06 Blimp
1859,$D1E5C9,$1D922E,raw,3871278,$FB122E,True,LiveText_1859,,ANTIQUA_HALL_PYRAMID,Blimp,$06 Blimp
1860,$D1E5CC,$1D9263,raw,3871331,$FB1263,True,LiveText_1860,,ANTIQUA_HALL_PYRAMID,Boy,$04 Boy
1861,$D1E5CF,$1D9278,raw,3871352,$FB1278,True,LiveText_1861,,ANTIQUA_HALL_PYRAMID,Blimp,$06 Blimp
1862,$D1E5D2,$1D92BB,raw,3871419,$FB12BB,True,LiveText_1862,,ANTIQUA_HALL_PYRAMID,Boy,$04 Boy
1863,$D1E5D5,$1D92DE,raw,3871454,$FB12DE,True,LiveText_1863,,ANTIQUA_HALL_PYRAMID,Blimp,$06 Blimp
1864,$D1E5D8,$1D9334,raw,3871540,$FB1334,True,LiveText_1864,,ANTIQUA_HALL_PYRAMID,Narration/System,$02 Narration / System
1865,$D1E5DB,$1D9348,raw,3871560,$FB1348,True,LiveText_1865,,ANTIQUA_HALL_PYRAMID,Blimp,$06 Blimp
1866,$D1E5DE,$1D9397,raw,3871639,$FB1397,True,LiveText_1866,,ANTIQUA_HALL_PYRAMID,Generic Antiqua NPC,$03 Generic NPC
1867,$D1E5E1,$1D93AF,raw,3871663,$FB13AF,True,LiveText_1867,,ANTIQUA_HALL_PYRAMID,Boy,$04 Boy
1868,$D1E5E4,$1D93ED,raw,3871725,$FB13ED,True,LiveText_1868,,ANTIQUA_HALL_PYRAMID,Boy,$04 Boy
1869,$D1E5E7,$1D9435,raw,3871797,$FB1435,True,LiveText_1869,,ANTIQUA_HALL_PYRAMID,Boy,$04 Boy
1870,$D1E5EA,$1D9463,raw,3871843,$FB1463,True,LiveText_1870,,ANTIQUA_HALL_PYRAMID,Boy,$04 Boy
1871,$D1E5ED,$1D99B0,raw,3873200,$FB19B0,True,LiveText_1871,,ANTIQUA_HALL_PYRAMID,Boy,$04 Boy
1872,$D1E5F0,$1D9528,raw,3872040,$FB1528,True,LiveText_1872,,ANTIQUA_HALL_PYRAMID,Boy,$04 Boy
1873,$D1E5F3,$1D9560,raw,3872096,$FB1560,True,LiveText_1873,,ANTIQUA_HALL_PYRAMID,Generic Antiqua NPC,$03 Generic NPC
1874,$D1E5F6,$1D957E,raw,3872126,$FB157E,True,LiveText_1874,,ANTIQUA_HALL_PYRAMID,Generic Antiqua NPC,$03 Generic NPC
1875,$D1E5F9,$1D9599,raw,3872153,$FB1599,True,LiveText_1875,,ANTIQUA_HALL_PYRAMID,Boy,$04 Boy
1876,$D1E5FC,$1D95F7,raw,3872247,$FB15F7,True,LiveText_1876,,ANTIQUA_HALL_PYRAMID,Narration/System,$02 Narration / System
1877,$D1E5FF,$1D9609,raw,3872265,$FB1609,True,LiveText_1877,,ANTIQUA_HALL_PYRAMID,Narration/System,$02 Narration / System
1878,$D1E602,$1D9A20,raw,3873312,$FB1A20,True,LiveText_1878,,ANTIQUA_HALL_PYRAMID,Boy,$04 Boy
1879,$D1E605,$1D967D,raw,3872381,$FB167D,True,LiveText_1879,,ANTIQUA_HALL_PYRAMID,Boy,$04 Boy
1880,$D1E608,$1D96B5,raw,3872437,$FB16B5,True,LiveText_1880,,ANTIQUA_HALL_PYRAMID,Boy,$04 Boy
1881,$D1E60B,$1D96D2,raw,3872466,$FB16D2,True,LiveText_1881,,ANTIQUA_HALL_PYRAMID,Madronius's brother,$03 Generic NPC
1882,$D1E60E,$1D9718,raw,3872536,$FB1718,True,LiveText_1882,,ANTIQUA_HALL_PYRAMID,Boy,$04 Boy
1883,$D1E611,$1D9774,raw,3872628,$FB1774,True,LiveText_1883,,ANTIQUA_HALL_PYRAMID,Madronius's brother,$03 Generic NPC
1884,$D1E614,$1D97A8,raw,3872680,$FB17A8,True,LiveText_1884,,ANTIQUA_HALL_PYRAMID,Madronius's brother,$03 Generic NPC
1885,$D1E617,$1D97DD,raw,3872733,$FB17DD,True,LiveText_1885,,ANTIQUA_HALL_PYRAMID,Madronius's brother,$03 Generic NPC
1886,$D1E61A,$1D9819,raw,3872793,$FB1819,True,LiveText_1886,,ANTIQUA_HALL_PYRAMID,Madronius's brother,$03 Generic NPC
1887,$D1E61D,$1D9869,raw,3872873,$FB1869,True,LiveText_1887,,ANTIQUA_HALL_PYRAMID,Madronius's brother,$03 Generic NPC
1888,$D1E620,$1D98AD,raw,3872941,$FB18AD,True,LiveText_1888,,ANTIQUA_HALL_PYRAMID,Madronius's brother,$03 Generic NPC
1889,$D1E623,$1D98FB,raw,3873019,$FB18FB,True,LiveText_1889,,ANTIQUA_HALL_PYRAMID,Narration/System,$02 Narration / System
1890,$D1E626,$1D9911,raw,3873041,$FB1911,True,LiveText_1890,,ANTIQUA_HALL_PYRAMID,Madronius's brother,$03 Generic NPC
1891,$D1E629,$1D996A,raw,3873130,$FB196A,True,LiveText_1891,,ANTIQUA_HALL_PYRAMID,Narration/System,$02 Narration / System
1892,$D1E62C,$1D9983,raw,3873155,$FB1983,True,LiveText_1892,,ANTIQUA_HALL_PYRAMID,Boy,$04 Boy
1893,$D1E62F,$1DA100,raw,3875072,$FB2100,True,LiveText_1893,,HORACE_FINALE,Evil Horace,$11 Artificial Horace
1894,$D1E632,$1DA124,raw,3875108,$FB2124,True,LiveText_1894,,HORACE_FINALE,Evil Horace,$11 Artificial Horace
1895,$D1E635,$1DA161,raw,3875169,$FB2161,True,LiveText_1895,,HORACE_FINALE,Boy,$04 Boy
1896,$D1E638,$1DA1BB,raw,3875259,$FB21BB,True,LiveText_1896,,HORACE_FINALE,Evil Horace,$11 Artificial Horace
1897,$D1E63B,$1DA1E7,raw,3875303,$FB21E7,True,LiveText_1897,,HORACE_FINALE,Boy,$04 Boy
1898,$D1E63E,$191000,raw,3280896,$F21000,True,LiveText_1898,$F31000,HORACE_FINALE / normal mirrored side,Horace / Boy,PAGE_MAP
1899,$D1E641,$1DA214,raw,3875348,$FB2214,True,LiveText_1899,,HORACE_FINALE,Boy,$04 Boy
1900,$D1E644,$1DA236,raw,3875382,$FB2236,True,LiveText_1900,,HORACE_FINALE,Horace Highwater,$0E Horace Highwater
1901,$D1E647,$1DA25E,raw,3875422,$FB225E,True,LiveText_1901,,HORACE_FINALE,Boy,$04 Boy
1902,$D1E64A,$1DA280,raw,3875456,$FB2280,True,LiveText_1902,,HORACE_FINALE,Horace Highwater,$0E Horace Highwater
1903,$D1E64D,$1DA308,raw,3875592,$FB2308,True,LiveText_1903,,HORACE_FINALE,Boy,$04 Boy
1904,$D1E650,$1DA32D,raw,3875629,$FB232D,True,LiveText_1904,,HORACE_FINALE,Horace Highwater,$0E Horace Highwater
1905,$D1E653,$1DA38D,raw,3875725,$FB238D,True,LiveText_1905,,HORACE_FINALE,Horace Highwater,$0E Horace Highwater
1906,$D1E656,$1DA3C6,raw,3875782,$FB23C6,True,LiveText_1906,,HORACE_FINALE,Tiny,$14 Tiny
1907,$D1E659,$1DA3FB,raw,3875835,$FB23FB,True,LiveText_1907,,HORACE_FINALE,Horace Highwater,$0E Horace Highwater
1908,$D1E65C,$1DA46C,raw,3875948,$FB246C,True,LiveText_1908,,HORACE_FINALE,Tiny,$14 Tiny
1909,$D1E65F,$1DA49E,raw,3875998,$FB249E,True,LiveText_1909,,HORACE_FINALE,Tiny,$14 Tiny
1910,$D1E662,$1DA4B6,raw,3876022,$FB24B6,True,LiveText_1910,,HORACE_FINALE,Tiny,$14 Tiny
1911,$D1E665,$1DA4C4,raw,3876036,$FB24C4,True,LiveText_1911,,HORACE_FINALE,Tiny,$14 Tiny
1912,$D1E668,$1DA4D6,raw,3876054,$FB24D6,True,LiveText_1912,,HORACE_FINALE,Boy,$04 Boy
1913,$D1E66B,$1DA4F8,raw,3876088,$FB24F8,True,LiveText_1913,,HORACE_FINALE,Horace Highwater,$0E Horace Highwater
1914,$D1E66E,$1DA52C,raw,3876140,$FB252C,True,LiveText_1914,,HORACE_FINALE,Boy,$04 Boy
1915,$D1E671,$1DA56F,raw,3876207,$FB256F,True,LiveText_1915,,HORACE_FINALE,Boy,$04 Boy
1916,$D1E674,$1DA5AF,raw,3876271,$FB25AF,True,LiveText_1916,,HORACE_FINALE,Horace Highwater,$0E Horace Highwater
1917,$D1E677,$1DA5CE,raw,3876302,$FB25CE,True,LiveText_1917,,HORACE_FINALE,Horace Highwater,$0E Horace Highwater
1918,$D1E67A,$1DA5D4,raw,3876308,$FB25D4,True,LiveText_1918,,HORACE_FINALE,Horace Highwater,$0E Horace Highwater
1919,$D1E67D,$1DA5E3,raw,3876323,$FB25E3,True,LiveText_1919,,HORACE_FINALE,Madronius,$03 Generic NPC
1920,$D1E680,$1DA616,raw,3876374,$FB2616,True,LiveText_1920,,HORACE_FINALE,Horace Highwater,$0E Horace Highwater
1921,$D1E683,$1DA640,raw,3876416,$FB2640,True,LiveText_1921,,HORACE_FINALE,Madronius,$03 Generic NPC
1922,$D1E686,$1DA6D1,raw,3876561,$FB26D1,True,LiveText_1922,,HORACE_FINALE,Horace Highwater,$0E Horace Highwater
1923,$D1E689,$1DA6FC,raw,3876604,$FB26FC,True,LiveText_1923,,HORACE_FINALE,Horace Highwater,$0E Horace Highwater
1924,$D1E68C,$1DA713,raw,3876627,$FB2713,True,LiveText_1924,,HORACE_FINALE,Horace,$0E Horace Highwater
1925,$D1E68F,$1DA730,raw,3876656,$FB2730,True,LiveText_1925,,HORACE_FINALE,Horace,$0E Horace Highwater
1926,$D1E692,$1DA735,raw,3876661,$FB2735,True,LiveText_1926,,HORACE_FINALE,Horace,$0E Horace Highwater
1927,$D1E695,$1DA73D,raw,3876669,$FB273D,True,LiveText_1927,,HORACE_FINALE,Boy,$04 Boy
1928,$D1E698,$1DA764,raw,3876708,$FB2764,True,LiveText_1928,,HORACE_FINALE,Boy,$04 Boy
1929,$D1E69B,$1DA781,raw,3876737,$FB2781,True,LiveText_1929,,HORACE_FINALE,Horace Highwater,$0E Horace Highwater
1930,$D1E69E,$1DA7A1,raw,3876769,$FB27A1,True,LiveText_1930,,HORACE_FINALE,Horace Highwater,$0E Horace Highwater
1931,$D1E6A1,$1DA7F4,raw,3876852,$FB27F4,True,LiveText_1931,,HORACE_FINALE,Horace Highwater,$0E Horace Highwater
1932,$D1E6A4,$1DA845,raw,3876933,$FB2845,True,LiveText_1932,,HORACE_FINALE,Narration/System,$02 Narration / System
1933,$D1E6A7,$1DA910,raw,3877136,$FB2910,True,LiveText_1933,,HORACE_FINALE,Horace Highwater,$0E Horace Highwater
1934,$D1E6AA,$1DA8A6,raw,3877030,$FB28A6,True,LiveText_1934,,HORACE_FINALE,Narration/System,$02 Narration / System
1935,$D1E6AD,$1DA8BD,raw,3877053,$FB28BD,True,LiveText_1935,,HORACE_FINALE,Horace Highwater,$0E Horace Highwater
1936,$D1E6B0,$1DA8EC,raw,3877100,$FB28EC,True,LiveText_1936,,HORACE_FINALE,Boy,$04 Boy
1937,$D1E6B3,$1DA8FE,raw,3877118,$FB28FE,True,LiveText_1937,,HORACE_FINALE,Boy,$04 Boy
1938,$D1E6B6,$1DB100,raw,3879168,$FB3100,True,LiveText_1938,,GOTHICA_ARRIVAL_DUNGEON_SEWER,Narration/System,$02 Narration / System
1939,$D1E6B9,$1DB114,raw,3879188,$FB3114,True,LiveText_1939,,GOTHICA_ARRIVAL_DUNGEON_SEWER,Narration/System,$02 Narration / System
1940,$D1E6BC,$1DB141,raw,3879233,$FB3141,True,LiveText_1940,,GOTHICA_ARRIVAL_DUNGEON_SEWER,Narration/System,$02 Narration / System
1941,$D1E6BF,$1DB16F,raw,3879279,$FB316F,True,LiveText_1941,,GOTHICA_ARRIVAL_DUNGEON_SEWER,Narration/System,$02 Narration / System
1942,$D1E6C2,$1DB19D,raw,3879325,$FB319D,True,LiveText_1942,,GOTHICA_ARRIVAL_DUNGEON_SEWER,Boy,$04 Boy
1943,$D1E6C5,$1DB1CB,raw,3879371,$FB31CB,True,LiveText_1943,,GOTHICA_ARRIVAL_DUNGEON_SEWER,Generic Gothica NPC,$03 Generic NPC
1944,$D1E6C8,$1DB1D5,raw,3879381,$FB31D5,True,LiveText_1944,,GOTHICA_ARRIVAL_DUNGEON_SEWER,Narration/System,$02 Narration / System
1945,$D1E6CB,$1DB1EC,raw,3879404,$FB31EC,True,LiveText_1945,,GOTHICA_ARRIVAL_DUNGEON_SEWER,Narration/System,$02 Narration / System
1946,$D1E6CE,$1DB201,raw,3879425,$FB3201,True,LiveText_1946,,GOTHICA_ARRIVAL_DUNGEON_SEWER,Generic Gothica NPC,$03 Generic NPC
1947,$D1E6D1,$1DB226,raw,3879462,$FB3226,True,LiveText_1947,,GOTHICA_ARRIVAL_DUNGEON_SEWER,Generic Gothica NPC,$03 Generic NPC
1948,$D1E6D4,$1DC6A0,raw,3884704,$FB46A0,True,LiveText_1948,,GOTHICA_ARRIVAL_DUNGEON_SEWER,Generic Gothica NPC,$03 Generic NPC
1949,$D1E6D7,$1DB2C0,raw,3879616,$FB32C0,True,LiveText_1949,,GOTHICA_ARRIVAL_DUNGEON_SEWER,Generic Gothica NPC,$03 Generic NPC
1950,$D1E6DA,$1DB339,raw,3879737,$FB3339,True,LiveText_1950,,GOTHICA_ARRIVAL_DUNGEON_SEWER,Generic Gothica NPC,$03 Generic NPC
1951,$D1E6DD,$1DB364,raw,3879780,$FB3364,True,LiveText_1951,,GOTHICA_ARRIVAL_DUNGEON_SEWER,Narration/System,$02 Narration / System
1952,$D1E6E0,$1DB372,raw,3879794,$FB3372,True,LiveText_1952,,GOTHICA_ARRIVAL_DUNGEON_SEWER,Gothica formula-giver,$03 Generic NPC
1953,$D1E6E3,$1DB3E3,raw,3879907,$FB33E3,True,LiveText_1953,,GOTHICA_ARRIVAL_DUNGEON_SEWER,Gothica formula-giver,$03 Generic NPC
1954,$D1E6E6,$1DB41F,raw,3879967,$FB341F,True,LiveText_1954,,GOTHICA_ARRIVAL_DUNGEON_SEWER,Generic Gothica NPC,$03 Generic NPC
1955,$D1E6E9,$1DB4A7,raw,3880103,$FB34A7,True,LiveText_1955,,GOTHICA_ARRIVAL_DUNGEON_SEWER,Generic Gothica NPC,$03 Generic NPC
1956,$D1E6EC,$1DB4FE,raw,3880190,$FB34FE,True,LiveText_1956,,GOTHICA_ARRIVAL_DUNGEON_SEWER,Generic Gothica NPC,$03 Generic NPC
1957,$D1E6EF,$1DB530,raw,3880240,$FB3530,True,LiveText_1957,,GOTHICA_ARRIVAL_DUNGEON_SEWER,Narration/System,$02 Narration / System
1958,$D1E6F2,$1DB537,raw,3880247,$FB3537,True,LiveText_1958,,GOTHICA_ARRIVAL_DUNGEON_SEWER,Boy,$04 Boy
1959,$D1E6F5,$1DB577,raw,3880311,$FB3577,True,LiveText_1959,,GOTHICA_ARRIVAL_DUNGEON_SEWER,Boy,$04 Boy
1960,$D1E6F8,$1DB596,raw,3880342,$FB3596,True,LiveText_1960,,GOTHICA_ARRIVAL_DUNGEON_SEWER,Boy,$04 Boy
1961,$D1E6FB,$1DB5CF,raw,3880399,$FB35CF,True,LiveText_1961,,GOTHICA_ARRIVAL_DUNGEON_SEWER,Narration/System,$02 Narration / System
1962,$D1E6FE,$1DB5DA,raw,3880410,$FB35DA,True,LiveText_1962,,GOTHICA_ARRIVAL_DUNGEON_SEWER,Boy,$04 Boy
1963,$D1E701,$1DB61F,raw,3880479,$FB361F,True,LiveText_1963,,GOTHICA_ARRIVAL_DUNGEON_SEWER,Boy,$04 Boy
1964,$D1E704,$1DB65E,raw,3880542,$FB365E,True,LiveText_1964,,GOTHICA_ARRIVAL_DUNGEON_SEWER,Boy,$04 Boy
1965,$D1E707,$1DB680,raw,3880576,$FB3680,True,LiveText_1965,,GOTHICA_ARRIVAL_DUNGEON_SEWER,Generic Gothica NPC,$03 Generic NPC
1966,$D1E70A,$1DB6F1,raw,3880689,$FB36F1,True,LiveText_1966,,GOTHICA_ARRIVAL_DUNGEON_SEWER,Generic Gothica NPC,$03 Generic NPC
1967,$D1E70D,$1DB745,raw,3880773,$FB3745,True,LiveText_1967,,GOTHICA_ARRIVAL_DUNGEON_SEWER,Generic Gothica NPC,$03 Generic NPC
1968,$D1E710,$1DB77E,raw,3880830,$FB377E,True,LiveText_1968,,GOTHICA_ARRIVAL_DUNGEON_SEWER,Boy,$04 Boy
1969,$D1E713,$1DB817,raw,3880983,$FB3817,True,LiveText_1969,,GOTHICA_ARRIVAL_DUNGEON_SEWER,Evil Queen,$12 Artificial Queen
1970,$D1E716,$1DB85E,raw,3881054,$FB385E,True,LiveText_1970,,GOTHICA_ARRIVAL_DUNGEON_SEWER,Evil Queen,$12 Artificial Queen
1971,$D1E719,$1DB893,raw,3881107,$FB3893,True,LiveText_1971,,GOTHICA_ARRIVAL_DUNGEON_SEWER,Evil Queen,$12 Artificial Queen
1972,$D1E71C,$1DB8CA,raw,3881162,$FB38CA,True,LiveText_1972,,GOTHICA_ARRIVAL_DUNGEON_SEWER,Boy,$04 Boy
1973,$D1E71F,$1DB90A,raw,3881226,$FB390A,True,LiveText_1973,,GOTHICA_ARRIVAL_DUNGEON_SEWER,Boy,$04 Boy
1974,$D1E722,$1DB94A,raw,3881290,$FB394A,True,LiveText_1974,,GOTHICA_ARRIVAL_DUNGEON_SEWER,Evil Queen,$12 Artificial Queen
1975,$D1E725,$1DB9A1,raw,3881377,$FB39A1,True,LiveText_1975,,GOTHICA_ARRIVAL_DUNGEON_SEWER,Evil Queen,$12 Artificial Queen
1976,$D1E728,$1DB9E2,raw,3881442,$FB39E2,True,LiveText_1976,,GOTHICA_ARRIVAL_DUNGEON_SEWER,Evil Queen,$12 Artificial Queen
1977,$D1E72B,$1DBA26,raw,3881510,$FB3A26,True,LiveText_1977,,GOTHICA_ARRIVAL_DUNGEON_SEWER,Evil Queen,$12 Artificial Queen
1978,$D1E72E,$1DBA73,raw,3881587,$FB3A73,True,LiveText_1978,,GOTHICA_ARRIVAL_DUNGEON_SEWER,Evil Queen,$12 Artificial Queen
1979,$D1E731,$1DBAC2,raw,3881666,$FB3AC2,True,LiveText_1979,,GOTHICA_ARRIVAL_DUNGEON_SEWER,Evil Queen,$12 Artificial Queen
1980,$D1E734,$1DBAFA,raw,3881722,$FB3AFA,True,LiveText_1980,,GOTHICA_ARRIVAL_DUNGEON_SEWER,Evil Queen,$12 Artificial Queen
1981,$D1E737,$1DBB80,raw,3881856,$FB3B80,True,LiveText_1981,,GOTHICA_ARRIVAL_DUNGEON_SEWER,Evil Queen,$12 Artificial Queen
1982,$D1E73A,$1DBBF2,raw,3881970,$FB3BF2,True,LiveText_1982,,GOTHICA_ARRIVAL_DUNGEON_SEWER,Evil Queen,$12 Artificial Queen
1983,$D1E73D,$1DBC5C,raw,3882076,$FB3C5C,True,LiveText_1983,,GOTHICA_ARRIVAL_DUNGEON_SEWER,Boy,$04 Boy
1984,$D1E740,$1DBC78,raw,3882104,$FB3C78,True,LiveText_1984,,GOTHICA_ARRIVAL_DUNGEON_SEWER,Evil Queen,$12 Artificial Queen
1985,$D1E743,$1DBCEA,raw,3882218,$FB3CEA,True,LiveText_1985,,GOTHICA_ARRIVAL_DUNGEON_SEWER,Evil Queen,$12 Artificial Queen
1986,$D1E746,$1DBD10,raw,3882256,$FB3D10,True,LiveText_1986,,GOTHICA_ARRIVAL_DUNGEON_SEWER,Evil Queen,$12 Artificial Queen
1987,$D1E749,$1DBD30,raw,3882288,$FB3D30,True,LiveText_1987,,GOTHICA_ARRIVAL_DUNGEON_SEWER,Evil Queen,$12 Artificial Queen
1988,$D1E74C,$1DBD64,raw,3882340,$FB3D64,True,LiveText_1988,,GOTHICA_ARRIVAL_DUNGEON_SEWER,Evil Queen,$12 Artificial Queen
1989,$D1E74F,$1DBE2E,raw,3882542,$FB3E2E,True,LiveText_1989,,GOTHICA_ARRIVAL_DUNGEON_SEWER,Evil Queen,$12 Artificial Queen
1990,$D1E752,$1DBE49,raw,3882569,$FB3E49,True,LiveText_1990,,GOTHICA_ARRIVAL_DUNGEON_SEWER,Evil Queen,$12 Artificial Queen
1991,$D1E755,$1DBE64,raw,3882596,$FB3E64,True,LiveText_1991,,GOTHICA_ARRIVAL_DUNGEON_SEWER,Eronio,$03 Generic NPC
1992,$D1E758,$1DBEA1,raw,3882657,$FB3EA1,True,LiveText_1992,,GOTHICA_ARRIVAL_DUNGEON_SEWER,Eronio,$03 Generic NPC
1993,$D1E75B,$1DBEB2,raw,3882674,$FB3EB2,True,LiveText_1993,,GOTHICA_ARRIVAL_DUNGEON_SEWER,Evil Queen,$12 Artificial Queen
1994,$D1E75E,$1DBEC1,raw,3882689,$FB3EC1,True,LiveText_1994,,GOTHICA_ARRIVAL_DUNGEON_SEWER,Evil Queen,$12 Artificial Queen
1995,$D1E761,$1DBEF6,raw,3882742,$FB3EF6,True,LiveText_1995,,GOTHICA_ARRIVAL_DUNGEON_SEWER,Eronio,$03 Generic NPC
1996,$D1E764,$1DBF29,raw,3882793,$FB3F29,True,LiveText_1996,,GOTHICA_ARRIVAL_DUNGEON_SEWER,Evil Queen,$12 Artificial Queen
1997,$D1E767,$1DBF48,raw,3882824,$FB3F48,True,LiveText_1997,,GOTHICA_ARRIVAL_DUNGEON_SEWER,Eronio,$03 Generic NPC
1998,$D1E76A,$1DBF76,raw,3882870,$FB3F76,True,LiveText_1998,,GOTHICA_ARRIVAL_DUNGEON_SEWER,Eronio,$03 Generic NPC
1999,$D1E76D,$1DBFAE,raw,3882926,$FB3FAE,True,LiveText_1999,,GOTHICA_ARRIVAL_DUNGEON_SEWER,Evil Queen,$12 Artificial Queen
2000,$D1E770,$1A66B0,raw,3434160,$F466B0,True,LiveText_2000,,GOTHICA_ARRIVAL_DUNGEON_SEWER,Boy,$04 Boy
2001,$D1E773,$1DC01F,raw,3883039,$FB401F,True,LiveText_2001,,GOTHICA_ARRIVAL_DUNGEON_SEWER,Boy,$04 Boy
2002,$D1E776,$1DC064,raw,3883108,$FB4064,True,LiveText_2002,,GOTHICA_ARRIVAL_DUNGEON_SEWER,Boy,$04 Boy
2003,$D1E779,$1DC07A,raw,3883130,$FB407A,True,LiveText_2003,,GOTHICA_ARRIVAL_DUNGEON_SEWER,Guard / Authority,$03 Generic NPC
2004,$D1E77C,$1DC0A6,raw,3883174,$FB40A6,True,LiveText_2004,,GOTHICA_ARRIVAL_DUNGEON_SEWER,Guard / Authority,$03 Generic NPC
2005,$D1E77F,$1DC105,raw,3883269,$FB4105,True,LiveText_2005,,GOTHICA_ARRIVAL_DUNGEON_SEWER,Guard / Authority,$03 Generic NPC
2006,$D1E782,$1DC14F,raw,3883343,$FB414F,True,LiveText_2006,,GOTHICA_ARRIVAL_DUNGEON_SEWER,Narration/System,$02 Narration / System
2007,$D1E785,$1DC156,raw,3883350,$FB4156,True,LiveText_2007,,GOTHICA_ARRIVAL_DUNGEON_SEWER,Generic Gothica NPC,$03 Generic NPC
2008,$D1E788,$1DC182,raw,3883394,$FB4182,True,LiveText_2008,,GOTHICA_ARRIVAL_DUNGEON_SEWER,Generic Gothica NPC,$03 Generic NPC
2009,$D1E78B,$1DC211,raw,3883537,$FB4211,True,LiveText_2009,,GOTHICA_ARRIVAL_DUNGEON_SEWER,Generic Gothica NPC,$03 Generic NPC
2010,$D1E78E,$1DC25D,raw,3883613,$FB425D,True,LiveText_2010,,GOTHICA_ARRIVAL_DUNGEON_SEWER,Boy,$04 Boy
2011,$D1E791,$1DC277,raw,3883639,$FB4277,True,LiveText_2011,,GOTHICA_ARRIVAL_DUNGEON_SEWER,Guard / Authority,$03 Generic NPC
2012,$D1E794,$1DC2AA,raw,3883690,$FB42AA,True,LiveText_2012,,GOTHICA_ARRIVAL_DUNGEON_SEWER,Guard / Authority,$03 Generic NPC
2013,$D1E797,$1DC2DF,raw,3883743,$FB42DF,True,LiveText_2013,,GOTHICA_ARRIVAL_DUNGEON_SEWER,Guard / Authority,$03 Generic NPC
2014,$D1E79A,$1DC342,raw,3883842,$FB4342,True,LiveText_2014,,GOTHICA_ARRIVAL_DUNGEON_SEWER,Guard / Authority,$03 Generic NPC
2015,$D1E79D,$1DC3D5,raw,3883989,$FB43D5,True,LiveText_2015,,GOTHICA_ARRIVAL_DUNGEON_SEWER,Generic Gothica NPC,$03 Generic NPC
2016,$D1E7A0,$1DC3EB,raw,3884011,$FB43EB,True,LiveText_2016,,GOTHICA_ARRIVAL_DUNGEON_SEWER,Narration/System,$02 Narration / System
2017,$D1E7A3,$1DC3F2,raw,3884018,$FB43F2,True,LiveText_2017,,GOTHICA_ARRIVAL_DUNGEON_SEWER,Narration/System,$02 Narration / System
2018,$D1E7A6,$1DC3FE,raw,3884030,$FB43FE,True,LiveText_2018,,GOTHICA_ARRIVAL_DUNGEON_SEWER,Boy,$04 Boy
2019,$D1E7A9,$1DC427,raw,3884071,$FB4427,True,LiveText_2019,,GOTHICA_ARRIVAL_DUNGEON_SEWER,Narration/System,$02 Narration / System
2020,$D1E7AC,$1DC440,raw,3884096,$FB4440,True,LiveText_2020,,GOTHICA_ARRIVAL_DUNGEON_SEWER,Boy,$04 Boy
2021,$D1E7AF,$1DC710,raw,3884816,$FB4710,True,LiveText_2021,,GOTHICA_ARRIVAL_DUNGEON_SEWER,Guard / Authority,$03 Generic NPC
2022,$D1E7B2,$1DC4B1,raw,3884209,$FB44B1,True,LiveText_2022,,GOTHICA_ARRIVAL_DUNGEON_SEWER,Guard / Authority,$03 Generic NPC
2023,$D1E7B5,$1DC4EF,raw,3884271,$FB44EF,True,LiveText_2023,,GOTHICA_ARRIVAL_DUNGEON_SEWER,Narration/System,$02 Narration / System
2024,$D1E7B8,$1DC4FC,raw,3884284,$FB44FC,True,LiveText_2024,,GOTHICA_ARRIVAL_DUNGEON_SEWER,Gothica formula-giver,$03 Generic NPC
2025,$D1E7BB,$1DC52B,raw,3884331,$FB452B,True,LiveText_2025,,GOTHICA_ARRIVAL_DUNGEON_SEWER,Gothica formula-giver,$03 Generic NPC
2026,$D1E7BE,$1DC582,raw,3884418,$FB4582,True,LiveText_2026,,GOTHICA_ARRIVAL_DUNGEON_SEWER,Gothica formula-giver,$03 Generic NPC
2027,$D1E7C1,$1DC5CC,raw,3884492,$FB45CC,True,LiveText_2027,,GOTHICA_ARRIVAL_DUNGEON_SEWER,Generic Gothica NPC,$03 Generic NPC
2028,$D1E7C4,$1DC5EC,raw,3884524,$FB45EC,True,LiveText_2028,,GOTHICA_ARRIVAL_DUNGEON_SEWER,Narration/System,$02 Narration / System
2029,$D1E7C7,$1DC609,raw,3884553,$FB4609,True,LiveText_2029,,GOTHICA_ARRIVAL_DUNGEON_SEWER,Narration/System,$02 Narration / System
2030,$D1E7CA,$1DC626,raw,3884582,$FB4626,True,LiveText_2030,,GOTHICA_ARRIVAL_DUNGEON_SEWER,Generic Gothica NPC,$03 Generic NPC
2031,$D1E7CD,$1A9400,raw,3478528,$F51400,True,LiveText_2031,,GOTHICA_TOWNS_EBON_IVOR,Generic Gothica NPC,$03 Generic NPC
2032,$D1E7D0,$1A9472,raw,3478642,$F51472,True,LiveText_2032,,GOTHICA_TOWNS_EBON_IVOR,Generic Gothica NPC,$03 Generic NPC
2033,$D1E7D3,$1A94A4,raw,3478692,$F514A4,True,LiveText_2033,,GOTHICA_TOWNS_EBON_IVOR,Generic Gothica NPC,$03 Generic NPC
2034,$D1E7D6,$1A94F7,raw,3478775,$F514F7,True,LiveText_2034,,GOTHICA_TOWNS_EBON_IVOR,Generic Gothica NPC,$03 Generic NPC
2035,$D1E7D9,$1A9540,raw,3478848,$F51540,True,LiveText_2035,,GOTHICA_TOWNS_EBON_IVOR,Generic Gothica NPC,$03 Generic NPC
2036,$D1E7DC,$1A9587,raw,3478919,$F51587,True,LiveText_2036,,GOTHICA_TOWNS_EBON_IVOR,Generic Gothica NPC,$03 Generic NPC
2037,$D1E7DF,$1A95E3,raw,3479011,$F515E3,True,LiveText_2037,,GOTHICA_TOWNS_EBON_IVOR,Generic Gothica NPC,$03 Generic NPC
2038,$D1E7E2,$1A963C,raw,3479100,$F5163C,True,LiveText_2038,,GOTHICA_TOWNS_EBON_IVOR,Generic Gothica NPC,$03 Generic NPC
2039,$D1E7E5,$1A966F,raw,3479151,$F5166F,True,LiveText_2039,,GOTHICA_TOWNS_EBON_IVOR,Generic Gothica NPC,$03 Generic NPC
2040,$D1E7E8,$1A96C5,raw,3479237,$F516C5,True,LiveText_2040,,GOTHICA_TOWNS_EBON_IVOR,Generic Gothica NPC,$03 Generic NPC
2041,$D1E7EB,$1A97A7,raw,3479463,$F517A7,True,LiveText_2041,,GOTHICA_TOWNS_EBON_IVOR,Generic Gothica NPC,$03 Generic NPC
2042,$D1E7EE,$1A97F5,raw,3479541,$F517F5,True,LiveText_2042,,GOTHICA_TOWNS_EBON_IVOR,Generic Gothica NPC,$03 Generic NPC
2043,$D1E7F1,$1A9829,raw,3479593,$F51829,True,LiveText_2043,,GOTHICA_TOWNS_EBON_IVOR,Generic Gothica NPC,$03 Generic NPC
2044,$D1E7F4,$1A987A,raw,3479674,$F5187A,True,LiveText_2044,,GOTHICA_TOWNS_EBON_IVOR,Generic Gothica NPC,$03 Generic NPC
2045,$D1E7F7,$1A990B,raw,3479819,$F5190B,True,LiveText_2045,,GOTHICA_TOWNS_EBON_IVOR,Generic Gothica NPC,$03 Generic NPC
2046,$D1E7FA,$1A996A,raw,3479914,$F5196A,True,LiveText_2046,,GOTHICA_TOWNS_EBON_IVOR,Generic Gothica NPC,$03 Generic NPC
2047,$D1E7FD,$1A99A4,raw,3479972,$F519A4,True,LiveText_2047,,GOTHICA_TOWNS_EBON_IVOR,Generic Gothica NPC,$03 Generic NPC
2048,$D1E800,$1A99E5,raw,3480037,$F519E5,True,LiveText_2048,,GOTHICA_TOWNS_EBON_IVOR,Generic Gothica NPC,$03 Generic NPC
2049,$D1E803,$1A9A57,raw,3480151,$F51A57,True,LiveText_2049,,GOTHICA_TOWNS_EBON_IVOR,Generic Gothica NPC,$03 Generic NPC
2050,$D1E806,$1A9AA2,raw,3480226,$F51AA2,True,LiveText_2050,,GOTHICA_TOWNS_EBON_IVOR,Generic Gothica NPC,$03 Generic NPC
2051,$D1E809,$1A9AEC,raw,3480300,$F51AEC,True,LiveText_2051,,GOTHICA_TOWNS_EBON_IVOR,Generic Gothica NPC,$03 Generic NPC
2052,$D1E80C,$1ADE70,raw,3497584,$F55E70,True,LiveText_2052,,GOTHICA_TOWNS_EBON_IVOR,Generic Gothica NPC,$03 Generic NPC
2053,$D1E80F,$1A9C07,raw,3480583,$F51C07,True,LiveText_2053,,GOTHICA_TOWNS_EBON_IVOR,Generic Gothica NPC,$03 Generic NPC
2054,$D1E812,$1A9C4C,raw,3480652,$F51C4C,True,LiveText_2054,,GOTHICA_TOWNS_EBON_IVOR,Generic Gothica NPC,$03 Generic NPC
2055,$D1E815,$1A9CA3,raw,3480739,$F51CA3,True,LiveText_2055,,GOTHICA_TOWNS_EBON_IVOR,Generic Gothica NPC,$03 Generic NPC
2056,$D1E818,$1A9D01,raw,3480833,$F51D01,True,LiveText_2056,,GOTHICA_TOWNS_EBON_IVOR,Generic Gothica NPC,$03 Generic NPC
2057,$D1E81B,$1A9D5B,raw,3480923,$F51D5B,True,LiveText_2057,,GOTHICA_TOWNS_EBON_IVOR,Generic Gothica NPC,$03 Generic NPC
2058,$D1E81E,$1A9D9B,raw,3480987,$F51D9B,True,LiveText_2058,,GOTHICA_TOWNS_EBON_IVOR,Generic Gothica NPC,$03 Generic NPC
2059,$D1E821,$1A9E05,raw,3481093,$F51E05,True,LiveText_2059,,GOTHICA_TOWNS_EBON_IVOR,Generic Gothica NPC,$03 Generic NPC
2060,$D1E824,$1A9E4C,raw,3481164,$F51E4C,True,LiveText_2060,,GOTHICA_TOWNS_EBON_IVOR,Generic Gothica NPC,$03 Generic NPC
2061,$D1E827,$1A9F09,raw,3481353,$F51F09,True,LiveText_2061,,GOTHICA_TOWNS_EBON_IVOR,Generic Gothica NPC,$03 Generic NPC
2062,$D1E82A,$1A9FA1,raw,3481505,$F51FA1,True,LiveText_2062,,GOTHICA_TOWNS_EBON_IVOR,Generic Gothica NPC,$03 Generic NPC
2063,$D1E82D,$1A9FF1,raw,3481585,$F51FF1,True,LiveText_2063,,GOTHICA_TOWNS_EBON_IVOR,Generic Gothica NPC,$03 Generic NPC
2064,$D1E830,$1AA081,raw,3481729,$F52081,True,LiveText_2064,,GOTHICA_TOWNS_EBON_IVOR,Generic Gothica NPC,$03 Generic NPC
2065,$D1E833,$1AA0D0,raw,3481808,$F520D0,True,LiveText_2065,,GOTHICA_TOWNS_EBON_IVOR,Generic Gothica NPC,$03 Generic NPC
2066,$D1E836,$1AA11F,raw,3481887,$F5211F,True,LiveText_2066,,GOTHICA_TOWNS_EBON_IVOR,Generic Gothica NPC,$03 Generic NPC
2067,$D1E839,$1AA140,raw,3481920,$F52140,True,LiveText_2067,,GOTHICA_TOWNS_EBON_IVOR,Merchant / Trader,$03 Generic NPC
2068,$D1E83C,$1AA19A,raw,3482010,$F5219A,True,LiveText_2068,,GOTHICA_TOWNS_EBON_IVOR,Merchant / Trader,$03 Generic NPC
2069,$D1E83F,$1AA1CD,raw,3482061,$F521CD,True,LiveText_2069,,GOTHICA_TOWNS_EBON_IVOR,Merchant / Trader,$03 Generic NPC
2070,$D1E842,$1AA1F3,raw,3482099,$F521F3,True,LiveText_2070,,GOTHICA_TOWNS_EBON_IVOR,Merchant / Trader,$03 Generic NPC
2071,$D1E845,$1AA218,raw,3482136,$F52218,True,LiveText_2071,,GOTHICA_TOWNS_EBON_IVOR,Merchant / Trader,$03 Generic NPC
2072,$D1E848,$1AA262,raw,3482210,$F52262,True,LiveText_2072,,GOTHICA_TOWNS_EBON_IVOR,Merchant / Trader,$03 Generic NPC
2073,$D1E84B,$1AA291,raw,3482257,$F52291,True,LiveText_2073,,GOTHICA_TOWNS_EBON_IVOR,Merchant / Trader,$03 Generic NPC
2074,$D1E84E,$1AA2B6,raw,3482294,$F522B6,True,LiveText_2074,,GOTHICA_TOWNS_EBON_IVOR,Merchant / Trader,$03 Generic NPC
2075,$D1E851,$1AA2CF,raw,3482319,$F522CF,True,LiveText_2075,,GOTHICA_TOWNS_EBON_IVOR,Merchant / Trader,$03 Generic NPC
2076,$D1E854,$1AA318,raw,3482392,$F52318,True,LiveText_2076,,GOTHICA_TOWNS_EBON_IVOR,Merchant / Trader,$03 Generic NPC
2077,$D1E857,$1AA35C,raw,3482460,$F5235C,True,LiveText_2077,,GOTHICA_TOWNS_EBON_IVOR,Merchant / Trader,$03 Generic NPC
2078,$D1E85A,$1AA386,raw,3482502,$F52386,True,LiveText_2078,,GOTHICA_TOWNS_EBON_IVOR,Merchant / Trader,$03 Generic NPC
2079,$D1E85D,$1AA39F,raw,3482527,$F5239F,True,LiveText_2079,,GOTHICA_TOWNS_EBON_IVOR,Merchant / Trader,$03 Generic NPC
2080,$D1E860,$1AA3CD,raw,3482573,$F523CD,True,LiveText_2080,,GOTHICA_TOWNS_EBON_IVOR,Merchant / Trader,$03 Generic NPC
2081,$D1E863,$1AA4AE,raw,3482798,$F524AE,True,LiveText_2081,,GOTHICA_TOWNS_EBON_IVOR,Merchant / Trader,$03 Generic NPC
2082,$D1E866,$1AA516,raw,3482902,$F52516,True,LiveText_2082,,GOTHICA_TOWNS_EBON_IVOR,Merchant / Trader,$03 Generic NPC
2083,$D1E869,$1AA58F,raw,3483023,$F5258F,True,LiveText_2083,,GOTHICA_TOWNS_EBON_IVOR,Merchant / Trader,$03 Generic NPC
2084,$D1E86C,$1AA5DD,raw,3483101,$F525DD,True,LiveText_2084,,GOTHICA_TOWNS_EBON_IVOR,Merchant / Trader,$03 Generic NPC
2085,$D1E86F,$1AA6D1,raw,3483345,$F526D1,True,LiveText_2085,,GOTHICA_TOWNS_EBON_IVOR,Merchant / Trader,$03 Generic NPC
2086,$D1E872,$1AA71E,raw,3483422,$F5271E,True,LiveText_2086,,GOTHICA_TOWNS_EBON_IVOR,Merchant / Trader,$03 Generic NPC
2087,$D1E875,$1ADF20,raw,3497760,$F55F20,True,LiveText_2087,,GOTHICA_TOWNS_EBON_IVOR,Merchant / Trader,$03 Generic NPC
2088,$D1E878,$1AA7BE,raw,3483582,$F527BE,True,LiveText_2088,,GOTHICA_TOWNS_EBON_IVOR,Merchant / Trader,$03 Generic NPC
2089,$D1E87B,$1AA880,raw,3483776,$F52880,True,LiveText_2089,,GOTHICA_TOWNS_EBON_IVOR,Merchant / Trader,$03 Generic NPC
2090,$D1E87E,$1AA8BB,raw,3483835,$F528BB,True,LiveText_2090,,GOTHICA_TOWNS_EBON_IVOR,Merchant / Trader,$03 Generic NPC
2091,$D1E881,$1AA8F7,raw,3483895,$F528F7,True,LiveText_2091,,GOTHICA_TOWNS_EBON_IVOR,Merchant / Trader,$03 Generic NPC
2092,$D1E884,$1AA92E,raw,3483950,$F5292E,True,LiveText_2092,,GOTHICA_TOWNS_EBON_IVOR,Merchant / Trader,$03 Generic NPC
2093,$D1E887,$1AA9A4,raw,3484068,$F529A4,True,LiveText_2093,,GOTHICA_TOWNS_EBON_IVOR,Merchant / Trader,$03 Generic NPC
2094,$D1E88A,$1AAA48,raw,3484232,$F52A48,True,LiveText_2094,,GOTHICA_TOWNS_EBON_IVOR,Merchant / Trader,$03 Generic NPC
2095,$D1E88D,$1AAA70,raw,3484272,$F52A70,True,LiveText_2095,,GOTHICA_TOWNS_EBON_IVOR,Merchant / Trader,$03 Generic NPC
2096,$D1E890,$1AAA92,raw,3484306,$F52A92,True,LiveText_2096,,GOTHICA_TOWNS_EBON_IVOR,Guard / Authority,$03 Generic NPC
2097,$D1E893,$1AAB1C,raw,3484444,$F52B1C,True,LiveText_2097,,GOTHICA_TOWNS_EBON_IVOR,Guard / Authority,$03 Generic NPC
2098,$D1E896,$1AABAD,raw,3484589,$F52BAD,True,LiveText_2098,,GOTHICA_TOWNS_EBON_IVOR,Guard / Authority,$03 Generic NPC
2099,$D1E899,$1AAC0D,raw,3484685,$F52C0D,True,LiveText_2099,,GOTHICA_TOWNS_EBON_IVOR,Guard / Authority,$03 Generic NPC
2100,$D1E89C,$1AAC54,raw,3484756,$F52C54,True,LiveText_2100,,GOTHICA_TOWNS_EBON_IVOR,Guard / Authority,$03 Generic NPC
2101,$D1E89F,$1ADF80,raw,3497856,$F55F80,True,LiveText_2101,,GOTHICA_TOWNS_EBON_IVOR,Generic Gothica NPC,$03 Generic NPC
2102,$D1E8A2,$1AACFE,raw,3484926,$F52CFE,True,LiveText_2102,,GOTHICA_TOWNS_EBON_IVOR,Generic Gothica NPC,$03 Generic NPC
2103,$D1E8A5,$1AAD44,raw,3484996,$F52D44,True,LiveText_2103,,GOTHICA_TOWNS_EBON_IVOR,Generic Gothica NPC,$03 Generic NPC
2104,$D1E8A8,$1AAD9B,raw,3485083,$F52D9B,True,LiveText_2104,,GOTHICA_TOWNS_EBON_IVOR,Generic Gothica NPC,$03 Generic NPC
2105,$D1E8AB,$1AAE01,raw,3485185,$F52E01,True,LiveText_2105,,GOTHICA_TOWNS_EBON_IVOR,Generic Gothica NPC,$03 Generic NPC
2106,$D1E8AE,$1AAE74,raw,3485300,$F52E74,True,LiveText_2106,,GOTHICA_TOWNS_EBON_IVOR,Generic Gothica NPC,$03 Generic NPC
2107,$D1E8B1,$1AAEF2,raw,3485426,$F52EF2,True,LiveText_2107,,GOTHICA_TOWNS_EBON_IVOR,Generic Gothica NPC,$03 Generic NPC
2108,$D1E8B4,$1AAF53,raw,3485523,$F52F53,True,LiveText_2108,,GOTHICA_TOWNS_EBON_IVOR,Generic Gothica NPC,$03 Generic NPC
2109,$D1E8B7,$1AAFA9,raw,3485609,$F52FA9,True,LiveText_2109,,GOTHICA_TOWNS_EBON_IVOR,Generic Gothica NPC,$03 Generic NPC
2110,$D1E8BA,$1AAFDE,raw,3485662,$F52FDE,True,LiveText_2110,,GOTHICA_TOWNS_EBON_IVOR,Generic Gothica NPC,$03 Generic NPC
2111,$D1E8BD,$1AB00F,raw,3485711,$F5300F,True,LiveText_2111,,GOTHICA_TOWNS_EBON_IVOR,Generic Gothica NPC,$03 Generic NPC
2112,$D1E8C0,$1AB089,raw,3485833,$F53089,True,LiveText_2112,,GOTHICA_TOWNS_EBON_IVOR,Generic Gothica NPC,$03 Generic NPC
2113,$D1E8C3,$1ADFE0,raw,3497952,$F55FE0,True,LiveText_2113,,GOTHICA_TOWNS_EBON_IVOR,Generic Gothica NPC,$03 Generic NPC
2114,$D1E8C6,$1AB180,raw,3486080,$F53180,True,LiveText_2114,,GOTHICA_TOWNS_EBON_IVOR,Generic Gothica NPC,$03 Generic NPC
2115,$D1E8C9,$1AB1FF,raw,3486207,$F531FF,True,LiveText_2115,,GOTHICA_TOWNS_EBON_IVOR,Generic Gothica NPC,$03 Generic NPC
2116,$D1E8CC,$1AB264,raw,3486308,$F53264,True,LiveText_2116,,GOTHICA_TOWNS_EBON_IVOR,Generic Gothica NPC,$03 Generic NPC
2117,$D1E8CF,$1AB321,raw,3486497,$F53321,True,LiveText_2117,,GOTHICA_TOWNS_EBON_IVOR,Generic Gothica NPC,$03 Generic NPC
2118,$D1E8D2,$1AB376,raw,3486582,$F53376,True,LiveText_2118,,GOTHICA_TOWNS_EBON_IVOR,Generic Gothica NPC,$03 Generic NPC
2119,$D1E8D5,$1AB3DB,raw,3486683,$F533DB,True,LiveText_2119,,GOTHICA_TOWNS_EBON_IVOR,Generic Gothica NPC,$03 Generic NPC
2120,$D1E8D8,$1AB41C,raw,3486748,$F5341C,True,LiveText_2120,,GOTHICA_TOWNS_EBON_IVOR,Generic Gothica NPC,$03 Generic NPC
2121,$D1E8DB,$1AB48C,raw,3486860,$F5348C,True,LiveText_2121,,GOTHICA_TOWNS_EBON_IVOR,Generic Gothica NPC,$03 Generic NPC
2122,$D1E8DE,$1AB4EC,raw,3486956,$F534EC,True,LiveText_2122,,GOTHICA_TOWNS_EBON_IVOR,Generic Gothica NPC,$03 Generic NPC
2123,$D1E8E1,$1AB53B,raw,3487035,$F5353B,True,LiveText_2123,,GOTHICA_TOWNS_EBON_IVOR,Generic Gothica NPC,$03 Generic NPC
2124,$D1E8E4,$1AB5B8,raw,3487160,$F535B8,True,LiveText_2124,,GOTHICA_TOWNS_EBON_IVOR,Generic Gothica NPC,$03 Generic NPC
2125,$D1E8E7,$1AB5F0,raw,3487216,$F535F0,True,LiveText_2125,,GOTHICA_TOWNS_EBON_IVOR,Generic Gothica NPC,$03 Generic NPC
2126,$D1E8EA,$1AB648,raw,3487304,$F53648,True,LiveText_2126,,GOTHICA_TOWNS_EBON_IVOR,Narration/System,$02 Narration / System
2127,$D1E8ED,$1AB665,raw,3487333,$F53665,True,LiveText_2127,,GOTHICA_TOWNS_EBON_IVOR,Narration/System,$02 Narration / System
2128,$D1E8F0,$1AB682,raw,3487362,$F53682,True,LiveText_2128,,GOTHICA_TOWNS_EBON_IVOR,Narration/System,$02 Narration / System
2129,$D1E8F3,$1AB69F,raw,3487391,$F5369F,True,LiveText_2129,,GOTHICA_TOWNS_EBON_IVOR,Lance,$09 Lance
2130,$D1E8F6,$1AB713,raw,3487507,$F53713,True,LiveText_2130,,GOTHICA_TOWNS_EBON_IVOR,Boy,$04 Boy
2131,$D1E8F9,$1AB788,raw,3487624,$F53788,True,LiveText_2131,,GOTHICA_TOWNS_EBON_IVOR,Lance,$09 Lance
2132,$D1E8FC,$1AB7C4,raw,3487684,$F537C4,True,LiveText_2132,,GOTHICA_TOWNS_EBON_IVOR,Boy,$04 Boy
2133,$D1E8FF,$1AB7E8,raw,3487720,$F537E8,True,LiveText_2133,,GOTHICA_TOWNS_EBON_IVOR,Lance,$09 Lance
2134,$D1E902,$1AB800,raw,3487744,$F53800,True,LiveText_2134,,GOTHICA_TOWNS_EBON_IVOR,Lance,$09 Lance
2135,$D1E905,$1AB833,raw,3487795,$F53833,True,LiveText_2135,,GOTHICA_TOWNS_EBON_IVOR,Lance,$09 Lance
2136,$D1E908,$1AB860,raw,3487840,$F53860,True,LiveText_2136,,GOTHICA_TOWNS_EBON_IVOR,Lance,$09 Lance
2137,$D1E90B,$1AB8CE,raw,3487950,$F538CE,True,LiveText_2137,,GOTHICA_TOWNS_EBON_IVOR,Lance,$09 Lance
2138,$D1E90E,$1AB91C,raw,3488028,$F5391C,True,LiveText_2138,,GOTHICA_TOWNS_EBON_IVOR,Lance,$09 Lance
2139,$D1E911,$1AB989,raw,3488137,$F53989,True,LiveText_2139,,GOTHICA_TOWNS_EBON_IVOR,Lance,$09 Lance
2140,$D1E914,$1AB9D9,raw,3488217,$F539D9,True,LiveText_2140,,GOTHICA_TOWNS_EBON_IVOR,Generic Gothica NPC,$03 Generic NPC
2141,$D1E917,$1ABA16,raw,3488278,$F53A16,True,LiveText_2141,,GOTHICA_TOWNS_EBON_IVOR,Generic Gothica NPC,$03 Generic NPC
2142,$D1E91A,$1ABA6D,raw,3488365,$F53A6D,True,LiveText_2142,,GOTHICA_TOWNS_EBON_IVOR,Generic Gothica NPC,$03 Generic NPC
2143,$D1E91D,$1ABAFC,raw,3488508,$F53AFC,True,LiveText_2143,,GOTHICA_TOWNS_EBON_IVOR,Generic Gothica NPC,$03 Generic NPC
2144,$D1E920,$1ABB5A,raw,3488602,$F53B5A,True,LiveText_2144,,GOTHICA_TOWNS_EBON_IVOR,Generic Gothica NPC,$03 Generic NPC
2145,$D1E923,$1ABBBB,raw,3488699,$F53BBB,True,LiveText_2145,,GOTHICA_TOWNS_EBON_IVOR,Generic Gothica NPC,$03 Generic NPC
2146,$D1E926,$1ABC49,raw,3488841,$F53C49,True,LiveText_2146,,GOTHICA_TOWNS_EBON_IVOR,Generic Gothica NPC,$03 Generic NPC
2147,$D1E929,$1ABCD9,raw,3488985,$F53CD9,True,LiveText_2147,,GOTHICA_TOWNS_EBON_IVOR,Generic Gothica NPC,$03 Generic NPC
2148,$D1E92C,$1ABCF9,raw,3489017,$F53CF9,True,LiveText_2148,,GOTHICA_TOWNS_EBON_IVOR,Generic Gothica NPC,$03 Generic NPC
2149,$D1E92F,$1ABD40,raw,3489088,$F53D40,True,LiveText_2149,,GOTHICA_TOWNS_EBON_IVOR,Generic Gothica NPC,$03 Generic NPC
2150,$D1E932,$1ABE05,raw,3489285,$F53E05,True,LiveText_2150,,GOTHICA_TOWNS_EBON_IVOR,Generic Gothica NPC,$03 Generic NPC
2151,$D1E935,$1ABE9E,raw,3489438,$F53E9E,True,LiveText_2151,,GOTHICA_TOWNS_EBON_IVOR,Generic Gothica NPC,$03 Generic NPC
2152,$D1E938,$1ABEE7,raw,3489511,$F53EE7,True,LiveText_2152,,GOTHICA_TOWNS_EBON_IVOR,Generic Gothica NPC,$03 Generic NPC
2153,$D1E93B,$1ABF55,raw,3489621,$F53F55,True,LiveText_2153,,GOTHICA_TOWNS_EBON_IVOR,Generic Gothica NPC,$03 Generic NPC
2154,$D1E93E,$1ABFB2,raw,3489714,$F53FB2,True,LiveText_2154,,GOTHICA_TOWNS_EBON_IVOR,Generic Gothica NPC,$03 Generic NPC
2155,$D1E941,$1ABFF8,raw,3489784,$F53FF8,True,LiveText_2155,,GOTHICA_TOWNS_EBON_IVOR,Generic Gothica NPC,$03 Generic NPC
2156,$D1E944,$1AC067,raw,3489895,$F54067,True,LiveText_2156,,GOTHICA_TOWNS_EBON_IVOR,Generic Gothica NPC,$03 Generic NPC
2157,$D1E947,$1AC0C8,raw,3489992,$F540C8,True,LiveText_2157,,GOTHICA_TOWNS_EBON_IVOR,Generic Gothica NPC,$03 Generic NPC
2158,$D1E94A,$1AC100,raw,3490048,$F54100,True,LiveText_2158,,GOTHICA_TOWNS_EBON_IVOR,Generic Gothica NPC,$03 Generic NPC
2159,$D1E94D,$1AC1D0,raw,3490256,$F541D0,True,LiveText_2159,,GOTHICA_TOWNS_EBON_IVOR,Generic Gothica NPC,$03 Generic NPC
2160,$D1E950,$1AE080,raw,3498112,$F56080,True,LiveText_2160,,GOTHICA_TOWNS_EBON_IVOR,Generic Gothica NPC,$03 Generic NPC
2161,$D1E953,$1AC2BF,raw,3490495,$F542BF,True,LiveText_2161,,GOTHICA_TOWNS_EBON_IVOR,Generic Gothica NPC,$03 Generic NPC
2162,$D1E956,$1AC370,raw,3490672,$F54370,True,LiveText_2162,,GOTHICA_TOWNS_EBON_IVOR,Generic Gothica NPC,$03 Generic NPC
2163,$D1E959,$1AC3BE,raw,3490750,$F543BE,True,LiveText_2163,,GOTHICA_TOWNS_EBON_IVOR,Generic Gothica NPC,$03 Generic NPC
2164,$D1E95C,$1AC3EE,raw,3490798,$F543EE,True,LiveText_2164,,GOTHICA_TOWNS_EBON_IVOR,Generic Gothica NPC,$03 Generic NPC
2165,$D1E95F,$1AC41B,raw,3490843,$F5441B,True,LiveText_2165,,GOTHICA_TOWNS_EBON_IVOR,Generic Gothica NPC,$03 Generic NPC
2166,$D1E962,$1AC475,raw,3490933,$F54475,True,LiveText_2166,,GOTHICA_TOWNS_EBON_IVOR,Generic Gothica NPC,$03 Generic NPC
2167,$D1E965,$1AC4C1,raw,3491009,$F544C1,True,LiveText_2167,,GOTHICA_TOWNS_EBON_IVOR,Generic Gothica NPC,$03 Generic NPC
2168,$D1E968,$1AC552,raw,3491154,$F54552,True,LiveText_2168,,GOTHICA_TOWNS_EBON_IVOR,Generic Gothica NPC,$03 Generic NPC
2169,$D1E96B,$1AC5AD,raw,3491245,$F545AD,True,LiveText_2169,,GOTHICA_TOWNS_EBON_IVOR,Generic Gothica NPC,$03 Generic NPC
2170,$D1E96E,$1AE140,raw,3498304,$F56140,True,LiveText_2170,,GOTHICA_TOWNS_EBON_IVOR,Gothica King / king-complex plumber,$15 Gothica King
2171,$D1E971,$1AC669,raw,3491433,$F54669,True,LiveText_2171,,GOTHICA_TOWNS_EBON_IVOR,Gothica King / king-complex plumber,$15 Gothica King
2172,$D1E974,$1AC6ED,raw,3491565,$F546ED,True,LiveText_2172,,GOTHICA_TOWNS_EBON_IVOR,Gothica King / king-complex plumber,$15 Gothica King
2173,$D1E977,$1AC72E,raw,3491630,$F5472E,True,LiveText_2173,,GOTHICA_TOWNS_EBON_IVOR,Generic Gothica NPC,$03 Generic NPC
2174,$D1E97A,$1AE1C0,raw,3498432,$F561C0,True,LiveText_2174,,GOTHICA_TOWNS_EBON_IVOR,Generic Gothica NPC,$03 Generic NPC
2175,$D1E97D,$1AC796,raw,3491734,$F54796,True,LiveText_2175,,GOTHICA_TOWNS_EBON_IVOR,Generic Gothica NPC,$03 Generic NPC
2176,$D1E980,$1AC7ED,raw,3491821,$F547ED,True,LiveText_2176,,GOTHICA_TOWNS_EBON_IVOR,Generic Gothica NPC,$03 Generic NPC
2177,$D1E983,$1AC8AA,raw,3492010,$F548AA,True,LiveText_2177,,GOTHICA_TOWNS_EBON_IVOR,Generic Gothica NPC,$03 Generic NPC
2178,$D1E986,$1AC8E8,raw,3492072,$F548E8,True,LiveText_2178,,GOTHICA_TOWNS_EBON_IVOR,Generic Gothica NPC,$03 Generic NPC
2179,$D1E989,$1AC910,raw,3492112,$F54910,True,LiveText_2179,,GOTHICA_TOWNS_EBON_IVOR,Generic Gothica NPC,$03 Generic NPC
2180,$D1E98C,$1AC97A,raw,3492218,$F5497A,True,LiveText_2180,,GOTHICA_TOWNS_EBON_IVOR,Generic Gothica NPC,$03 Generic NPC
2181,$D1E98F,$1AC9BF,raw,3492287,$F549BF,True,LiveText_2181,,GOTHICA_TOWNS_EBON_IVOR,Generic Gothica NPC,$03 Generic NPC
2182,$D1E992,$1ACA42,raw,3492418,$F54A42,True,LiveText_2182,,GOTHICA_TOWNS_EBON_IVOR,Generic Gothica NPC,$03 Generic NPC
2183,$D1E995,$1ACAA1,raw,3492513,$F54AA1,True,LiveText_2183,,GOTHICA_TOWNS_EBON_IVOR,Generic Gothica NPC,$03 Generic NPC
2184,$D1E998,$1ACB32,raw,3492658,$F54B32,True,LiveText_2184,,GOTHICA_TOWNS_EBON_IVOR,Generic Gothica NPC,$03 Generic NPC
2185,$D1E99B,$1ACBD5,raw,3492821,$F54BD5,True,LiveText_2185,,GOTHICA_TOWNS_EBON_IVOR,Generic Gothica NPC,$03 Generic NPC
2186,$D1E99E,$1ACC08,raw,3492872,$F54C08,True,LiveText_2186,,GOTHICA_TOWNS_EBON_IVOR,Generic Gothica NPC,$03 Generic NPC
2187,$D1E9A1,$1ACC42,raw,3492930,$F54C42,True,LiveText_2187,,GOTHICA_TOWNS_EBON_IVOR,Generic Gothica NPC,$03 Generic NPC
2188,$D1E9A4,$1ACC89,raw,3493001,$F54C89,True,LiveText_2188,,GOTHICA_TOWNS_EBON_IVOR,Generic Gothica NPC,$03 Generic NPC
2189,$D1E9A7,$1ACCE4,raw,3493092,$F54CE4,True,LiveText_2189,,GOTHICA_TOWNS_EBON_IVOR,Generic Gothica NPC,$03 Generic NPC
2190,$D1E9AA,$1ACD1F,raw,3493151,$F54D1F,True,LiveText_2190,,GOTHICA_TOWNS_EBON_IVOR,Generic Gothica NPC,$03 Generic NPC
2191,$D1E9AD,$1ACD4F,raw,3493199,$F54D4F,True,LiveText_2191,,GOTHICA_TOWNS_EBON_IVOR,Generic Gothica NPC,$03 Generic NPC
2192,$D1E9B0,$1ACDC8,raw,3493320,$F54DC8,True,LiveText_2192,,GOTHICA_TOWNS_EBON_IVOR,Generic Gothica NPC,$03 Generic NPC
2193,$D1E9B3,$1ACE45,raw,3493445,$F54E45,True,LiveText_2193,,GOTHICA_TOWNS_EBON_IVOR,Generic Gothica NPC,$03 Generic NPC
2194,$D1E9B6,$1ACE88,raw,3493512,$F54E88,True,LiveText_2194,,GOTHICA_TOWNS_EBON_IVOR,Generic Gothica NPC,$03 Generic NPC
2195,$D1E9B9,$1ACEC2,raw,3493570,$F54EC2,True,LiveText_2195,,GOTHICA_TOWNS_EBON_IVOR,Generic Gothica NPC,$03 Generic NPC
2196,$D1E9BC,$1ACF02,raw,3493634,$F54F02,True,LiveText_2196,,GOTHICA_TOWNS_EBON_IVOR,Generic Gothica NPC,$03 Generic NPC
2197,$D1E9BF,$1ACF1F,raw,3493663,$F54F1F,True,LiveText_2197,,GOTHICA_TOWNS_EBON_IVOR,Generic Gothica NPC,$03 Generic NPC
2198,$D1E9C2,$1ACF75,raw,3493749,$F54F75,True,LiveText_2198,,GOTHICA_TOWNS_EBON_IVOR,Generic Gothica NPC,$03 Generic NPC
2199,$D1E9C5,$1AD015,raw,3493909,$F55015,True,LiveText_2199,,GOTHICA_TOWNS_EBON_IVOR,Generic Gothica NPC,$03 Generic NPC
2200,$D1E9C8,$1AD055,raw,3493973,$F55055,True,LiveText_2200,,GOTHICA_TOWNS_EBON_IVOR,Generic Gothica NPC,$03 Generic NPC
2201,$D1E9CB,$1AD0D4,raw,3494100,$F550D4,True,LiveText_2201,,GOTHICA_TOWNS_EBON_IVOR,Generic Gothica NPC,$03 Generic NPC
2202,$D1E9CE,$1AD118,raw,3494168,$F55118,True,LiveText_2202,,GOTHICA_TOWNS_EBON_IVOR,Generic Gothica NPC,$03 Generic NPC
2203,$D1E9D1,$1AD18B,raw,3494283,$F5518B,True,LiveText_2203,,GOTHICA_TOWNS_EBON_IVOR,Generic Gothica NPC,$03 Generic NPC
2204,$D1E9D4,$1AD1FD,raw,3494397,$F551FD,True,LiveText_2204,,GOTHICA_TOWNS_EBON_IVOR,Merchant / Trader,$03 Generic NPC
2205,$D1E9D7,$1AD235,raw,3494453,$F55235,True,LiveText_2205,,GOTHICA_TOWNS_EBON_IVOR,Merchant / Trader,$03 Generic NPC
2206,$D1E9DA,$1AE210,raw,3498512,$F56210,True,LiveText_2206,,GOTHICA_TOWNS_EBON_IVOR,Merchant / Trader,$03 Generic NPC
2207,$D1E9DD,$1AD2A9,raw,3494569,$F552A9,True,LiveText_2207,,GOTHICA_TOWNS_EBON_IVOR,Merchant / Trader,$03 Generic NPC
2208,$D1E9E0,$1AD2FD,raw,3494653,$F552FD,True,LiveText_2208,,GOTHICA_TOWNS_EBON_IVOR,Merchant / Trader,$03 Generic NPC
2209,$D1E9E3,$1AD30B,raw,3494667,$F5530B,True,LiveText_2209,,GOTHICA_TOWNS_EBON_IVOR,Merchant / Trader,$03 Generic NPC
2210,$D1E9E6,$1AD34C,raw,3494732,$F5534C,True,LiveText_2210,,GOTHICA_TOWNS_EBON_IVOR,Merchant / Trader,$03 Generic NPC
2211,$D1E9E9,$1AD380,raw,3494784,$F55380,True,LiveText_2211,,GOTHICA_TOWNS_EBON_IVOR,Merchant / Trader,$03 Generic NPC
2212,$D1E9EC,$1AD3B0,raw,3494832,$F553B0,True,LiveText_2212,,GOTHICA_TOWNS_EBON_IVOR,Generic Gothica NPC,$03 Generic NPC
2213,$D1E9EF,$1AD403,raw,3494915,$F55403,True,LiveText_2213,,GOTHICA_TOWNS_EBON_IVOR,Generic Gothica NPC,$03 Generic NPC
2214,$D1E9F2,$1AD443,raw,3494979,$F55443,True,LiveText_2214,,GOTHICA_TOWNS_EBON_IVOR,Generic Gothica NPC,$03 Generic NPC
2215,$D1E9F5,$1AD490,raw,3495056,$F55490,True,LiveText_2215,,GOTHICA_TOWNS_EBON_IVOR,Generic Gothica NPC,$03 Generic NPC
2216,$D1E9F8,$1AD4D0,raw,3495120,$F554D0,True,LiveText_2216,,GOTHICA_TOWNS_EBON_IVOR,Generic Gothica NPC,$03 Generic NPC
2217,$D1E9FB,$1AD4EF,raw,3495151,$F554EF,True,LiveText_2217,,GOTHICA_TOWNS_EBON_IVOR,Generic Gothica NPC,$03 Generic NPC
2218,$D1E9FE,$1AD52B,raw,3495211,$F5552B,True,LiveText_2218,,GOTHICA_TOWNS_EBON_IVOR,Cecil,$16 Cecil
2219,$D1EA01,$1AD568,raw,3495272,$F55568,True,LiveText_2219,,GOTHICA_TOWNS_EBON_IVOR,Cecil,$16 Cecil
2220,$D1EA04,$1AD5A8,raw,3495336,$F555A8,True,LiveText_2220,,GOTHICA_TOWNS_EBON_IVOR,Cecil,$16 Cecil
2221,$D1EA07,$1AD5CE,raw,3495374,$F555CE,True,LiveText_2221,,GOTHICA_TOWNS_EBON_IVOR,Cecil,$16 Cecil
2222,$D1EA0A,$1AD62C,raw,3495468,$F5562C,True,LiveText_2222,,GOTHICA_TOWNS_EBON_IVOR,Cecil,$16 Cecil
2223,$D1EA0D,$1AD649,raw,3495497,$F55649,True,LiveText_2223,,GOTHICA_TOWNS_EBON_IVOR,Cecil,$16 Cecil
2224,$D1EA10,$1AD67E,raw,3495550,$F5567E,True,LiveText_2224,,GOTHICA_TOWNS_EBON_IVOR,Cecil,$16 Cecil
2225,$D1EA13,$1AD69D,raw,3495581,$F5569D,True,LiveText_2225,,GOTHICA_TOWNS_EBON_IVOR,Cecil,$16 Cecil
2226,$D1EA16,$1AD6D9,raw,3495641,$F556D9,True,LiveText_2226,,GOTHICA_TOWNS_EBON_IVOR,Cecil,$16 Cecil
2227,$D1EA19,$1AD723,raw,3495715,$F55723,True,LiveText_2227,,GOTHICA_TOWNS_EBON_IVOR,Cecil,$16 Cecil
2228,$D1EA1C,$1AD77D,raw,3495805,$F5577D,True,LiveText_2228,,GOTHICA_TOWNS_EBON_IVOR,Boy,$04 Boy
2229,$D1EA1F,$1AD799,raw,3495833,$F55799,True,LiveText_2229,,GOTHICA_TOWNS_EBON_IVOR,Cecil,$16 Cecil
2230,$D1EA22,$1A0160,raw,3408224,$F40160,True,LiveText_2230,,GOTHICA_TOWNS_EBON_IVOR,Cecil,$16 Cecil
2231,$D1EA25,$1AD8A7,raw,3496103,$F558A7,True,LiveText_2231,,GOTHICA_TOWNS_EBON_IVOR,Cecil,$16 Cecil
2232,$D1EA28,$1AD8F4,raw,3496180,$F558F4,True,LiveText_2232,,GOTHICA_TOWNS_EBON_IVOR,Cecil,$16 Cecil
2233,$D1EA2B,$1AD953,raw,3496275,$F55953,True,LiveText_2233,,GOTHICA_TOWNS_EBON_IVOR,Cecil,$16 Cecil
2234,$D1EA2E,$1AD9AC,raw,3496364,$F559AC,True,LiveText_2234,,GOTHICA_TOWNS_EBON_IVOR,Boy,$04 Boy
2235,$D1EA31,$1AD9CA,raw,3496394,$F559CA,True,LiveText_2235,,GOTHICA_TOWNS_EBON_IVOR,Cecil,$16 Cecil
2236,$D1EA34,$1ADA1F,raw,3496479,$F55A1F,True,LiveText_2236,,GOTHICA_TOWNS_EBON_IVOR,Cecil,$16 Cecil
2237,$D1EA37,$1ADA7F,raw,3496575,$F55A7F,True,LiveText_2237,,GOTHICA_TOWNS_EBON_IVOR,Boy,$04 Boy
2238,$D1EA3A,$1ADA9C,raw,3496604,$F55A9C,True,LiveText_2238,,GOTHICA_TOWNS_EBON_IVOR,Cecil,$16 Cecil
2239,$D1EA3D,$1ADB63,raw,3496803,$F55B63,True,LiveText_2239,,GOTHICA_TOWNS_EBON_IVOR,Cecil,$16 Cecil
2240,$D1EA40,$1ADBD1,raw,3496913,$F55BD1,True,LiveText_2240,,GOTHICA_TOWNS_EBON_IVOR,Cecil,$16 Cecil
2241,$D1EA43,$1ADBF9,raw,3496953,$F55BF9,True,LiveText_2241,,GOTHICA_TOWNS_EBON_IVOR,Cecil,$16 Cecil
2242,$D1EA46,$1ADC90,raw,3497104,$F55C90,True,LiveText_2242,,GOTHICA_TOWNS_EBON_IVOR,Narration/System,$02 Narration / System
2243,$D1EA49,$1ADCA1,raw,3497121,$F55CA1,True,LiveText_2243,,GOTHICA_TOWNS_EBON_IVOR,Narration/System,$02 Narration / System
2244,$D1EA4C,$1ADCC1,raw,3497153,$F55CC1,True,LiveText_2244,,GOTHICA_TOWNS_EBON_IVOR,Gothica alchemist,$03 Generic NPC
2245,$D1EA4F,$1ADD06,raw,3497222,$F55D06,True,LiveText_2245,,GOTHICA_TOWNS_EBON_IVOR,Gothica alchemist,$03 Generic NPC
2246,$D1EA52,$1ADD4F,raw,3497295,$F55D4F,True,LiveText_2246,,GOTHICA_TOWNS_EBON_IVOR,Gothica alchemist,$03 Generic NPC
2247,$D1EA55,$1ADDBA,raw,3497402,$F55DBA,True,LiveText_2247,,GOTHICA_TOWNS_EBON_IVOR,Gothica alchemist,$03 Generic NPC
2248,$D1EA58,$1ADE04,raw,3497476,$F55E04,True,LiveText_2248,,GOTHICA_TOWNS_EBON_IVOR,Generic Gothica NPC,$03 Generic NPC
2249,$D1EA5B,$1ADE13,raw,3497491,$F55E13,True,LiveText_2249,,GOTHICA_TOWNS_EBON_IVOR,Boy,$04 Boy
2250,$D1EA5E,$1B1400,raw,3544064,$F61400,True,LiveText_2250,,CAMELLIA_EBON_KEEP,Guard / Authority,$03 Generic NPC
2251,$D1EA61,$1B140B,raw,3544075,$F6140B,True,LiveText_2251,,CAMELLIA_EBON_KEEP,Guard / Authority,$03 Generic NPC
2252,$D1EA64,$1B141B,raw,3544091,$F6141B,True,LiveText_2252,,CAMELLIA_EBON_KEEP,Guard / Authority,$03 Generic NPC
2253,$D1EA67,$1B143F,raw,3544127,$F6143F,True,LiveText_2253,,CAMELLIA_EBON_KEEP,Boy,$04 Boy
2254,$D1EA6A,$1B144E,raw,3544142,$F6144E,True,LiveText_2254,,CAMELLIA_EBON_KEEP,Boy,$04 Boy
2255,$D1EA6D,$1B1467,raw,3544167,$F61467,True,LiveText_2255,,CAMELLIA_EBON_KEEP,Boy,$04 Boy
2256,$D1EA70,$1B14C2,raw,3544258,$F614C2,True,LiveText_2256,,CAMELLIA_EBON_KEEP,Guard / Authority,$03 Generic NPC
2257,$D1EA73,$1B2120,raw,3547424,$F62120,True,LiveText_2257,,CAMELLIA_EBON_KEEP,Guard / Authority,$03 Generic NPC
2258,$D1EA76,$1B1529,raw,3544361,$F61529,True,LiveText_2258,,CAMELLIA_EBON_KEEP,Guard / Authority,$03 Generic NPC
2259,$D1EA79,$1B153E,raw,3544382,$F6153E,True,LiveText_2259,,CAMELLIA_EBON_KEEP,Guard / Authority,$03 Generic NPC
2260,$D1EA7C,$1B158B,raw,3544459,$F6158B,True,LiveText_2260,,CAMELLIA_EBON_KEEP,Guard / Authority,$03 Generic NPC
2261,$D1EA7F,$1B15B2,raw,3544498,$F615B2,True,LiveText_2261,,CAMELLIA_EBON_KEEP,Gothica King / king-complex plumber,$15 Gothica King
2262,$D1EA82,$1A6736,raw,3434294,$F46736,True,LiveText_2262,,CAMELLIA_EBON_KEEP,Gothica King / king-complex plumber,$15 Gothica King
2263,$D1EA85,$1B15E4,raw,3544548,$F615E4,True,LiveText_2263,,CAMELLIA_EBON_KEEP,Gothica King / king-complex plumber,$15 Gothica King
2264,$D1EA88,$1B1600,raw,3544576,$F61600,True,LiveText_2264,,CAMELLIA_EBON_KEEP,Boy,$04 Boy
2265,$D1EA8B,$1B1627,raw,3544615,$F61627,True,LiveText_2265,,CAMELLIA_EBON_KEEP,Boy,$04 Boy
2266,$D1EA8E,$1B1656,raw,3544662,$F61656,True,LiveText_2266,,CAMELLIA_EBON_KEEP,Boy,$04 Boy
2267,$D1EA91,$1B1683,raw,3544707,$F61683,True,LiveText_2267,,CAMELLIA_EBON_KEEP,Boy,$04 Boy
2268,$D1EA94,$1B16B5,raw,3544757,$F616B5,True,LiveText_2268,,CAMELLIA_EBON_KEEP,Boy,$04 Boy
2269,$D1EA97,$1B16F7,raw,3544823,$F616F7,True,LiveText_2269,,CAMELLIA_EBON_KEEP,Gothica King / king-complex plumber,$15 Gothica King
2270,$D1EA9A,$1B173C,raw,3544892,$F6173C,True,LiveText_2270,,CAMELLIA_EBON_KEEP,Gothica King / king-complex plumber,$15 Gothica King
2271,$D1EA9D,$1B176E,raw,3544942,$F6176E,True,LiveText_2271,,CAMELLIA_EBON_KEEP,Queen Camellia / Queen Bluegarden,$0F Queen Camellia / Bluegarden
2272,$D1EAA0,$1B17A0,raw,3544992,$F617A0,True,LiveText_2272,,CAMELLIA_EBON_KEEP,Queen Camellia / Queen Bluegarden,$0F Queen Camellia / Bluegarden
2273,$D1EAA3,$1B17DC,raw,3545052,$F617DC,True,LiveText_2273,,CAMELLIA_EBON_KEEP,Guard / Authority,$03 Generic NPC
2274,$D1EAA6,$1B1814,raw,3545108,$F61814,True,LiveText_2274,,CAMELLIA_EBON_KEEP,Boy,$04 Boy
2275,$D1EAA9,$1B1844,raw,3545156,$F61844,True,LiveText_2275,,CAMELLIA_EBON_KEEP,Queen Camellia / Queen Bluegarden,$0F Queen Camellia / Bluegarden
2276,$D1EAAC,$192000,raw,3284992,$F22000,True,LiveText_2276,$F32000,CAMELLIA_EBON_KEEP / normal mirrored side,Boy,$04 Boy
2277,$D1EAAF,$192031,raw,3285041,$F22031,True,LiveText_2277,$F32031,CAMELLIA_EBON_KEEP / normal mirrored side,Queen Camellia / Queen Bluegarden,$0F Queen Camellia / Bluegarden
2278,$D1EAB2,$19205D,raw,3285085,$F2205D,True,LiveText_2278,$F3205D,CAMELLIA_EBON_KEEP / normal mirrored side,Boy,$04 Boy
2279,$D1EAB5,$1B1853,raw,3545171,$F61853,True,LiveText_2279,,CAMELLIA_EBON_KEEP,Boy,$04 Boy
2280,$D1EAB8,$1B1880,raw,3545216,$F61880,True,LiveText_2280,,CAMELLIA_EBON_KEEP,Boy,$04 Boy
2281,$D1EABB,$1B1886,raw,3545222,$F61886,True,LiveText_2281,,CAMELLIA_EBON_KEEP,Queen Camellia / Queen Bluegarden,$0F Queen Camellia / Bluegarden
2282,$D1EABE,$1B18AC,raw,3545260,$F618AC,True,LiveText_2282,,CAMELLIA_EBON_KEEP,Boy,$04 Boy
2283,$D1EAC1,$1B18DF,raw,3545311,$F618DF,True,LiveText_2283,,CAMELLIA_EBON_KEEP,Queen Camellia / Queen Bluegarden,$0F Queen Camellia / Bluegarden
2284,$D1EAC4,$1B190C,raw,3545356,$F6190C,True,LiveText_2284,,CAMELLIA_EBON_KEEP,Boy,$04 Boy
2285,$D1EAC7,$1B1948,raw,3545416,$F61948,True,LiveText_2285,,CAMELLIA_EBON_KEEP,Queen Camellia / Queen Bluegarden,$0F Queen Camellia / Bluegarden
2286,$D1EACA,$1B1954,raw,3545428,$F61954,True,LiveText_2286,,CAMELLIA_EBON_KEEP,Boy,$04 Boy
2287,$D1EACD,$1B1971,raw,3545457,$F61971,True,LiveText_2287,,CAMELLIA_EBON_KEEP,Queen Camellia / Queen Bluegarden,$0F Queen Camellia / Bluegarden
2288,$D1EAD0,$1B199F,raw,3545503,$F6199F,True,LiveText_2288,,CAMELLIA_EBON_KEEP,Queen Camellia / Queen Bluegarden,$0F Queen Camellia / Bluegarden
2289,$D1EAD3,$1B19D7,raw,3545559,$F619D7,True,LiveText_2289,,CAMELLIA_EBON_KEEP,Queen Camellia / Queen Bluegarden,$0F Queen Camellia / Bluegarden
2290,$D1EAD6,$1B1A32,raw,3545650,$F61A32,True,LiveText_2290,,CAMELLIA_EBON_KEEP,Queen Camellia / Queen Bluegarden,$0F Queen Camellia / Bluegarden
2291,$D1EAD9,$1B1A63,raw,3545699,$F61A63,True,LiveText_2291,,CAMELLIA_EBON_KEEP,Queen Camellia / Queen Bluegarden,$0F Queen Camellia / Bluegarden
2292,$D1EADC,$1B1A98,raw,3545752,$F61A98,True,LiveText_2292,,CAMELLIA_EBON_KEEP,Queen Camellia / Queen Bluegarden,$0F Queen Camellia / Bluegarden
2293,$D1EADF,$1B1AF8,raw,3545848,$F61AF8,True,LiveText_2293,,CAMELLIA_EBON_KEEP,Queen Camellia / Queen Bluegarden,$0F Queen Camellia / Bluegarden
2294,$D1EAE2,$1B1B37,raw,3545911,$F61B37,True,LiveText_2294,,CAMELLIA_EBON_KEEP,Queen Camellia / Queen Bluegarden,$0F Queen Camellia / Bluegarden
2295,$D1EAE5,$1B1B91,raw,3546001,$F61B91,True,LiveText_2295,,CAMELLIA_EBON_KEEP,Queen Camellia / Queen Bluegarden,$0F Queen Camellia / Bluegarden
2296,$D1EAE8,$1B1BBE,raw,3546046,$F61BBE,True,LiveText_2296,,CAMELLIA_EBON_KEEP,Queen Camellia / Queen Bluegarden,$0F Queen Camellia / Bluegarden
2297,$D1EAEB,$1B1C19,raw,3546137,$F61C19,True,LiveText_2297,,CAMELLIA_EBON_KEEP,Boy,$04 Boy
2298,$D1EAEE,$1B1C3E,raw,3546174,$F61C3E,True,LiveText_2298,,CAMELLIA_EBON_KEEP,Queen Camellia / Queen Bluegarden,$0F Queen Camellia / Bluegarden
2299,$D1EAF1,$1B1C64,raw,3546212,$F61C64,True,LiveText_2299,,CAMELLIA_EBON_KEEP,Boy,$04 Boy
2300,$D1EAF4,$1B1CB9,raw,3546297,$F61CB9,True,LiveText_2300,,CAMELLIA_EBON_KEEP,Queen Camellia / Queen Bluegarden,$0F Queen Camellia / Bluegarden
2301,$D1EAF7,$1B1CD9,raw,3546329,$F61CD9,True,LiveText_2301,,CAMELLIA_EBON_KEEP,Queen Camellia / Queen Bluegarden,$0F Queen Camellia / Bluegarden
2302,$D1EAFA,$1B1D36,raw,3546422,$F61D36,True,LiveText_2302,,CAMELLIA_EBON_KEEP,Narration/System,$02 Narration / System
2303,$D1EAFD,$1B1D4C,raw,3546444,$F61D4C,True,LiveText_2303,,CAMELLIA_EBON_KEEP,Queen Camellia / Queen Bluegarden,$0F Queen Camellia / Bluegarden
2304,$D1EB00,$1B1D90,raw,3546512,$F61D90,True,LiveText_2304,,CAMELLIA_EBON_KEEP,Queen Camellia / Queen Bluegarden,$0F Queen Camellia / Bluegarden
2305,$D1EB03,$1B1E0B,raw,3546635,$F61E0B,True,LiveText_2305,,CAMELLIA_EBON_KEEP,Boy,$04 Boy
2306,$D1EB06,$1B1E27,raw,3546663,$F61E27,True,LiveText_2306,,CAMELLIA_EBON_KEEP,Queen Camellia / Queen Bluegarden,$0F Queen Camellia / Bluegarden
2307,$D1EB09,$1B1E48,raw,3546696,$F61E48,True,LiveText_2307,,CAMELLIA_EBON_KEEP,Queen Camellia / Queen Bluegarden,$0F Queen Camellia / Bluegarden
2308,$D1EB0C,$1B1E8F,raw,3546767,$F61E8F,True,LiveText_2308,,CAMELLIA_EBON_KEEP,Queen Camellia / Queen Bluegarden,$0F Queen Camellia / Bluegarden
2309,$D1EB0F,$1B2170,raw,3547504,$F62170,True,LiveText_2309,,CAMELLIA_EBON_KEEP,Queen Camellia / Queen Bluegarden,$0F Queen Camellia / Bluegarden
2310,$D1EB12,$1B1F52,raw,3546962,$F61F52,True,LiveText_2310,,CAMELLIA_EBON_KEEP,Queen Camellia / Queen Bluegarden,$0F Queen Camellia / Bluegarden
2311,$D1EB15,$1B1F83,raw,3547011,$F61F83,True,LiveText_2311,,CAMELLIA_EBON_KEEP,Queen Camellia / Queen Bluegarden,$0F Queen Camellia / Bluegarden
2312,$D1EB18,$1B21D0,raw,3547600,$F621D0,True,LiveText_2312,,CAMELLIA_EBON_KEEP,Queen Camellia / Queen Bluegarden,$0F Queen Camellia / Bluegarden
2313,$D1EB1B,$1B2096,raw,3547286,$F62096,True,LiveText_2313,,CAMELLIA_EBON_KEEP,Boy,$04 Boy
2314,$D1EB1E,$1B20FB,raw,3547387,$F620FB,True,LiveText_2314,,CAMELLIA_EBON_KEEP,Boy,$04 Boy
2315,$D1EB21,$1B2400,raw,3548160,$F62400,True,LiveText_2315,,TINKER_GOMI_ROCKET,Boy,$04 Boy
2316,$D1EB24,$193000,raw,3289088,$F23000,True,LiveText_2316,$F33000,TINKER_GOMI_ROCKET / normal mirrored side,Tinker Tinderbox,$0A Tinker Tinderbox
2317,$D1EB27,$1930A1,raw,3289249,$F230A1,True,LiveText_2317,$F330A1,TINKER_GOMI_ROCKET / normal mirrored side,Tinker Tinderbox,$0A Tinker Tinderbox
2318,$D1EB2A,$1B2431,raw,3548209,$F62431,True,LiveText_2318,,TINKER_GOMI_ROCKET,Tinker Tinderbox,$0A Tinker Tinderbox
2319,$D1EB2D,$1B2483,raw,3548291,$F62483,True,LiveText_2319,,TINKER_GOMI_ROCKET,Tinker Tinderbox,$0A Tinker Tinderbox
2320,$D1EB30,$1B24CB,raw,3548363,$F624CB,True,LiveText_2320,,TINKER_GOMI_ROCKET,Boy,$04 Boy
2321,$D1EB33,$1B24D6,raw,3548374,$F624D6,True,LiveText_2321,,TINKER_GOMI_ROCKET,Boy,$04 Boy
2322,$D1EB36,$1B2516,raw,3548438,$F62516,True,LiveText_2322,,TINKER_GOMI_ROCKET,Tinker Tinderbox,$0A Tinker Tinderbox
2323,$D1EB39,$1B2555,raw,3548501,$F62555,True,LiveText_2323,,TINKER_GOMI_ROCKET,Boy,$04 Boy
2324,$D1EB3C,$1B2593,raw,3548563,$F62593,True,LiveText_2324,,TINKER_GOMI_ROCKET,Boy,$04 Boy
2325,$D1EB3F,$1B25CB,raw,3548619,$F625CB,True,LiveText_2325,,TINKER_GOMI_ROCKET,Boy,$04 Boy
2326,$D1EB42,$1B2626,raw,3548710,$F62626,True,LiveText_2326,,TINKER_GOMI_ROCKET,Boy,$04 Boy
2327,$D1EB45,$1B26A3,raw,3548835,$F626A3,True,LiveText_2327,,TINKER_GOMI_ROCKET,Boy,$04 Boy
2328,$D1EB48,$1B2725,raw,3548965,$F62725,True,LiveText_2328,,TINKER_GOMI_ROCKET,Boy,$04 Boy
2329,$D1EB4B,$1B2797,raw,3549079,$F62797,True,LiveText_2329,,TINKER_GOMI_ROCKET,Tinker Tinderbox,$0A Tinker Tinderbox
2330,$D1EB4E,$1B27D2,raw,3549138,$F627D2,True,LiveText_2330,,TINKER_GOMI_ROCKET,Tinker Tinderbox,$0A Tinker Tinderbox
2331,$D1EB51,$1B27F7,raw,3549175,$F627F7,True,LiveText_2331,,TINKER_GOMI_ROCKET,Tinker Tinderbox,$0A Tinker Tinderbox
2332,$D1EB54,$1B2874,raw,3549300,$F62874,True,LiveText_2332,,TINKER_GOMI_ROCKET,Tinker Tinderbox,$0A Tinker Tinderbox
2333,$D1EB57,$1B28A8,raw,3549352,$F628A8,True,LiveText_2333,,TINKER_GOMI_ROCKET,Tinker Tinderbox,$0A Tinker Tinderbox
2334,$D1EB5A,$1B2903,raw,3549443,$F62903,True,LiveText_2334,,TINKER_GOMI_ROCKET,Tinker Tinderbox,$0A Tinker Tinderbox
2335,$D1EB5D,$1B2954,raw,3549524,$F62954,True,LiveText_2335,,TINKER_GOMI_ROCKET,Tinker Tinderbox,$0A Tinker Tinderbox
2336,$D1EB60,$1B2963,raw,3549539,$F62963,True,LiveText_2336,,TINKER_GOMI_ROCKET,Boy,$04 Boy
2337,$D1EB63,$1B2979,raw,3549561,$F62979,True,LiveText_2337,,TINKER_GOMI_ROCKET,Tinker Tinderbox,$0A Tinker Tinderbox
2338,$D1EB66,$1B29AB,raw,3549611,$F629AB,True,LiveText_2338,,TINKER_GOMI_ROCKET,Tinker Tinderbox,$0A Tinker Tinderbox
2339,$D1EB69,$1B29F0,raw,3549680,$F629F0,True,LiveText_2339,,TINKER_GOMI_ROCKET,Tinker Tinderbox,$0A Tinker Tinderbox
2340,$D1EB6C,$1B2A12,raw,3549714,$F62A12,True,LiveText_2340,,TINKER_GOMI_ROCKET,Tinker Tinderbox,$0A Tinker Tinderbox
2341,$D1EB6F,$1B2B1C,raw,3549980,$F62B1C,True,LiveText_2341,,TINKER_GOMI_ROCKET,Tinker Tinderbox,$0A Tinker Tinderbox
2342,$D1EB72,$1B2B60,raw,3550048,$F62B60,True,LiveText_2342,,TINKER_GOMI_ROCKET,Tinker Tinderbox,$0A Tinker Tinderbox
2343,$D1EB75,$1B2BC0,raw,3550144,$F62BC0,True,LiveText_2343,,TINKER_GOMI_ROCKET,Narration/System,$02 Narration / System
2344,$D1EB78,$1B2BDC,raw,3550172,$F62BDC,True,LiveText_2344,,TINKER_GOMI_ROCKET,Narration/System,$02 Narration / System
2345,$D1EB7B,$1B2BF4,raw,3550196,$F62BF4,True,LiveText_2345,,TINKER_GOMI_ROCKET,Boy,$04 Boy
2346,$D1EB7E,$1B2C41,raw,3550273,$F62C41,True,LiveText_2346,,TINKER_GOMI_ROCKET,Boy,$04 Boy
2347,$D1EB81,$1B2C58,raw,3550296,$F62C58,True,LiveText_2347,,TINKER_GOMI_ROCKET,Boy,$04 Boy
2348,$D1EB84,$1B2C9B,raw,3550363,$F62C9B,True,LiveText_2348,,TINKER_GOMI_ROCKET,Boy,$04 Boy
2349,$D1EB87,$1B2CAF,raw,3550383,$F62CAF,True,LiveText_2349,,TINKER_GOMI_ROCKET,Boy,$04 Boy
2350,$D1EB8A,$1B2CCC,raw,3550412,$F62CCC,True,LiveText_2350,,TINKER_GOMI_ROCKET,Narration/System,$02 Narration / System
2351,$D1EB8D,$1B2CE8,raw,3550440,$F62CE8,True,LiveText_2351,,TINKER_GOMI_ROCKET,Boy,$04 Boy
2352,$D1EB90,$1B2D25,raw,3550501,$F62D25,True,LiveText_2352,,TINKER_GOMI_ROCKET,Boy,$04 Boy
2353,$D1EB93,$1B2D2E,raw,3550510,$F62D2E,True,LiveText_2353,,TINKER_GOMI_ROCKET,Narration/System,$02 Narration / System
2354,$D1EB96,$1B2D45,raw,3550533,$F62D45,True,LiveText_2354,,TINKER_GOMI_ROCKET,Narration/System,$02 Narration / System
2355,$D1EB99,$1B2D5D,raw,3550557,$F62D5D,True,LiveText_2355,,TINKER_GOMI_ROCKET,Narration/System,$02 Narration / System
2356,$D1EB9C,$1B2D71,raw,3550577,$F62D71,True,LiveText_2356,,TINKER_GOMI_ROCKET,Narration/System,$02 Narration / System
2357,$D1EB9F,$1B2D85,raw,3550597,$F62D85,True,LiveText_2357,,TINKER_GOMI_ROCKET,Narration/System,$02 Narration / System
2358,$D1EBA2,$1B2DA0,raw,3550624,$F62DA0,True,LiveText_2358,,TINKER_GOMI_ROCKET,Tinker Tinderbox,$0A Tinker Tinderbox
2359,$D1EBA5,$1B2DD3,raw,3550675,$F62DD3,True,LiveText_2359,,TINKER_GOMI_ROCKET,Tinker Tinderbox,$0A Tinker Tinderbox
2360,$D1EBA8,$1B2E02,raw,3550722,$F62E02,True,LiveText_2360,,TINKER_GOMI_ROCKET,Boy,$04 Boy
2361,$D1EBAB,$1B2E0F,raw,3550735,$F62E0F,True,LiveText_2361,,TINKER_GOMI_ROCKET,Tinker Tinderbox,$0A Tinker Tinderbox
2362,$D1EBAE,$1B2E32,raw,3550770,$F62E32,True,LiveText_2362,,TINKER_GOMI_ROCKET,Tinker Tinderbox,$0A Tinker Tinderbox
2363,$D1EBB1,$1B2EF0,raw,3550960,$F62EF0,True,LiveText_2363,,TINKER_GOMI_ROCKET,Tinker Tinderbox,$0A Tinker Tinderbox
2364,$D1EBB4,$1B2F0D,raw,3550989,$F62F0D,True,LiveText_2364,,TINKER_GOMI_ROCKET,Tinker Tinderbox,$0A Tinker Tinderbox
2365,$D1EBB7,$1B2F5C,raw,3551068,$F62F5C,True,LiveText_2365,,TINKER_GOMI_ROCKET,Tinker Tinderbox,$0A Tinker Tinderbox
2366,$D1EBBA,$1B2FA8,raw,3551144,$F62FA8,True,LiveText_2366,,TINKER_GOMI_ROCKET,Tinker Tinderbox,$0A Tinker Tinderbox
2367,$D1EBBD,$1B2FF7,raw,3551223,$F62FF7,True,LiveText_2367,,TINKER_GOMI_ROCKET,Tinker Tinderbox,$0A Tinker Tinderbox
2368,$D1EBC0,$1B3040,raw,3551296,$F63040,True,LiveText_2368,,TINKER_GOMI_ROCKET,Tinker Tinderbox,$0A Tinker Tinderbox
2369,$D1EBC3,$1B308C,raw,3551372,$F6308C,True,LiveText_2369,,TINKER_GOMI_ROCKET,Tinker Tinderbox,$0A Tinker Tinderbox
2370,$D1EBC6,$1B30D5,raw,3551445,$F630D5,True,LiveText_2370,,TINKER_GOMI_ROCKET,Tinker Tinderbox,$0A Tinker Tinderbox
2371,$D1EBC9,$1B3110,raw,3551504,$F63110,True,LiveText_2371,,TINKER_GOMI_ROCKET,Tinker Tinderbox,$0A Tinker Tinderbox
2372,$D1EBCC,$1B31AC,raw,3551660,$F631AC,True,LiveText_2372,,TINKER_GOMI_ROCKET,Tinker Tinderbox,$0A Tinker Tinderbox
2373,$D1EBCF,$1B322F,raw,3551791,$F6322F,True,LiveText_2373,,TINKER_GOMI_ROCKET,Tinker Tinderbox,$0A Tinker Tinderbox
2374,$D1EBD2,$1B33C2,raw,3552194,$F633C2,True,LiveText_2374,,TINKER_GOMI_ROCKET,Tinker Tinderbox,$0A Tinker Tinderbox
2375,$D1EBD5,$1B3401,raw,3552257,$F63401,True,LiveText_2375,,TINKER_GOMI_ROCKET,Tinker Tinderbox,$0A Tinker Tinderbox
2376,$D1EBD8,$1B3545,raw,3552581,$F63545,True,LiveText_2376,,TINKER_GOMI_ROCKET,Tinker Tinderbox,$0A Tinker Tinderbox
2377,$D1EBDB,$1B3589,raw,3552649,$F63589,True,LiveText_2377,,TINKER_GOMI_ROCKET,Tinker Tinderbox,$0A Tinker Tinderbox
2378,$D1EBDE,$1B3609,raw,3552777,$F63609,True,LiveText_2378,,TINKER_GOMI_ROCKET,Gomi,$08 Gomi
2379,$D1EBE1,$1B365F,raw,3552863,$F6365F,True,LiveText_2379,,TINKER_GOMI_ROCKET,Boy,$04 Boy
2380,$D1EBE4,$1B3670,raw,3552880,$F63670,True,LiveText_2380,,TINKER_GOMI_ROCKET,Gomi,$08 Gomi
2381,$D1EBE7,$1B36BE,raw,3552958,$F636BE,True,LiveText_2381,,TINKER_GOMI_ROCKET,Gomi,$08 Gomi
2382,$D1EBEA,$1B36F6,raw,3553014,$F636F6,True,LiveText_2382,,TINKER_GOMI_ROCKET,Gomi,$08 Gomi
2383,$D1EBED,$1B3713,raw,3553043,$F63713,True,LiveText_2383,,TINKER_GOMI_ROCKET,Gomi,$08 Gomi
2384,$D1EBF0,$1B3759,raw,3553113,$F63759,True,LiveText_2384,,TINKER_GOMI_ROCKET,Gomi,$08 Gomi
2385,$D1EBF3,$1B3789,raw,3553161,$F63789,True,LiveText_2385,,TINKER_GOMI_ROCKET,Gomi,$08 Gomi
2386,$D1EBF6,$1B37C9,raw,3553225,$F637C9,True,LiveText_2386,,TINKER_GOMI_ROCKET,Gomi,$08 Gomi
2387,$D1EBF9,$1B37E1,raw,3553249,$F637E1,True,LiveText_2387,,TINKER_GOMI_ROCKET,Gomi,$08 Gomi
2388,$D1EBFC,$1B381A,raw,3553306,$F6381A,True,LiveText_2388,,TINKER_GOMI_ROCKET,Gomi,$08 Gomi
2389,$D1EBFF,$1B383D,raw,3553341,$F6383D,True,LiveText_2389,,TINKER_GOMI_ROCKET,Gomi,$08 Gomi
2390,$D1EC02,$1B3867,raw,3553383,$F63867,True,LiveText_2390,,TINKER_GOMI_ROCKET,Boy,$04 Boy
2391,$D1EC05,$1B42F0,raw,3556080,$F642F0,True,LiveText_2391,,TINKER_GOMI_ROCKET,Gomi,$08 Gomi
2392,$D1EC08,$1B38ED,raw,3553517,$F638ED,True,LiveText_2392,,TINKER_GOMI_ROCKET,Gomi,$08 Gomi
2393,$D1EC0B,$1B391C,raw,3553564,$F6391C,True,LiveText_2393,,TINKER_GOMI_ROCKET,Boy,$04 Boy
2394,$D1EC0E,$1B393C,raw,3553596,$F6393C,True,LiveText_2394,,TINKER_GOMI_ROCKET,Boy,$04 Boy
2395,$D1EC11,$1B39B1,raw,3553713,$F639B1,True,LiveText_2395,,TINKER_GOMI_ROCKET,Gomi,$08 Gomi
2396,$D1EC14,$1B39BE,raw,3553726,$F639BE,True,LiveText_2396,,TINKER_GOMI_ROCKET,Gomi,$08 Gomi
2397,$D1EC17,$1B4340,raw,3556160,$F64340,True,LiveText_2397,,TINKER_GOMI_ROCKET,Gomi,$08 Gomi
2398,$D1EC1A,$1B3A5F,raw,3553887,$F63A5F,True,LiveText_2398,,TINKER_GOMI_ROCKET,Gomi,$08 Gomi
2399,$D1EC1D,$1B3A7E,raw,3553918,$F63A7E,True,LiveText_2399,,TINKER_GOMI_ROCKET,Boy,$04 Boy
2400,$D1EC20,$1B3AB9,raw,3553977,$F63AB9,True,LiveText_2400,,TINKER_GOMI_ROCKET,Gomi,$08 Gomi
2401,$D1EC23,$1B3AD5,raw,3554005,$F63AD5,True,LiveText_2401,,TINKER_GOMI_ROCKET,Gomi,$08 Gomi
2402,$D1EC26,$1B3B1F,raw,3554079,$F63B1F,True,LiveText_2402,,TINKER_GOMI_ROCKET,Gomi,$08 Gomi
2403,$D1EC29,$1B3B4B,raw,3554123,$F63B4B,True,LiveText_2403,,TINKER_GOMI_ROCKET,Gomi,$08 Gomi
2404,$D1EC2C,$1B43D0,raw,3556304,$F643D0,True,LiveText_2404,,TINKER_GOMI_ROCKET,Gomi,$08 Gomi
2405,$D1EC2F,$1B5680,raw,3561088,$F65680,True,LiveText_2405,,DARK_FOREST,Generic Gothica NPC,$03 Generic NPC
2406,$D1EC32,$1A0100,raw,3408128,$F40100,True,LiveText_2406,,GOTHICA_TOWNS_EBON_IVOR,Cecil,$16 Cecil
2407,$D1EC35,$1A0200,raw,3408384,$F40200,True,LiveText_2407,,CONTEXTUAL_SAVE,Blimp,$06 Blimp
2408,$D1EC38,$1A0280,raw,3408512,$F40280,True,LiveText_2408,,OMNITOPIA_PROFESSOR_CARLTRON,Professor Ruffleberg,$0C Professor
2409,$D1EC3B,$1B4CEA,raw,3558634,$F64CEA,True,LiveText_2409,,DARK_FOREST,One Up alchemist,$03 Generic NPC
2410,$D1EC3E,$1A0300,raw,3408640,$F40300,True,LiveText_2410,,OMNITOPIA_PROFESSOR_CARLTRON,Omnitopia save terminal,$05 Robot
2411,$D1EC41,$1A0360,raw,3408736,$F40360,True,LiveText_2411,,OMNITOPIA_PROFESSOR_CARLTRON,Omnitopia save terminal,$05 Robot
2412,$D1EC44,$1B4E9C,raw,3559068,$F64E9C,True,LiveText_2412,,DARK_FOREST,One Up alchemist,$03 Generic NPC
2413,$D1EC47,$1B4EFE,raw,3559166,$F64EFE,True,LiveText_2413,,DARK_FOREST,Generic Gothica NPC,$03 Generic NPC
2414,$D1EC4A,$1A0380,raw,3408768,$F40380,True,LiveText_2414,,OMNITOPIA_PROFESSOR_CARLTRON,Junkyard save terminal,$05 Robot
2415,$D1EC4D,$1A4800,raw,3426304,$F44800,True,LiveText_2415,,PREHISTORIA_WILDS,Strong Heart,$07 Strong Heart
2416,$D1EC50,$1A4880,raw,3426432,$F44880,True,LiveText_2416,,PREHISTORIA_WILDS,Strong Heart,$07 Strong Heart
2417,$D1EC53,$1A48C0,raw,3426496,$F448C0,True,LiveText_2417,,PREHISTORIA_WILDS,Strong Heart,$07 Strong Heart
2418,$D1EC56,$1B502E,raw,3559470,$F6502E,True,LiveText_2418,,DARK_FOREST,Generic Gothica NPC,$03 Generic NPC
2419,$D1EC59,$1B5068,raw,3559528,$F65068,True,LiveText_2419,,DARK_FOREST,Generic Gothica NPC,$03 Generic NPC
2420,$D1EC5C,$1B5085,raw,3559557,$F65085,True,LiveText_2420,,DARK_FOREST,Generic Gothica NPC,$03 Generic NPC
2421,$D1EC5F,$1B50A2,raw,3559586,$F650A2,True,LiveText_2421,,DARK_FOREST,Generic Gothica NPC,$03 Generic NPC
2422,$D1EC62,$1B50CF,raw,3559631,$F650CF,True,LiveText_2422,,DARK_FOREST,Generic Gothica NPC,$03 Generic NPC
2423,$D1EC65,$1B5103,raw,3559683,$F65103,True,LiveText_2423,,DARK_FOREST,Generic Gothica NPC,$03 Generic NPC
2424,$D1EC68,$1B514A,raw,3559754,$F6514A,True,LiveText_2424,,DARK_FOREST,Generic Gothica NPC,$03 Generic NPC
2425,$D1EC6B,$1B5183,raw,3559811,$F65183,True,LiveText_2425,,DARK_FOREST,Generic Gothica NPC,$03 Generic NPC
2426,$D1EC6E,$1B518D,raw,3559821,$F6518D,True,LiveText_2426,,DARK_FOREST,Generic Gothica NPC,$03 Generic NPC
2427,$D1EC71,$1B51B5,raw,3559861,$F651B5,True,LiveText_2427,,DARK_FOREST,Generic Gothica NPC,$03 Generic NPC
2428,$D1EC74,$1B51DB,raw,3559899,$F651DB,True,LiveText_2428,,DARK_FOREST,Generic Gothica NPC,$03 Generic NPC
2429,$D1EC77,$1B57D0,raw,3561424,$F657D0,True,LiveText_2429,,DARK_FOREST,Generic Gothica NPC,$03 Generic NPC
2430,$D1EC7A,$1B525C,raw,3560028,$F6525C,True,LiveText_2430,,DARK_FOREST,Narration/System,$02 Narration / System
2431,$D1EC7D,$1B5274,raw,3560052,$F65274,True,LiveText_2431,,DARK_FOREST,Generic Gothica NPC,$03 Generic NPC
2432,$D1EC80,$1B529E,raw,3560094,$F6529E,True,LiveText_2432,,DARK_FOREST,Generic Gothica NPC,$03 Generic NPC
2433,$D1EC83,$1B5356,raw,3560278,$F65356,True,LiveText_2433,,DARK_FOREST,Generic Gothica NPC,$03 Generic NPC
2434,$D1EC86,$1B5383,raw,3560323,$F65383,True,LiveText_2434,,DARK_FOREST,Generic Gothica NPC,$03 Generic NPC
2435,$D1EC89,$1B53E6,raw,3560422,$F653E6,True,LiveText_2435,,DARK_FOREST,Narration/System,$02 Narration / System
2436,$D1EC8C,$1B53F5,raw,3560437,$F653F5,True,LiveText_2436,,DARK_FOREST,Generic Gothica NPC,$03 Generic NPC
2437,$D1EC8F,$1B5411,raw,3560465,$F65411,True,LiveText_2437,,DARK_FOREST,Force Field / Stop alchemist,$03 Generic NPC
2438,$D1EC92,$1B5484,raw,3560580,$F65484,True,LiveText_2438,,DARK_FOREST,Force Field / Stop alchemist,$03 Generic NPC
2439,$D1EC95,$1B54EB,raw,3560683,$F654EB,True,LiveText_2439,,DARK_FOREST,Force Field / Stop alchemist,$03 Generic NPC
2440,$D1EC98,$1B552C,raw,3560748,$F6552C,True,LiveText_2440,,DARK_FOREST,Force Field / Stop alchemist,$03 Generic NPC
2441,$D1EC9B,$1B5563,raw,3560803,$F65563,True,LiveText_2441,,DARK_FOREST,Force Field / Stop alchemist,$03 Generic NPC
2442,$D1EC9E,$1B558F,raw,3560847,$F6558F,True,LiveText_2442,,DARK_FOREST,Force Field / Stop alchemist,$03 Generic NPC
2443,$D1ECA1,$1B55F3,raw,3560947,$F655F3,True,LiveText_2443,,DARK_FOREST,Generic Gothica NPC,$03 Generic NPC
2444,$D1ECA4,$1B561A,raw,3560986,$F6561A,True,LiveText_2444,,DARK_FOREST,Boy,$04 Boy
2445,$D1ECA7,$1B5C00,raw,3562496,$F65C00,True,LiveText_2445,,GOTHICA_CHESSBOARD_CORE,Narration/System,$02 Narration / System
2446,$D1ECAA,$1BE100,raw,3629312,$F76100,True,LiveText_2446,,NOBILIA_COLOSSEUM,Pompolonius,$13 Pompolonius / Showman
2447,$D1ECAD,$194000,raw,3293184,$F24000,True,LiveText_2447,$F34000,NOBILIA_COLOSSEUM / normal mirrored side,Pompolonius,$13 Pompolonius / Showman
2448,$D1ECB0,$194042,raw,3293250,$F24042,True,LiveText_2448,$F34042,NOBILIA_COLOSSEUM / normal mirrored side,Pompolonius,$13 Pompolonius / Showman
2449,$D1ECB3,$1BE11D,raw,3629341,$F7611D,True,LiveText_2449,,NOBILIA_COLOSSEUM,Pompolonius,$13 Pompolonius / Showman
2450,$D1ECB6,$1BE13A,raw,3629370,$F7613A,True,LiveText_2450,,NOBILIA_COLOSSEUM,Presentation control,INHERIT
2451,$D1ECB9,$1BE13F,raw,3629375,$F7613F,True,LiveText_2451,,NOBILIA_COLOSSEUM,Pompolonius,$13 Pompolonius / Showman
2452,$D1ECBC,$1BE15F,raw,3629407,$F7615F,True,LiveText_2452,,NOBILIA_COLOSSEUM,Pompolonius,$13 Pompolonius / Showman
2453,$D1ECBF,$1A6746,raw,3434310,$F46746,True,LiveText_2453,,NOBILIA_COLOSSEUM,Pompolonius,$13 Pompolonius / Showman
2454,$D1ECC2,$1BE19A,raw,3629466,$F7619A,True,LiveText_2454,,NOBILIA_COLOSSEUM,Pompolonius,$13 Pompolonius / Showman
2455,$D1ECC5,$1BE1C8,raw,3629512,$F761C8,True,LiveText_2455,,NOBILIA_COLOSSEUM,Presentation control,INHERIT
2456,$D1ECC8,$1BE1CA,raw,3629514,$F761CA,True,LiveText_2456,,NOBILIA_COLOSSEUM,Pompolonius,$13 Pompolonius / Showman
2457,$D1ECCB,$1BE1E9,raw,3629545,$F761E9,True,LiveText_2457,,NOBILIA_COLOSSEUM,Pompolonius,$13 Pompolonius / Showman
2458,$D1ECCE,$1BE210,raw,3629584,$F76210,True,LiveText_2458,,NOBILIA_COLOSSEUM,Generic Antiqua NPC,$03 Generic NPC
2459,$D1ECD1,$1BE229,raw,3629609,$F76229,True,LiveText_2459,,NOBILIA_COLOSSEUM,Generic Antiqua NPC,$03 Generic NPC
2460,$D1ECD4,$1BE243,raw,3629635,$F76243,True,LiveText_2460,,NOBILIA_COLOSSEUM,Generic Antiqua NPC,$03 Generic NPC
2461,$D1ECD7,$1BE25D,raw,3629661,$F7625D,True,LiveText_2461,,NOBILIA_COLOSSEUM,Boy,$04 Boy
2462,$D1ECDA,$1BE2CD,raw,3629773,$F762CD,True,LiveText_2462,,NOBILIA_COLOSSEUM,Boy,$04 Boy
2463,$D1ECDD,$1BE300,raw,3629824,$F76300,True,LiveText_2463,,NOBILIA_COLOSSEUM,Boy,$04 Boy
2464,$D1ECE0,$1BE322,raw,3629858,$F76322,True,LiveText_2464,,NOBILIA_COLOSSEUM,Pompolonius,$13 Pompolonius / Showman
2465,$D1ECE3,$1BE33D,raw,3629885,$F7633D,True,LiveText_2465,,NOBILIA_COLOSSEUM,Pompolonius,$13 Pompolonius / Showman
2466,$D1ECE6,$1BE352,raw,3629906,$F76352,True,LiveText_2466,,NOBILIA_COLOSSEUM,Pompolonius,$13 Pompolonius / Showman
2467,$D1ECE9,$1BE38A,raw,3629962,$F7638A,True,LiveText_2467,,NOBILIA_COLOSSEUM,Pompolonius,$13 Pompolonius / Showman
2468,$D1ECEC,$1BE3B2,raw,3630002,$F763B2,True,LiveText_2468,,NOBILIA_COLOSSEUM,Narration/System,$02 Narration / System
2469,$D1ECEF,$1BE430,raw,3630128,$F76430,True,LiveText_2469,,NOBILIA_COLOSSEUM,Boy,$04 Boy
2470,$D1ECF2,$1B6000,raw,3563520,$F66000,True,LiveText_2470,,IVOR_INTERIOR_PUPPET_MUNGOLA,Boy,$04 Boy
2471,$D1ECF5,$1B601D,raw,3563549,$F6601D,True,LiveText_2471,,IVOR_INTERIOR_PUPPET_MUNGOLA,Boy,$04 Boy
2472,$D1ECF8,$1B603D,raw,3563581,$F6603D,True,LiveText_2472,,IVOR_INTERIOR_PUPPET_MUNGOLA,Pompolonius,$13 Pompolonius / Showman
2473,$D1ECFB,$1B6046,raw,3563590,$F66046,True,LiveText_2473,,IVOR_INTERIOR_PUPPET_MUNGOLA,Pompolonius,$13 Pompolonius / Showman
2474,$D1ECFE,$1B610E,raw,3563790,$F6610E,True,LiveText_2474,,IVOR_INTERIOR_PUPPET_MUNGOLA,Boy,$04 Boy
2475,$D1ED01,$1B613C,raw,3563836,$F6613C,True,LiveText_2475,,IVOR_INTERIOR_PUPPET_MUNGOLA,Boy,$04 Boy
2476,$D1ED04,$1B6161,raw,3563873,$F66161,True,LiveText_2476,,IVOR_INTERIOR_PUPPET_MUNGOLA,Boy,$04 Boy
2477,$D1ED07,$1B6186,raw,3563910,$F66186,True,LiveText_2477,,IVOR_INTERIOR_PUPPET_MUNGOLA,Pompolonius,$13 Pompolonius / Showman
2478,$D1ED0A,$1B623B,raw,3564091,$F6623B,True,LiveText_2478,,IVOR_INTERIOR_PUPPET_MUNGOLA,Boy,$04 Boy
2479,$D1ED0D,$1B62E3,raw,3564259,$F662E3,True,LiveText_2479,,IVOR_INTERIOR_PUPPET_MUNGOLA,Boy,$04 Boy
2480,$D1ED10,$1B62F2,raw,3564274,$F662F2,True,LiveText_2480,,IVOR_INTERIOR_PUPPET_MUNGOLA,Gothica King / king-complex plumber,$15 Gothica King
2481,$D1ED13,$1B6392,raw,3564434,$F66392,True,LiveText_2481,,IVOR_INTERIOR_PUPPET_MUNGOLA,Narration/System,$02 Narration / System
2482,$D1ED16,$1B63A3,raw,3564451,$F663A3,True,LiveText_2482,,IVOR_INTERIOR_PUPPET_MUNGOLA,Narration/System,$02 Narration / System
2483,$D1ED19,$1B63BC,raw,3564476,$F663BC,True,LiveText_2483,,IVOR_INTERIOR_PUPPET_MUNGOLA,Narration/System,$02 Narration / System
2484,$D1ED1C,$1B63D3,raw,3564499,$F663D3,True,LiveText_2484,,IVOR_INTERIOR_PUPPET_MUNGOLA,Narration/System,$02 Narration / System
2485,$D1ED1F,$1B63F4,raw,3564532,$F663F4,True,LiveText_2485,,IVOR_INTERIOR_PUPPET_MUNGOLA,Generic Gothica NPC,$03 Generic NPC
2486,$D1ED22,$1B6413,raw,3564563,$F66413,True,LiveText_2486,,IVOR_INTERIOR_PUPPET_MUNGOLA,Generic Gothica NPC,$03 Generic NPC
2487,$D1ED25,$1B643D,raw,3564605,$F6643D,True,LiveText_2487,,IVOR_INTERIOR_PUPPET_MUNGOLA,Generic Gothica NPC,$03 Generic NPC
2488,$D1ED28,$1B646A,raw,3564650,$F6646A,True,LiveText_2488,,IVOR_INTERIOR_PUPPET_MUNGOLA,Generic Gothica NPC,$03 Generic NPC
2489,$D1ED2B,$1B6482,raw,3564674,$F66482,True,LiveText_2489,,IVOR_INTERIOR_PUPPET_MUNGOLA,Generic Gothica NPC,$03 Generic NPC
2490,$D1ED2E,$1B6499,raw,3564697,$F66499,True,LiveText_2490,,IVOR_INTERIOR_PUPPET_MUNGOLA,Boy,$04 Boy
2491,$D1ED31,$1B64DC,raw,3564764,$F664DC,True,LiveText_2491,,IVOR_INTERIOR_PUPPET_MUNGOLA,Puppet-show character,$03 Generic NPC
2492,$D1ED34,$1B64EF,raw,3564783,$F664EF,True,LiveText_2492,,IVOR_INTERIOR_PUPPET_MUNGOLA,Puppet-show character,$03 Generic NPC
2493,$D1ED37,$1B650A,raw,3564810,$F6650A,True,LiveText_2493,,IVOR_INTERIOR_PUPPET_MUNGOLA,Puppet-show character,$03 Generic NPC
2494,$D1ED3A,$1B6517,raw,3564823,$F66517,True,LiveText_2494,,IVOR_INTERIOR_PUPPET_MUNGOLA,Puppet-show character,$03 Generic NPC
2495,$D1ED3D,$1B6532,raw,3564850,$F66532,True,LiveText_2495,,IVOR_INTERIOR_PUPPET_MUNGOLA,Puppet-show character,$03 Generic NPC
2496,$D1ED40,$1B6549,raw,3564873,$F66549,True,LiveText_2496,,IVOR_INTERIOR_PUPPET_MUNGOLA,Puppet-show character,$03 Generic NPC
2497,$D1ED43,$1B6568,raw,3564904,$F66568,True,LiveText_2497,,IVOR_INTERIOR_PUPPET_MUNGOLA,Puppet-show character,$03 Generic NPC
2498,$D1ED46,$1B6591,raw,3564945,$F66591,True,LiveText_2498,,IVOR_INTERIOR_PUPPET_MUNGOLA,Puppet-show character,$03 Generic NPC
2499,$D1ED49,$1B65A8,raw,3564968,$F665A8,True,LiveText_2499,,IVOR_INTERIOR_PUPPET_MUNGOLA,Puppet-show character,$03 Generic NPC
2500,$D1ED4C,$1B65BB,raw,3564987,$F665BB,True,LiveText_2500,,IVOR_INTERIOR_PUPPET_MUNGOLA,Puppet-show character,$03 Generic NPC
2501,$D1ED4F,$1B65DC,raw,3565020,$F665DC,True,LiveText_2501,,IVOR_INTERIOR_PUPPET_MUNGOLA,Puppet-show character,$03 Generic NPC
2502,$D1ED52,$1B65EE,raw,3565038,$F665EE,True,LiveText_2502,,IVOR_INTERIOR_PUPPET_MUNGOLA,Puppet-show character,$03 Generic NPC
2503,$D1ED55,$1B6606,raw,3565062,$F66606,True,LiveText_2503,,IVOR_INTERIOR_PUPPET_MUNGOLA,Puppet-show character,$03 Generic NPC
2504,$D1ED58,$1B6629,raw,3565097,$F66629,True,LiveText_2504,,IVOR_INTERIOR_PUPPET_MUNGOLA,Puppet-show character,$03 Generic NPC
2505,$D1ED5B,$1B664D,raw,3565133,$F6664D,True,LiveText_2505,,IVOR_INTERIOR_PUPPET_MUNGOLA,Puppet-show character,$03 Generic NPC
2506,$D1ED5E,$1B6666,raw,3565158,$F66666,True,LiveText_2506,,IVOR_INTERIOR_PUPPET_MUNGOLA,Puppet-show character,$03 Generic NPC
2507,$D1ED61,$1B6684,raw,3565188,$F66684,True,LiveText_2507,,IVOR_INTERIOR_PUPPET_MUNGOLA,Puppet-show character,$03 Generic NPC
2508,$D1ED64,$1B669F,raw,3565215,$F6669F,True,LiveText_2508,,IVOR_INTERIOR_PUPPET_MUNGOLA,Puppet-show character,$03 Generic NPC
2509,$D1ED67,$1B66B7,raw,3565239,$F666B7,True,LiveText_2509,,IVOR_INTERIOR_PUPPET_MUNGOLA,Puppet-show character,$03 Generic NPC
2510,$D1ED6A,$1B66CE,raw,3565262,$F666CE,True,LiveText_2510,,IVOR_INTERIOR_PUPPET_MUNGOLA,Puppet-show character,$03 Generic NPC
2511,$D1ED6D,$1B66DD,raw,3565277,$F666DD,True,LiveText_2511,,IVOR_INTERIOR_PUPPET_MUNGOLA,Puppet-show character,$03 Generic NPC
2512,$D1ED70,$1B66F7,raw,3565303,$F666F7,True,LiveText_2512,,IVOR_INTERIOR_PUPPET_MUNGOLA,Puppet-show character,$03 Generic NPC
2513,$D1ED73,$1B670D,raw,3565325,$F6670D,True,LiveText_2513,,IVOR_INTERIOR_PUPPET_MUNGOLA,Puppet-show character,$03 Generic NPC
2514,$D1ED76,$1B6728,raw,3565352,$F66728,True,LiveText_2514,,IVOR_INTERIOR_PUPPET_MUNGOLA,Puppet-show character,$03 Generic NPC
2515,$D1ED79,$1B673F,raw,3565375,$F6673F,True,LiveText_2515,,IVOR_INTERIOR_PUPPET_MUNGOLA,Puppet-show character,$03 Generic NPC
2516,$D1ED7C,$1B6759,raw,3565401,$F66759,True,LiveText_2516,,IVOR_INTERIOR_PUPPET_MUNGOLA,Puppet-show character,$03 Generic NPC
2517,$D1ED7F,$1B676A,raw,3565418,$F6676A,True,LiveText_2517,,IVOR_INTERIOR_PUPPET_MUNGOLA,Puppet-show character,$03 Generic NPC
2518,$D1ED82,$1B6777,raw,3565431,$F66777,True,LiveText_2518,,IVOR_INTERIOR_PUPPET_MUNGOLA,Puppet-show character,$03 Generic NPC
2519,$D1ED85,$1B6792,raw,3565458,$F66792,True,LiveText_2519,,IVOR_INTERIOR_PUPPET_MUNGOLA,Boy,$04 Boy
2520,$D1ED88,$1B67B0,raw,3565488,$F667B0,True,LiveText_2520,,IVOR_INTERIOR_PUPPET_MUNGOLA,Boy,$04 Boy
2521,$D1ED8B,$1B67D7,raw,3565527,$F667D7,True,LiveText_2521,,IVOR_INTERIOR_PUPPET_MUNGOLA,Generic Gothica NPC,$03 Generic NPC
2522,$D1ED8E,$1B681A,raw,3565594,$F6681A,True,LiveText_2522,,IVOR_INTERIOR_PUPPET_MUNGOLA,Narration/System,$02 Narration / System
2523,$D1ED91,$1B6832,raw,3565618,$F66832,True,LiveText_2523,,IVOR_INTERIOR_PUPPET_MUNGOLA,Generic Gothica NPC,$03 Generic NPC
2524,$D1ED94,$1B68A2,raw,3565730,$F668A2,True,LiveText_2524,,IVOR_INTERIOR_PUPPET_MUNGOLA,Generic Gothica NPC,$03 Generic NPC
2525,$D1ED97,$1B68DC,raw,3565788,$F668DC,True,LiveText_2525,,IVOR_INTERIOR_PUPPET_MUNGOLA,Boy,$04 Boy
2526,$D1ED9A,$1B69D0,raw,3566032,$F669D0,True,LiveText_2526,,IVOR_INTERIOR_PUPPET_MUNGOLA,Boy,$04 Boy
2527,$D1ED9D,$1B6941,raw,3565889,$F66941,True,LiveText_2527,,IVOR_INTERIOR_PUPPET_MUNGOLA,Generic Gothica NPC,$03 Generic NPC
2528,$D1EDA0,$1B6971,raw,3565937,$F66971,True,LiveText_2528,,IVOR_INTERIOR_PUPPET_MUNGOLA,Narration/System,$02 Narration / System
2529,$D1EDA3,$1B698C,raw,3565964,$F6698C,True,LiveText_2529,,IVOR_INTERIOR_PUPPET_MUNGOLA,Generic Gothica NPC,$03 Generic NPC
2530,$D1EDA6,$1F0000,raw,4063232,$FE0000,True,LiveText_2530,,IVOR_TOWN_FESTIVAL_MARKET,Generic Gothica NPC,$03 Generic NPC
2531,$D1EDA9,$1F1BF0,raw,4070384,$FE1BF0,True,LiveText_2531,,IVOR_TOWN_FESTIVAL_MARKET,Generic Gothica NPC,$03 Generic NPC
2532,$D1EDAC,$1F00C7,raw,4063431,$FE00C7,True,LiveText_2532,,IVOR_TOWN_FESTIVAL_MARKET,Generic Gothica NPC,$03 Generic NPC
2533,$D1EDAF,$1F1C60,raw,4070496,$FE1C60,True,LiveText_2533,,IVOR_TOWN_FESTIVAL_MARKET,Generic Gothica NPC,$03 Generic NPC
2534,$D1EDB2,$1F01AD,raw,4063661,$FE01AD,True,LiveText_2534,,IVOR_TOWN_FESTIVAL_MARKET,Generic Gothica NPC,$03 Generic NPC
2535,$D1EDB5,$1F0210,raw,4063760,$FE0210,True,LiveText_2535,,IVOR_TOWN_FESTIVAL_MARKET,Generic Gothica NPC,$03 Generic NPC
2536,$D1EDB8,$1F0275,raw,4063861,$FE0275,True,LiveText_2536,,IVOR_TOWN_FESTIVAL_MARKET,Generic Gothica NPC,$03 Generic NPC
2537,$D1EDBB,$1F02C4,raw,4063940,$FE02C4,True,LiveText_2537,,IVOR_TOWN_FESTIVAL_MARKET,Generic Gothica NPC,$03 Generic NPC
2538,$D1EDBE,$1F0314,raw,4064020,$FE0314,True,LiveText_2538,,IVOR_TOWN_FESTIVAL_MARKET,Generic Gothica NPC,$03 Generic NPC
2539,$D1EDC1,$1F0370,raw,4064112,$FE0370,True,LiveText_2539,,IVOR_TOWN_FESTIVAL_MARKET,Generic Gothica NPC,$03 Generic NPC
2540,$D1EDC4,$1F03B2,raw,4064178,$FE03B2,True,LiveText_2540,,IVOR_TOWN_FESTIVAL_MARKET,Generic Gothica NPC,$03 Generic NPC
2541,$D1EDC7,$1F040C,raw,4064268,$FE040C,True,LiveText_2541,,IVOR_TOWN_FESTIVAL_MARKET,Generic Gothica NPC,$03 Generic NPC
2542,$D1EDCA,$1F0449,raw,4064329,$FE0449,True,LiveText_2542,,IVOR_TOWN_FESTIVAL_MARKET,Generic Gothica NPC,$03 Generic NPC
2543,$D1EDCD,$1F0487,raw,4064391,$FE0487,True,LiveText_2543,,IVOR_TOWN_FESTIVAL_MARKET,Generic Gothica NPC,$03 Generic NPC
2544,$D1EDD0,$1F051E,raw,4064542,$FE051E,True,LiveText_2544,,IVOR_TOWN_FESTIVAL_MARKET,Generic Gothica NPC,$03 Generic NPC
2545,$D1EDD3,$1F0552,raw,4064594,$FE0552,True,LiveText_2545,,IVOR_TOWN_FESTIVAL_MARKET,Generic Gothica NPC,$03 Generic NPC
2546,$D1EDD6,$1F05B6,raw,4064694,$FE05B6,True,LiveText_2546,,IVOR_TOWN_FESTIVAL_MARKET,Generic Gothica NPC,$03 Generic NPC
2547,$D1EDD9,$1F0626,raw,4064806,$FE0626,True,LiveText_2547,,IVOR_TOWN_FESTIVAL_MARKET,Generic Gothica NPC,$03 Generic NPC
2548,$D1EDDC,$1F067E,raw,4064894,$FE067E,True,LiveText_2548,,IVOR_TOWN_FESTIVAL_MARKET,Generic Gothica NPC,$03 Generic NPC
2549,$D1EDDF,$1F06D3,raw,4064979,$FE06D3,True,LiveText_2549,,IVOR_TOWN_FESTIVAL_MARKET,Generic Gothica NPC,$03 Generic NPC
2550,$D1EDE2,$1F1D10,raw,4070672,$FE1D10,True,LiveText_2550,,IVOR_TOWN_FESTIVAL_MARKET,Generic Gothica NPC,$03 Generic NPC
2551,$D1EDE5,$1F0786,raw,4065158,$FE0786,True,LiveText_2551,,IVOR_TOWN_FESTIVAL_MARKET,Generic Gothica NPC,$03 Generic NPC
2552,$D1EDE8,$1F07C1,raw,4065217,$FE07C1,True,LiveText_2552,,IVOR_TOWN_FESTIVAL_MARKET,Generic Gothica NPC,$03 Generic NPC
2553,$D1EDEB,$1F080C,raw,4065292,$FE080C,True,LiveText_2553,,IVOR_TOWN_FESTIVAL_MARKET,Generic Gothica NPC,$03 Generic NPC
2554,$D1EDEE,$1F0895,raw,4065429,$FE0895,True,LiveText_2554,,IVOR_TOWN_FESTIVAL_MARKET,Generic Gothica NPC,$03 Generic NPC
2555,$D1EDF1,$1F08FB,raw,4065531,$FE08FB,True,LiveText_2555,,IVOR_TOWN_FESTIVAL_MARKET,Generic Gothica NPC,$03 Generic NPC
2556,$D1EDF4,$1F1D70,raw,4070768,$FE1D70,True,LiveText_2556,,IVOR_TOWN_FESTIVAL_MARKET,Generic Gothica NPC,$03 Generic NPC
2557,$D1EDF7,$1F09A1,raw,4065697,$FE09A1,True,LiveText_2557,,IVOR_TOWN_FESTIVAL_MARKET,Generic Gothica NPC,$03 Generic NPC
2558,$D1EDFA,$1F0A0B,raw,4065803,$FE0A0B,True,LiveText_2558,,IVOR_TOWN_FESTIVAL_MARKET,Generic Gothica NPC,$03 Generic NPC
2559,$D1EDFD,$1F0A36,raw,4065846,$FE0A36,True,LiveText_2559,,IVOR_TOWN_FESTIVAL_MARKET,Generic Gothica NPC,$03 Generic NPC
2560,$D1EE00,$1F0AA8,raw,4065960,$FE0AA8,True,LiveText_2560,,IVOR_TOWN_FESTIVAL_MARKET,Generic Gothica NPC,$03 Generic NPC
2561,$D1EE03,$1F0B02,raw,4066050,$FE0B02,True,LiveText_2561,,IVOR_TOWN_FESTIVAL_MARKET,Generic Gothica NPC,$03 Generic NPC
2562,$D1EE06,$1F0B39,raw,4066105,$FE0B39,True,LiveText_2562,,IVOR_TOWN_FESTIVAL_MARKET,Generic Gothica NPC,$03 Generic NPC
2563,$D1EE09,$1F0BD3,raw,4066259,$FE0BD3,True,LiveText_2563,,IVOR_TOWN_FESTIVAL_MARKET,Generic Gothica NPC,$03 Generic NPC
2564,$D1EE0C,$1F0BF1,raw,4066289,$FE0BF1,True,LiveText_2564,,IVOR_TOWN_FESTIVAL_MARKET,Generic Gothica NPC,$03 Generic NPC
2565,$D1EE0F,$1F0C34,raw,4066356,$FE0C34,True,LiveText_2565,,IVOR_TOWN_FESTIVAL_MARKET,Merchant / Trader,$03 Generic NPC
2566,$D1EE12,$1F0C88,raw,4066440,$FE0C88,True,LiveText_2566,,IVOR_TOWN_FESTIVAL_MARKET,Merchant / Trader,$03 Generic NPC
2567,$D1EE15,$1F0D45,raw,4066629,$FE0D45,True,LiveText_2567,,IVOR_TOWN_FESTIVAL_MARKET,Merchant / Trader,$03 Generic NPC
2568,$D1EE18,$1F0D68,raw,4066664,$FE0D68,True,LiveText_2568,,IVOR_TOWN_FESTIVAL_MARKET,Merchant / Trader,$03 Generic NPC
2569,$D1EE1B,$1F0D9A,raw,4066714,$FE0D9A,True,LiveText_2569,,IVOR_TOWN_FESTIVAL_MARKET,Merchant / Trader,$03 Generic NPC
2570,$D1EE1E,$1F0DDB,raw,4066779,$FE0DDB,True,LiveText_2570,,IVOR_TOWN_FESTIVAL_MARKET,Merchant / Trader,$03 Generic NPC
2571,$D1EE21,$1F0E0A,raw,4066826,$FE0E0A,True,LiveText_2571,,IVOR_TOWN_FESTIVAL_MARKET,Merchant / Trader,$03 Generic NPC
2572,$D1EE24,$1F0E48,raw,4066888,$FE0E48,True,LiveText_2572,,IVOR_TOWN_FESTIVAL_MARKET,Merchant / Trader,$03 Generic NPC
2573,$D1EE27,$1F0E6D,raw,4066925,$FE0E6D,True,LiveText_2573,,IVOR_TOWN_FESTIVAL_MARKET,Merchant / Trader,$03 Generic NPC
2574,$D1EE2A,$1F0E89,raw,4066953,$FE0E89,True,LiveText_2574,,IVOR_TOWN_FESTIVAL_MARKET,Merchant / Trader,$03 Generic NPC
2575,$D1EE2D,$1F0ECA,raw,4067018,$FE0ECA,True,LiveText_2575,,IVOR_TOWN_FESTIVAL_MARKET,Merchant / Trader,$03 Generic NPC
2576,$D1EE30,$1F0F68,raw,4067176,$FE0F68,True,LiveText_2576,,IVOR_TOWN_FESTIVAL_MARKET,Merchant / Trader,$03 Generic NPC
2577,$D1EE33,$1F0FA2,raw,4067234,$FE0FA2,True,LiveText_2577,,IVOR_TOWN_FESTIVAL_MARKET,Merchant / Trader,$03 Generic NPC
2578,$D1EE36,$1F0FE4,raw,4067300,$FE0FE4,True,LiveText_2578,,IVOR_TOWN_FESTIVAL_MARKET,Merchant / Trader,$03 Generic NPC
2579,$D1EE39,$1F10B7,raw,4067511,$FE10B7,True,LiveText_2579,,IVOR_TOWN_FESTIVAL_MARKET,Merchant / Trader,$03 Generic NPC
2580,$D1EE3C,$1F1102,raw,4067586,$FE1102,True,LiveText_2580,,IVOR_TOWN_FESTIVAL_MARKET,Merchant / Trader,$03 Generic NPC
2581,$D1EE3F,$1F1143,raw,4067651,$FE1143,True,LiveText_2581,,IVOR_TOWN_FESTIVAL_MARKET,Merchant / Trader,$03 Generic NPC
2582,$D1EE42,$1F1198,raw,4067736,$FE1198,True,LiveText_2582,,IVOR_TOWN_FESTIVAL_MARKET,Merchant / Trader,$03 Generic NPC
2583,$D1EE45,$1F11B0,raw,4067760,$FE11B0,True,LiveText_2583,,IVOR_TOWN_FESTIVAL_MARKET,Merchant / Trader,$03 Generic NPC
2584,$D1EE48,$1F1205,raw,4067845,$FE1205,True,LiveText_2584,,IVOR_TOWN_FESTIVAL_MARKET,Merchant / Trader,$03 Generic NPC
2585,$D1EE4B,$1F121D,raw,4067869,$FE121D,True,LiveText_2585,,IVOR_TOWN_FESTIVAL_MARKET,Merchant / Trader,$03 Generic NPC
2586,$D1EE4E,$1F1276,raw,4067958,$FE1276,True,LiveText_2586,,IVOR_TOWN_FESTIVAL_MARKET,Merchant / Trader,$03 Generic NPC
2587,$D1EE51,$1F128E,raw,4067982,$FE128E,True,LiveText_2587,,IVOR_TOWN_FESTIVAL_MARKET,Merchant / Trader,$03 Generic NPC
2588,$D1EE54,$1F12E4,raw,4068068,$FE12E4,True,LiveText_2588,,IVOR_TOWN_FESTIVAL_MARKET,Merchant / Trader,$03 Generic NPC
2589,$D1EE57,$1F12FC,raw,4068092,$FE12FC,True,LiveText_2589,,IVOR_TOWN_FESTIVAL_MARKET,Merchant / Trader,$03 Generic NPC
2590,$D1EE5A,$1F1346,raw,4068166,$FE1346,True,LiveText_2590,,IVOR_TOWN_FESTIVAL_MARKET,Merchant / Trader,$03 Generic NPC
2591,$D1EE5D,$1F1DE0,raw,4070880,$FE1DE0,True,LiveText_2591,,IVOR_TOWN_FESTIVAL_MARKET,Merchant / Trader,$03 Generic NPC
2592,$D1EE60,$1F13C8,raw,4068296,$FE13C8,True,LiveText_2592,,IVOR_TOWN_FESTIVAL_MARKET,Merchant / Trader,$03 Generic NPC
2593,$D1EE63,$1F13D5,raw,4068309,$FE13D5,True,LiveText_2593,,IVOR_TOWN_FESTIVAL_MARKET,Merchant / Trader,$03 Generic NPC
2594,$D1EE66,$1F13E2,raw,4068322,$FE13E2,True,LiveText_2594,,IVOR_TOWN_FESTIVAL_MARKET,Merchant / Trader,$03 Generic NPC
2595,$D1EE69,$1F13F3,raw,4068339,$FE13F3,True,LiveText_2595,,IVOR_TOWN_FESTIVAL_MARKET,Merchant / Trader,$03 Generic NPC
2596,$D1EE6C,$1F1401,raw,4068353,$FE1401,True,LiveText_2596,,IVOR_TOWN_FESTIVAL_MARKET,Merchant / Trader,$03 Generic NPC
2597,$D1EE6F,$1F143B,raw,4068411,$FE143B,True,LiveText_2597,,IVOR_TOWN_FESTIVAL_MARKET,Merchant / Trader,$03 Generic NPC
2598,$D1EE72,$1F149D,raw,4068509,$FE149D,True,LiveText_2598,,IVOR_TOWN_FESTIVAL_MARKET,Merchant / Trader,$03 Generic NPC
2599,$D1EE75,$1F14C1,raw,4068545,$FE14C1,True,LiveText_2599,,IVOR_TOWN_FESTIVAL_MARKET,Merchant / Trader,$03 Generic NPC
2600,$D1EE78,$1F1532,raw,4068658,$FE1532,True,LiveText_2600,,IVOR_TOWN_FESTIVAL_MARKET,Merchant / Trader,$03 Generic NPC
2601,$D1EE7B,$1F1594,raw,4068756,$FE1594,True,LiveText_2601,,IVOR_TOWN_FESTIVAL_MARKET,Merchant / Trader,$03 Generic NPC
2602,$D1EE7E,$1F15CE,raw,4068814,$FE15CE,True,LiveText_2602,,IVOR_TOWN_FESTIVAL_MARKET,Merchant / Trader,$03 Generic NPC
2603,$D1EE81,$1F1613,raw,4068883,$FE1613,True,LiveText_2603,,IVOR_TOWN_FESTIVAL_MARKET,Merchant / Trader,$03 Generic NPC
2604,$D1EE84,$1F163A,raw,4068922,$FE163A,True,LiveText_2604,,IVOR_TOWN_FESTIVAL_MARKET,Merchant / Trader,$03 Generic NPC
2605,$D1EE87,$1F163D,raw,4068925,$FE163D,True,LiveText_2605,,IVOR_TOWN_FESTIVAL_MARKET,Merchant / Trader,$03 Generic NPC
2606,$D1EE8A,$1F1659,raw,4068953,$FE1659,True,LiveText_2606,,IVOR_TOWN_FESTIVAL_MARKET,Merchant / Trader,$03 Generic NPC
2607,$D1EE8D,$1F1680,raw,4068992,$FE1680,True,LiveText_2607,,IVOR_TOWN_FESTIVAL_MARKET,Merchant / Trader,$03 Generic NPC
2608,$D1EE90,$1F16C6,raw,4069062,$FE16C6,True,LiveText_2608,,IVOR_TOWN_FESTIVAL_MARKET,Merchant / Trader,$03 Generic NPC
2609,$D1EE93,$1F1728,raw,4069160,$FE1728,True,LiveText_2609,,IVOR_TOWN_FESTIVAL_MARKET,Merchant / Trader,$03 Generic NPC
2610,$D1EE96,$1F1767,raw,4069223,$FE1767,True,LiveText_2610,,IVOR_TOWN_FESTIVAL_MARKET,Merchant / Trader,$03 Generic NPC
2611,$D1EE99,$1F17AC,raw,4069292,$FE17AC,True,LiveText_2611,,IVOR_TOWN_FESTIVAL_MARKET,Merchant / Trader,$03 Generic NPC
2612,$D1EE9C,$1F17D3,raw,4069331,$FE17D3,True,LiveText_2612,,IVOR_TOWN_FESTIVAL_MARKET,Merchant / Trader,$03 Generic NPC
2613,$D1EE9F,$1F17D6,raw,4069334,$FE17D6,True,LiveText_2613,,IVOR_TOWN_FESTIVAL_MARKET,Merchant / Trader,$03 Generic NPC
2614,$D1EEA2,$1F17F2,raw,4069362,$FE17F2,True,LiveText_2614,,IVOR_TOWN_FESTIVAL_MARKET,Merchant / Trader,$03 Generic NPC
2615,$D1EEA5,$1F181D,raw,4069405,$FE181D,True,LiveText_2615,,IVOR_TOWN_FESTIVAL_MARKET,Merchant / Trader,$03 Generic NPC
2616,$D1EEA8,$1F189E,raw,4069534,$FE189E,True,LiveText_2616,,IVOR_TOWN_FESTIVAL_MARKET,Merchant / Trader,$03 Generic NPC
2617,$D1EEAB,$1F1900,raw,4069632,$FE1900,True,LiveText_2617,,IVOR_TOWN_FESTIVAL_MARKET,Merchant / Trader,$03 Generic NPC
2618,$D1EEAE,$1F1935,raw,4069685,$FE1935,True,LiveText_2618,,IVOR_TOWN_FESTIVAL_MARKET,Merchant / Trader,$03 Generic NPC
2619,$D1EEB1,$1F197A,raw,4069754,$FE197A,True,LiveText_2619,,IVOR_TOWN_FESTIVAL_MARKET,Merchant / Trader,$03 Generic NPC
2620,$D1EEB4,$1F19A1,raw,4069793,$FE19A1,True,LiveText_2620,,IVOR_TOWN_FESTIVAL_MARKET,Merchant / Trader,$03 Generic NPC
2621,$D1EEB7,$1F19A4,raw,4069796,$FE19A4,True,LiveText_2621,,IVOR_TOWN_FESTIVAL_MARKET,Merchant / Trader,$03 Generic NPC
2622,$D1EEBA,$1F19C0,raw,4069824,$FE19C0,True,LiveText_2622,,IVOR_TOWN_FESTIVAL_MARKET,Generic Gothica NPC,$03 Generic NPC
2623,$D1EEBD,$1F19C9,raw,4069833,$FE19C9,True,LiveText_2623,,IVOR_TOWN_FESTIVAL_MARKET,Generic Gothica NPC,$03 Generic NPC
2624,$D1EEC0,$1F19D1,raw,4069841,$FE19D1,True,LiveText_2624,,IVOR_TOWN_FESTIVAL_MARKET,Generic Gothica NPC,$03 Generic NPC
2625,$D1EEC3,$1F19DA,raw,4069850,$FE19DA,True,LiveText_2625,,IVOR_TOWN_FESTIVAL_MARKET,Generic Gothica NPC,$03 Generic NPC
2626,$D1EEC6,$1F19E3,raw,4069859,$FE19E3,True,LiveText_2626,,IVOR_TOWN_FESTIVAL_MARKET,Generic Gothica NPC,$03 Generic NPC
2627,$D1EEC9,$1F19EB,raw,4069867,$FE19EB,True,LiveText_2627,,IVOR_TOWN_FESTIVAL_MARKET,Generic Gothica NPC,$03 Generic NPC
2628,$D1EECC,$1F19F3,raw,4069875,$FE19F3,True,LiveText_2628,,IVOR_TOWN_FESTIVAL_MARKET,Generic Gothica NPC,$03 Generic NPC
2629,$D1EECF,$1F19FC,raw,4069884,$FE19FC,True,LiveText_2629,,IVOR_TOWN_FESTIVAL_MARKET,Generic Gothica NPC,$03 Generic NPC
2630,$D1EED2,$1F1A04,raw,4069892,$FE1A04,True,LiveText_2630,,IVOR_TOWN_FESTIVAL_MARKET,Generic Gothica NPC,$03 Generic NPC
2631,$D1EED5,$1F1A0D,raw,4069901,$FE1A0D,True,LiveText_2631,,IVOR_TOWN_FESTIVAL_MARKET,Generic Gothica NPC,$03 Generic NPC
2632,$D1EED8,$1F1A35,raw,4069941,$FE1A35,True,LiveText_2632,,IVOR_TOWN_FESTIVAL_MARKET,Generic Gothica NPC,$03 Generic NPC
2633,$D1EEDB,$1F1A4A,raw,4069962,$FE1A4A,True,LiveText_2633,,IVOR_TOWN_FESTIVAL_MARKET,Generic Gothica NPC,$03 Generic NPC
2634,$D1EEDE,$1F1A5F,raw,4069983,$FE1A5F,True,LiveText_2634,,IVOR_TOWN_FESTIVAL_MARKET,Boy,$04 Boy
2635,$D1EEE1,$1F1A82,raw,4070018,$FE1A82,True,LiveText_2635,,IVOR_TOWN_FESTIVAL_MARKET,Generic Gothica NPC,$03 Generic NPC
2636,$D1EEE4,$1F1ADD,raw,4070109,$FE1ADD,True,LiveText_2636,,IVOR_TOWN_FESTIVAL_MARKET,Boy,$04 Boy
2637,$D1EEE7,$1F1B60,raw,4070240,$FE1B60,True,LiveText_2637,,IVOR_TOWN_FESTIVAL_MARKET,Narration/System,$02 Narration / System
2638,$D1EEEA,$1F1B67,raw,4070247,$FE1B67,True,LiveText_2638,,IVOR_TOWN_FESTIVAL_MARKET,Generic Gothica NPC,$03 Generic NPC
2639,$D1EEED,$1F1BB3,raw,4070323,$FE1BB3,True,LiveText_2639,,IVOR_TOWN_FESTIVAL_MARKET,Generic Gothica NPC,$03 Generic NPC
2640,$D1EEF0,$1F4300,raw,4080384,$FE4300,True,LiveText_2640,,IVOR_EXHIBITION_APPROACH,Generic Gothica NPC,$03 Generic NPC
2641,$D1EEF3,$1F4346,raw,4080454,$FE4346,True,LiveText_2641,,IVOR_EXHIBITION_APPROACH,Generic Gothica NPC,$03 Generic NPC
2642,$D1EEF6,$1F4362,raw,4080482,$FE4362,True,LiveText_2642,,IVOR_EXHIBITION_APPROACH,Generic Gothica NPC,$03 Generic NPC
2643,$D1EEF9,$1F438E,raw,4080526,$FE438E,True,LiveText_2643,,IVOR_EXHIBITION_APPROACH,Generic Gothica NPC,$03 Generic NPC
2644,$D1EEFC,$1F43D2,raw,4080594,$FE43D2,True,LiveText_2644,,IVOR_EXHIBITION_APPROACH,Generic Gothica NPC,$03 Generic NPC
2645,$D1EEFF,$1F440E,raw,4080654,$FE440E,True,LiveText_2645,,IVOR_EXHIBITION_APPROACH,Generic Gothica NPC,$03 Generic NPC
2646,$D1EF02,$1F4462,raw,4080738,$FE4462,True,LiveText_2646,,IVOR_EXHIBITION_APPROACH,Generic Gothica NPC,$03 Generic NPC
2647,$D1EF05,$1F44B8,raw,4080824,$FE44B8,True,LiveText_2647,,IVOR_EXHIBITION_APPROACH,Generic Gothica NPC,$03 Generic NPC
2648,$D1EF08,$1F44F8,raw,4080888,$FE44F8,True,LiveText_2648,,IVOR_EXHIBITION_APPROACH,Presentation control,INHERIT
2649,$D1EF0B,$1F44FA,raw,4080890,$FE44FA,True,LiveText_2649,,IVOR_EXHIBITION_APPROACH,Generic Gothica NPC,$03 Generic NPC
2650,$D1EF0E,$1F451D,raw,4080925,$FE451D,True,LiveText_2650,,IVOR_EXHIBITION_APPROACH,Generic Gothica NPC,$03 Generic NPC
2651,$D1EF11,$1F4557,raw,4080983,$FE4557,True,LiveText_2651,,IVOR_EXHIBITION_APPROACH,Generic Gothica NPC,$03 Generic NPC
2652,$D1EF14,$1F45A6,raw,4081062,$FE45A6,True,LiveText_2652,,IVOR_EXHIBITION_APPROACH,Generic Gothica NPC,$03 Generic NPC
2653,$D1EF17,$1F45E3,raw,4081123,$FE45E3,True,LiveText_2653,,IVOR_EXHIBITION_APPROACH,Generic Gothica NPC,$03 Generic NPC
2654,$D1EF1A,$1F4606,raw,4081158,$FE4606,True,LiveText_2654,,IVOR_EXHIBITION_APPROACH,Generic Gothica NPC,$03 Generic NPC
2655,$D1EF1D,$1F462F,raw,4081199,$FE462F,True,LiveText_2655,,IVOR_EXHIBITION_APPROACH,Presentation control,INHERIT
2656,$D1EF20,$1F4631,raw,4081201,$FE4631,True,LiveText_2656,,IVOR_EXHIBITION_APPROACH,Generic Gothica NPC,$03 Generic NPC
2657,$D1EF23,$1F466C,raw,4081260,$FE466C,True,LiveText_2657,,IVOR_EXHIBITION_APPROACH,Generic Gothica NPC,$03 Generic NPC
2658,$D1EF26,$1F468D,raw,4081293,$FE468D,True,LiveText_2658,,IVOR_EXHIBITION_APPROACH,Boy,$04 Boy
2659,$D1EF29,$1F46A5,raw,4081317,$FE46A5,True,LiveText_2659,,IVOR_EXHIBITION_APPROACH,Boy,$04 Boy
2660,$D1EF2C,$1F46D7,raw,4081367,$FE46D7,True,LiveText_2660,,IVOR_EXHIBITION_APPROACH,Generic Gothica NPC,$03 Generic NPC
2661,$D1EF2F,$1F471A,raw,4081434,$FE471A,True,LiveText_2661,,IVOR_EXHIBITION_APPROACH,Exhibition presenter,$03 Generic NPC
2662,$D1EF32,$1F472C,raw,4081452,$FE472C,True,LiveText_2662,,IVOR_EXHIBITION_APPROACH,Exhibition presenter,$03 Generic NPC
2663,$D1EF35,$1F4766,raw,4081510,$FE4766,True,LiveText_2663,,IVOR_EXHIBITION_APPROACH,Boy,$04 Boy
2664,$D1EF38,$1F47A2,raw,4081570,$FE47A2,True,LiveText_2664,,IVOR_EXHIBITION_APPROACH,Exhibition presenter,$03 Generic NPC
2665,$D1EF3B,$1F47D6,raw,4081622,$FE47D6,True,LiveText_2665,,IVOR_EXHIBITION_APPROACH,Exhibition presenter,$03 Generic NPC
2666,$D1EF3E,$1F47E0,raw,4081632,$FE47E0,True,LiveText_2666,,IVOR_EXHIBITION_APPROACH,Exhibition presenter,$03 Generic NPC
2667,$D1EF41,$1F47E6,raw,4081638,$FE47E6,True,LiveText_2667,,IVOR_EXHIBITION_APPROACH,Exhibition presenter,$03 Generic NPC
2668,$D1EF44,$1F47F1,raw,4081649,$FE47F1,True,LiveText_2668,,IVOR_EXHIBITION_APPROACH,Exhibition presenter,$03 Generic NPC
2669,$D1EF47,$1F47FC,raw,4081660,$FE47FC,True,LiveText_2669,,IVOR_EXHIBITION_APPROACH,Exhibition presenter,$03 Generic NPC
2670,$D1EF4A,$1F4805,raw,4081669,$FE4805,True,LiveText_2670,,IVOR_EXHIBITION_APPROACH,Exhibition presenter,$03 Generic NPC
2671,$D1EF4D,$1F480F,raw,4081679,$FE480F,True,LiveText_2671,,IVOR_EXHIBITION_APPROACH,Exhibition presenter,$03 Generic NPC
2672,$D1EF50,$1F4816,raw,4081686,$FE4816,True,LiveText_2672,,IVOR_EXHIBITION_APPROACH,Exhibition presenter,$03 Generic NPC
2673,$D1EF53,$1F481E,raw,4081694,$FE481E,True,LiveText_2673,,IVOR_EXHIBITION_APPROACH,Exhibition presenter,$03 Generic NPC
2674,$D1EF56,$1F4826,raw,4081702,$FE4826,True,LiveText_2674,,IVOR_EXHIBITION_APPROACH,Exhibition presenter,$03 Generic NPC
2675,$D1EF59,$1F482C,raw,4081708,$FE482C,True,LiveText_2675,,IVOR_EXHIBITION_APPROACH,Exhibition presenter,$03 Generic NPC
2676,$D1EF5C,$1F488B,raw,4081803,$FE488B,True,LiveText_2676,,IVOR_EXHIBITION_APPROACH,Exhibition presenter,$03 Generic NPC
2677,$D1EF5F,$1F4917,raw,4081943,$FE4917,True,LiveText_2677,,IVOR_EXHIBITION_APPROACH,Exhibition presenter,$03 Generic NPC
2678,$D1EF62,$1F493C,raw,4081980,$FE493C,True,LiveText_2678,,IVOR_EXHIBITION_APPROACH,Mr. Head,$03 Generic NPC
2679,$D1EF65,$1F4975,raw,4082037,$FE4975,True,LiveText_2679,,IVOR_EXHIBITION_APPROACH,Boy,$04 Boy
2680,$D1EF68,$1F497E,raw,4082046,$FE497E,True,LiveText_2680,,IVOR_EXHIBITION_APPROACH,Exhibition presenter,$03 Generic NPC
2681,$D1EF6B,$1F49DF,raw,4082143,$FE49DF,True,LiveText_2681,,IVOR_EXHIBITION_APPROACH,Exhibition presenter,$03 Generic NPC
2682,$D1EF6E,$1F4A48,raw,4082248,$FE4A48,True,LiveText_2682,,IVOR_EXHIBITION_APPROACH,Exhibition presenter,$03 Generic NPC
2683,$D1EF71,$1F4A57,raw,4082263,$FE4A57,True,LiveText_2683,,IVOR_EXHIBITION_APPROACH,Exhibition presenter,$03 Generic NPC
2684,$D1EF74,$1F4A6C,raw,4082284,$FE4A6C,True,LiveText_2684,,IVOR_EXHIBITION_APPROACH,Exhibition presenter,$03 Generic NPC
2685,$D1EF77,$1F4A90,raw,4082320,$FE4A90,True,LiveText_2685,,IVOR_EXHIBITION_APPROACH,Exhibition presenter,$03 Generic NPC
2686,$D1EF7A,$1F4AAD,raw,4082349,$FE4AAD,True,LiveText_2686,,IVOR_EXHIBITION_APPROACH,Exhibition presenter,$03 Generic NPC
2687,$D1EF7D,$1F4AC9,raw,4082377,$FE4AC9,True,LiveText_2687,,IVOR_EXHIBITION_APPROACH,Exhibition presenter,$03 Generic NPC
2688,$D1EF80,$1F4B6C,raw,4082540,$FE4B6C,True,LiveText_2688,,IVOR_EXHIBITION_APPROACH,Exhibition presenter,$03 Generic NPC
2689,$D1EF83,$1F4C3F,raw,4082751,$FE4C3F,True,LiveText_2689,,IVOR_EXHIBITION_APPROACH,Exhibition presenter,$03 Generic NPC
2690,$D1EF86,$1F4C49,raw,4082761,$FE4C49,True,LiveText_2690,,IVOR_EXHIBITION_APPROACH,Exhibition presenter,$03 Generic NPC
2691,$D1EF89,$1F4C62,raw,4082786,$FE4C62,True,LiveText_2691,,IVOR_EXHIBITION_APPROACH,Exhibition presenter,$03 Generic NPC
2692,$D1EF8C,$1F4C79,raw,4082809,$FE4C79,True,LiveText_2692,,IVOR_EXHIBITION_APPROACH,Exhibition presenter,$03 Generic NPC
2693,$D1EF8F,$1F4CB0,raw,4082864,$FE4CB0,True,LiveText_2693,,IVOR_EXHIBITION_APPROACH,Exhibition presenter,$03 Generic NPC
2694,$D1EF92,$1F4CD5,raw,4082901,$FE4CD5,True,LiveText_2694,,IVOR_EXHIBITION_APPROACH,Exhibition presenter,$03 Generic NPC
2695,$D1EF95,$1F4D11,raw,4082961,$FE4D11,True,LiveText_2695,,IVOR_EXHIBITION_APPROACH,Exhibition presenter,$03 Generic NPC
2696,$D1EF98,$1F4D60,raw,4083040,$FE4D60,True,LiveText_2696,,IVOR_EXHIBITION_APPROACH,Exhibition presenter,$03 Generic NPC
2697,$D1EF9B,$1F4DB1,raw,4083121,$FE4DB1,True,LiveText_2697,,IVOR_EXHIBITION_APPROACH,Exhibition presenter,$03 Generic NPC
2698,$D1EF9E,$1F4DBD,raw,4083133,$FE4DBD,True,LiveText_2698,,IVOR_EXHIBITION_APPROACH,Boy,$04 Boy
2699,$D1EFA1,$1F4DD2,raw,4083154,$FE4DD2,True,LiveText_2699,,IVOR_EXHIBITION_APPROACH,Boy,$04 Boy
2700,$D1EFA4,$1F4E0B,raw,4083211,$FE4E0B,True,LiveText_2700,,IVOR_EXHIBITION_APPROACH,Boy,$04 Boy
2701,$D1EFA7,$1F4E25,raw,4083237,$FE4E25,True,LiveText_2701,,IVOR_EXHIBITION_APPROACH,Boy,$04 Boy
2702,$D1EFAA,$1F4E3F,raw,4083263,$FE4E3F,True,LiveText_2702,,IVOR_EXHIBITION_APPROACH,Boy,$04 Boy
2703,$D1EFAD,$1F4E82,raw,4083330,$FE4E82,True,LiveText_2703,,IVOR_EXHIBITION_APPROACH,Boy,$04 Boy
2704,$D1EFB0,$1F4ED9,raw,4083417,$FE4ED9,True,LiveText_2704,,IVOR_EXHIBITION_APPROACH,Exhibition presenter,$03 Generic NPC
2705,$D1EFB3,$1F56A0,raw,4085408,$FE56A0,True,LiveText_2705,,IVOR_EXHIBITION_APPROACH,Exhibition presenter,$03 Generic NPC
2706,$D1EFB6,$1F4F7F,raw,4083583,$FE4F7F,True,LiveText_2706,,IVOR_EXHIBITION_APPROACH,Exhibition presenter,$03 Generic NPC
2707,$D1EFB9,$1F4FE0,raw,4083680,$FE4FE0,True,LiveText_2707,,IVOR_EXHIBITION_APPROACH,Exhibition presenter,$03 Generic NPC
2708,$D1EFBC,$1F508F,raw,4083855,$FE508F,True,LiveText_2708,,IVOR_EXHIBITION_APPROACH,Exhibition presenter,$03 Generic NPC
2709,$D1EFBF,$1F50E0,raw,4083936,$FE50E0,True,LiveText_2709,,IVOR_EXHIBITION_APPROACH,Exhibition presenter,$03 Generic NPC
2710,$D1EFC2,$1F5161,raw,4084065,$FE5161,True,LiveText_2710,,IVOR_EXHIBITION_APPROACH,Exhibition presenter,$03 Generic NPC
2711,$D1EFC5,$1F51A4,raw,4084132,$FE51A4,True,LiveText_2711,,IVOR_EXHIBITION_APPROACH,Generic Gothica NPC,$03 Generic NPC
2712,$D1EFC8,$1F5218,raw,4084248,$FE5218,True,LiveText_2712,,IVOR_EXHIBITION_APPROACH,Generic Gothica NPC,$03 Generic NPC
2713,$D1EFCB,$1F5222,raw,4084258,$FE5222,True,LiveText_2713,,IVOR_EXHIBITION_APPROACH,Generic Gothica NPC,$03 Generic NPC
2714,$D1EFCE,$1F52C1,raw,4084417,$FE52C1,True,LiveText_2714,,IVOR_EXHIBITION_APPROACH,Generic Gothica NPC,$03 Generic NPC
2715,$D1EFD1,$1F52F5,raw,4084469,$FE52F5,True,LiveText_2715,,IVOR_EXHIBITION_APPROACH,Boy,$04 Boy
2716,$D1EFD4,$1F537A,raw,4084602,$FE537A,True,LiveText_2716,,IVOR_EXHIBITION_APPROACH,Generic Gothica NPC,$03 Generic NPC
2717,$D1EFD7,$1F53C3,raw,4084675,$FE53C3,True,LiveText_2717,,IVOR_EXHIBITION_APPROACH,Generic Gothica NPC,$03 Generic NPC
2718,$D1EFDA,$1F540F,raw,4084751,$FE540F,True,LiveText_2718,,IVOR_EXHIBITION_APPROACH,Generic Gothica NPC,$03 Generic NPC
2719,$D1EFDD,$1F5450,raw,4084816,$FE5450,True,LiveText_2719,,IVOR_EXHIBITION_APPROACH,Boy,$04 Boy
2720,$D1EFE0,$1F5484,raw,4084868,$FE5484,True,LiveText_2720,,IVOR_EXHIBITION_APPROACH,Boy,$04 Boy
2721,$D1EFE3,$1F549C,raw,4084892,$FE549C,True,LiveText_2721,,IVOR_EXHIBITION_APPROACH,Generic Gothica NPC,$03 Generic NPC
2722,$D1EFE6,$1F54AA,raw,4084906,$FE54AA,True,LiveText_2722,,IVOR_EXHIBITION_APPROACH,Boy,$04 Boy
2723,$D1EFE9,$1F54CA,raw,4084938,$FE54CA,True,LiveText_2723,,IVOR_EXHIBITION_APPROACH,Boy,$04 Boy
2724,$D1EFEC,$1F5522,raw,4085026,$FE5522,True,LiveText_2724,,IVOR_EXHIBITION_APPROACH,Boy,$04 Boy
2725,$D1EFEF,$1F5534,raw,4085044,$FE5534,True,LiveText_2725,,IVOR_EXHIBITION_APPROACH,Generic Gothica NPC,$03 Generic NPC
2726,$D1EFF2,$1F5557,raw,4085079,$FE5557,True,LiveText_2726,,IVOR_EXHIBITION_APPROACH,Boy,$04 Boy
2727,$D1EFF5,$1F556E,raw,4085102,$FE556E,True,LiveText_2727,,IVOR_EXHIBITION_APPROACH,Generic Gothica NPC,$03 Generic NPC
2728,$D1EFF8,$1F55ED,raw,4085229,$FE55ED,True,LiveText_2728,,IVOR_EXHIBITION_APPROACH,Generic Gothica NPC,$03 Generic NPC
2729,$D1EFFB,$1F5615,raw,4085269,$FE5615,True,LiveText_2729,,IVOR_EXHIBITION_APPROACH,Generic Gothica NPC,$03 Generic NPC
2730,$D1EFFE,$1F5F00,raw,4087552,$FE5F00,True,LiveText_2730,,IVOR_CASTLE_BANQUET,Generic Gothica NPC,$03 Generic NPC
2731,$D1F001,$1F5F31,raw,4087601,$FE5F31,True,LiveText_2731,,IVOR_CASTLE_BANQUET,Naris,$03 Generic NPC
2732,$D1F004,$1F5F88,raw,4087688,$FE5F88,True,LiveText_2732,,IVOR_CASTLE_BANQUET,Naris,$03 Generic NPC
2733,$D1F007,$1F5FAC,raw,4087724,$FE5FAC,True,LiveText_2733,,IVOR_CASTLE_BANQUET,Naris,$03 Generic NPC
2734,$D1F00A,$1F5FCD,raw,4087757,$FE5FCD,True,LiveText_2734,,IVOR_CASTLE_BANQUET,Naris,$03 Generic NPC
2735,$D1F00D,$1F5FF6,raw,4087798,$FE5FF6,True,LiveText_2735,,IVOR_CASTLE_BANQUET,Naris,$03 Generic NPC
2736,$D1F010,$1F6058,raw,4087896,$FE6058,True,LiveText_2736,,IVOR_CASTLE_BANQUET,Naris,$03 Generic NPC
2737,$D1F013,$1F60AB,raw,4087979,$FE60AB,True,LiveText_2737,,IVOR_CASTLE_BANQUET,Naris,$03 Generic NPC
2738,$D1F016,$1F60D6,raw,4088022,$FE60D6,True,LiveText_2738,,IVOR_CASTLE_BANQUET,Naris,$03 Generic NPC
2739,$D1F019,$1F6109,raw,4088073,$FE6109,True,LiveText_2739,,IVOR_CASTLE_BANQUET,Naris,$03 Generic NPC
2740,$D1F01C,$1F6192,raw,4088210,$FE6192,True,LiveText_2740,,IVOR_CASTLE_BANQUET,Generic Gothica NPC,$03 Generic NPC
2741,$D1F01F,$1F61AB,raw,4088235,$FE61AB,True,LiveText_2741,,IVOR_CASTLE_BANQUET,Boy,$04 Boy
2742,$D1F022,$1F61CF,raw,4088271,$FE61CF,True,LiveText_2742,,IVOR_CASTLE_BANQUET,Boy,$04 Boy
2743,$D1F025,$1F61FE,raw,4088318,$FE61FE,True,LiveText_2743,,IVOR_CASTLE_BANQUET,Generic Gothica NPC,$03 Generic NPC
2744,$D1F028,$1F6248,raw,4088392,$FE6248,True,LiveText_2744,,IVOR_CASTLE_BANQUET,Generic Gothica NPC,$03 Generic NPC
2745,$D1F02B,$1F6276,raw,4088438,$FE6276,True,LiveText_2745,,IVOR_CASTLE_BANQUET,Boy,$04 Boy
2746,$D1F02E,$1F6AB0,raw,4090544,$FE6AB0,True,LiveText_2746,,IVOR_CASTLE_BANQUET,Generic Gothica NPC,$03 Generic NPC
2747,$D1F031,$1F63A1,raw,4088737,$FE63A1,True,LiveText_2747,,IVOR_CASTLE_BANQUET,Generic Gothica NPC,$03 Generic NPC
2748,$D1F034,$1F63E3,raw,4088803,$FE63E3,True,LiveText_2748,,IVOR_CASTLE_BANQUET,Generic Gothica NPC,$03 Generic NPC
2749,$D1F037,$1F6444,raw,4088900,$FE6444,True,LiveText_2749,,IVOR_CASTLE_BANQUET,Evil Queen,$12 Artificial Queen
2750,$D1F03A,$1F648C,raw,4088972,$FE648C,True,LiveText_2750,,IVOR_CASTLE_BANQUET,Evil Queen,$12 Artificial Queen
2751,$D1F03D,$1F64A7,raw,4088999,$FE64A7,True,LiveText_2751,,IVOR_CASTLE_BANQUET,Generic Gothica NPC,$03 Generic NPC
2752,$D1F040,$1F64DD,raw,4089053,$FE64DD,True,LiveText_2752,,IVOR_CASTLE_BANQUET,Evil Queen,$12 Artificial Queen
2753,$D1F043,$1F6514,raw,4089108,$FE6514,True,LiveText_2753,,IVOR_CASTLE_BANQUET,Boy,$04 Boy
2754,$D1F046,$1F6558,raw,4089176,$FE6558,True,LiveText_2754,,IVOR_CASTLE_BANQUET,Boy,$04 Boy
2755,$D1F049,$1F658B,raw,4089227,$FE658B,True,LiveText_2755,,IVOR_CASTLE_BANQUET,Evil Queen,$12 Artificial Queen
2756,$D1F04C,$1F65D1,raw,4089297,$FE65D1,True,LiveText_2756,,IVOR_CASTLE_BANQUET,Boy,$04 Boy
2757,$D1F04F,$1F65ED,raw,4089325,$FE65ED,True,LiveText_2757,,IVOR_CASTLE_BANQUET,Evil Queen,$12 Artificial Queen
2758,$D1F052,$1F661A,raw,4089370,$FE661A,True,LiveText_2758,,IVOR_CASTLE_BANQUET,Boy,$04 Boy
2759,$D1F055,$1F6631,raw,4089393,$FE6631,True,LiveText_2759,,IVOR_CASTLE_BANQUET,Evil Queen,$12 Artificial Queen
2760,$D1F058,$1F6690,raw,4089488,$FE6690,True,LiveText_2760,,IVOR_CASTLE_BANQUET,Evil Queen,$12 Artificial Queen
2761,$D1F05B,$1F66FB,raw,4089595,$FE66FB,True,LiveText_2761,,IVOR_CASTLE_BANQUET,Boy,$04 Boy
2762,$D1F05E,$1F6BC0,raw,4090816,$FE6BC0,True,LiveText_2762,,IVOR_CASTLE_BANQUET,Evil Queen,$12 Artificial Queen
2763,$D1F061,$1F6783,raw,4089731,$FE6783,True,LiveText_2763,,IVOR_CASTLE_BANQUET,Guard / Authority,$03 Generic NPC
2764,$D1F064,$1F6867,raw,4089959,$FE6867,True,LiveText_2764,,IVOR_CASTLE_BANQUET,Guard / Authority,$03 Generic NPC
2765,$D1F067,$1B3BDB,raw,3554267,$F63BDB,True,LiveText_2765,,TINKER_GOMI_ROCKET,Narration/System,$02 Narration / System
2766,$D1F06A,$1B3C09,raw,3554313,$F63C09,True,LiveText_2766,,TINKER_GOMI_ROCKET,Tinker Tinderbox,$0A Tinker Tinderbox
2767,$D1F06D,$1B3C1D,raw,3554333,$F63C1D,True,LiveText_2767,,TINKER_GOMI_ROCKET,Tinker Tinderbox,$0A Tinker Tinderbox
2768,$D1F070,$1B3C4F,raw,3554383,$F63C4F,True,LiveText_2768,,TINKER_GOMI_ROCKET,Boy,$04 Boy
2769,$D1F073,$1B3C73,raw,3554419,$F63C73,True,LiveText_2769,,TINKER_GOMI_ROCKET,Tinker Tinderbox,$0A Tinker Tinderbox
2770,$D1F076,$1B3C79,raw,3554425,$F63C79,True,LiveText_2770,,TINKER_GOMI_ROCKET,Tinker Tinderbox,$0A Tinker Tinderbox
2771,$D1F079,$1B3C84,raw,3554436,$F63C84,True,LiveText_2771,,TINKER_GOMI_ROCKET,Tinker Tinderbox,$0A Tinker Tinderbox
2772,$D1F07C,$1B3CD5,raw,3554517,$F63CD5,True,LiveText_2772,,TINKER_GOMI_ROCKET,Boy,$04 Boy
2773,$D1F07F,$1B3CE4,raw,3554532,$F63CE4,True,LiveText_2773,,TINKER_GOMI_ROCKET,Tinker Tinderbox,$0A Tinker Tinderbox
2774,$D1F082,$1B3CFA,raw,3554554,$F63CFA,True,LiveText_2774,,TINKER_GOMI_ROCKET,Presentation control,INHERIT
2775,$D1F085,$1B3D00,raw,3554560,$F63D00,True,LiveText_2775,,TINKER_GOMI_ROCKET,Narration/System,$02 Narration / System
2776,$D1F088,$1B3D06,raw,3554566,$F63D06,True,LiveText_2776,,TINKER_GOMI_ROCKET,Tinker Tinderbox,$0A Tinker Tinderbox
2777,$D1F08B,$1B3D0F,raw,3554575,$F63D0F,True,LiveText_2777,,TINKER_GOMI_ROCKET,Boy,$04 Boy
2778,$D1F08E,$1B3D42,raw,3554626,$F63D42,True,LiveText_2778,,TINKER_GOMI_ROCKET,Tinker Tinderbox,$0A Tinker Tinderbox
2779,$D1F091,$1B3D8F,raw,3554703,$F63D8F,True,LiveText_2779,,TINKER_GOMI_ROCKET,Tinker Tinderbox,$0A Tinker Tinderbox
2780,$D1F094,$1B3DA6,raw,3554726,$F63DA6,True,LiveText_2780,,TINKER_GOMI_ROCKET,Boy,$04 Boy
2781,$D1F097,$1B3E28,raw,3554856,$F63E28,True,LiveText_2781,,TINKER_GOMI_ROCKET,Tinker Tinderbox,$0A Tinker Tinderbox
2782,$D1F09A,$1B3E39,raw,3554873,$F63E39,True,LiveText_2782,,TINKER_GOMI_ROCKET,Tinker Tinderbox,$0A Tinker Tinderbox
2783,$D1F09D,$1B3E62,raw,3554914,$F63E62,True,LiveText_2783,,TINKER_GOMI_ROCKET,Tinker Tinderbox,$0A Tinker Tinderbox
2784,$D1F0A0,$1B3E99,raw,3554969,$F63E99,True,LiveText_2784,,TINKER_GOMI_ROCKET,Tinker Tinderbox,$0A Tinker Tinderbox
2785,$D1F0A3,$1B3EBC,raw,3555004,$F63EBC,True,LiveText_2785,,TINKER_GOMI_ROCKET,Tinker Tinderbox,$0A Tinker Tinderbox
2786,$D1F0A6,$1B3EE6,raw,3555046,$F63EE6,True,LiveText_2786,,TINKER_GOMI_ROCKET,Tinker Tinderbox,$0A Tinker Tinderbox
2787,$D1F0A9,$1B3F15,raw,3555093,$F63F15,True,LiveText_2787,,TINKER_GOMI_ROCKET,Tinker Tinderbox,$0A Tinker Tinderbox
2788,$D1F0AC,$1B3F57,raw,3555159,$F63F57,True,LiveText_2788,,TINKER_GOMI_ROCKET,Boy,$04 Boy
2789,$D1F0AF,$1B3F73,raw,3555187,$F63F73,True,LiveText_2789,,TINKER_GOMI_ROCKET,Tinker Tinderbox,$0A Tinker Tinderbox
2790,$D1F0B2,$1B3FB5,raw,3555253,$F63FB5,True,LiveText_2790,,TINKER_GOMI_ROCKET,Tinker Tinderbox,$0A Tinker Tinderbox
2791,$D1F0B5,$1B4000,raw,3555328,$F64000,True,LiveText_2791,,TINKER_GOMI_ROCKET,Tinker Tinderbox,$0A Tinker Tinderbox
2792,$D1F0B8,$1B406C,raw,3555436,$F6406C,True,LiveText_2792,,TINKER_GOMI_ROCKET,Boy,$04 Boy
2793,$D1F0BB,$1B4086,raw,3555462,$F64086,True,LiveText_2793,,TINKER_GOMI_ROCKET,Tinker Tinderbox,$0A Tinker Tinderbox
2794,$D1F0BE,$1B40AE,raw,3555502,$F640AE,True,LiveText_2794,,TINKER_GOMI_ROCKET,Tinker Tinderbox,$0A Tinker Tinderbox
2795,$D1F0C1,$1B4113,raw,3555603,$F64113,True,LiveText_2795,,TINKER_GOMI_ROCKET,Tinker Tinderbox,$0A Tinker Tinderbox
2796,$D1F0C4,$1B4430,raw,3556400,$F64430,True,LiveText_2796,,TINKER_GOMI_ROCKET,Tinker Tinderbox,$0A Tinker Tinderbox
2797,$D1F0C7,$1B41DD,raw,3555805,$F641DD,True,LiveText_2797,,TINKER_GOMI_ROCKET,Tinker Tinderbox,$0A Tinker Tinderbox
2798,$D1F0CA,$1B420B,raw,3555851,$F6420B,True,LiveText_2798,,TINKER_GOMI_ROCKET,Boy,$04 Boy
2799,$D1F0CD,$1B4213,raw,3555859,$F64213,True,LiveText_2799,,TINKER_GOMI_ROCKET,Tinker Tinderbox,$0A Tinker Tinderbox
2800,$D1F0D0,$1B4253,raw,3555923,$F64253,True,LiveText_2800,,TINKER_GOMI_ROCKET,Tinker Tinderbox,$0A Tinker Tinderbox
2801,$D1F0D3,$1B426E,raw,3555950,$F6426E,True,LiveText_2801,,TINKER_GOMI_ROCKET,Tinker Tinderbox,$0A Tinker Tinderbox
2802,$D1F0D6,$1F68B3,raw,4090035,$FE68B3,True,LiveText_2802,,IVOR_CASTLE_BANQUET,Evil Queen,$12 Artificial Queen
2803,$D1F0D9,$1F6976,raw,4090230,$FE6976,True,LiveText_2803,,IVOR_CASTLE_BANQUET,Evil Queen,$12 Artificial Queen
2804,$D1F0DC,$1F69E3,raw,4090339,$FE69E3,True,LiveText_2804,,IVOR_CASTLE_BANQUET,Evil Queen,$12 Artificial Queen
2805,$D1F0DF,$1F69FB,raw,4090363,$FE69FB,True,LiveText_2805,,IVOR_CASTLE_BANQUET,Eronio,$03 Generic NPC
2806,$D1F0E2,$1F6A38,raw,4090424,$FE6A38,True,LiveText_2806,,IVOR_CASTLE_BANQUET,Evil Queen,$12 Artificial Queen
2807,$D1F0E5,$1F6A6F,raw,4090479,$FE6A6F,True,LiveText_2807,,IVOR_CASTLE_BANQUET,Evil Queen,$12 Artificial Queen
2808,$D1F0E8,$1F6A79,raw,4090489,$FE6A79,True,LiveText_2808,,IVOR_CASTLE_BANQUET,Evil Queen,$12 Artificial Queen
2809,$D1F0EB,$1F6A93,raw,4090515,$FE6A93,True,LiveText_2809,,IVOR_CASTLE_BANQUET,Generic Gothica NPC,$03 Generic NPC
2810,$D1F0EE,$1F8000,raw,4128768,$FF0000,True,LiveText_2810,,OMNITOPIA_PROFESSOR_CARLTRON,Omnitopia machine/terminal,$05 Robot
2811,$D1F0F1,$1F801F,raw,4128799,$FF001F,True,LiveText_2811,,OMNITOPIA_PROFESSOR_CARLTRON,Omnitopia machine/terminal,$05 Robot
2812,$D1F0F4,$1F805B,raw,4128859,$FF005B,True,LiveText_2812,,OMNITOPIA_PROFESSOR_CARLTRON,Omnitopia machine/terminal,$05 Robot
2813,$D1F0F7,$1F807C,raw,4128892,$FF007C,True,LiveText_2813,,OMNITOPIA_PROFESSOR_CARLTRON,Omnitopia machine/terminal,$05 Robot
2814,$D1F0FA,$1F809E,raw,4128926,$FF009E,True,LiveText_2814,,OMNITOPIA_PROFESSOR_CARLTRON,Omnitopia machine/terminal,$05 Robot
2815,$D1F0FD,$1F80BF,raw,4128959,$FF00BF,True,LiveText_2815,,OMNITOPIA_PROFESSOR_CARLTRON,Omnitopia machine/terminal,$05 Robot
2816,$D1F100,$1F80D7,raw,4128983,$FF00D7,True,LiveText_2816,,OMNITOPIA_PROFESSOR_CARLTRON,Omnitopia machine/terminal,$05 Robot
2817,$D1F103,$1F80E2,raw,4128994,$FF00E2,True,LiveText_2817,,OMNITOPIA_PROFESSOR_CARLTRON,Omnitopia machine/terminal,$05 Robot
2818,$D1F106,$1F8104,raw,4129028,$FF0104,True,LiveText_2818,,OMNITOPIA_PROFESSOR_CARLTRON,Narration/System,$02 Narration / System
2819,$D1F109,$1F8127,raw,4129063,$FF0127,True,LiveText_2819,,OMNITOPIA_PROFESSOR_CARLTRON,Narration/System,$02 Narration / System
2820,$D1F10C,$1F8142,raw,4129090,$FF0142,True,LiveText_2820,,OMNITOPIA_PROFESSOR_CARLTRON,Omnitopia machine/terminal,$05 Robot
2821,$D1F10F,$1F814F,raw,4129103,$FF014F,True,LiveText_2821,,OMNITOPIA_PROFESSOR_CARLTRON,Omnitopia machine/terminal,$05 Robot
2822,$D1F112,$1F8173,raw,4129139,$FF0173,True,LiveText_2822,,OMNITOPIA_PROFESSOR_CARLTRON,Narration/System,$02 Narration / System
2823,$D1F115,$1F818C,raw,4129164,$FF018C,True,LiveText_2823,,OMNITOPIA_PROFESSOR_CARLTRON,Narration/System,$02 Narration / System
2824,$D1F118,$1F81A7,raw,4129191,$FF01A7,True,LiveText_2824,,OMNITOPIA_PROFESSOR_CARLTRON,Omnitopia machine/terminal,$05 Robot
2825,$D1F11B,$1F81B2,raw,4129202,$FF01B2,True,LiveText_2825,,OMNITOPIA_PROFESSOR_CARLTRON,Omnitopia machine/terminal,$05 Robot
2826,$D1F11E,$1F81C3,raw,4129219,$FF01C3,True,LiveText_2826,,OMNITOPIA_PROFESSOR_CARLTRON,Omnitopia machine/terminal,$05 Robot
2827,$D1F121,$1F81D6,raw,4129238,$FF01D6,True,LiveText_2827,,OMNITOPIA_PROFESSOR_CARLTRON,Omnitopia machine/terminal,$05 Robot
2828,$D1F124,$1F821D,raw,4129309,$FF021D,True,LiveText_2828,,OMNITOPIA_PROFESSOR_CARLTRON,Omnitopia machine/terminal,$05 Robot
2829,$D1F127,$1F8268,raw,4129384,$FF0268,True,LiveText_2829,,OMNITOPIA_PROFESSOR_CARLTRON,Omnitopia machine/terminal,$05 Robot
2830,$D1F12A,$1F82A7,raw,4129447,$FF02A7,True,LiveText_2830,,OMNITOPIA_PROFESSOR_CARLTRON,Omnitopia machine/terminal,$05 Robot
2831,$D1F12D,$1F82EA,raw,4129514,$FF02EA,True,LiveText_2831,,OMNITOPIA_PROFESSOR_CARLTRON,Omnitopia machine/terminal,$05 Robot
2832,$D1F130,$1F8327,raw,4129575,$FF0327,True,LiveText_2832,,OMNITOPIA_PROFESSOR_CARLTRON,Narration/System,$02 Narration / System
2833,$D1F133,$1F833F,raw,4129599,$FF033F,True,LiveText_2833,,OMNITOPIA_PROFESSOR_CARLTRON,Omnitopia machine/terminal,$05 Robot
2834,$D1F136,$1F8366,raw,4129638,$FF0366,True,LiveText_2834,,OMNITOPIA_PROFESSOR_CARLTRON,Omnitopia machine/terminal,$05 Robot
2835,$D1F139,$1F83A0,raw,4129696,$FF03A0,True,LiveText_2835,,OMNITOPIA_PROFESSOR_CARLTRON,Omnitopia machine/terminal,$05 Robot
2836,$D1F13C,$1F83D6,raw,4129750,$FF03D6,True,LiveText_2836,,OMNITOPIA_PROFESSOR_CARLTRON,Omnitopia machine/terminal,$05 Robot
2837,$D1F13F,$1F83FD,raw,4129789,$FF03FD,True,LiveText_2837,,OMNITOPIA_PROFESSOR_CARLTRON,Omnitopia machine/terminal,$05 Robot
2838,$D1F142,$1F8437,raw,4129847,$FF0437,True,LiveText_2838,,OMNITOPIA_PROFESSOR_CARLTRON,Omnitopia machine/terminal,$05 Robot
2839,$D1F145,$1F8477,raw,4129911,$FF0477,True,LiveText_2839,,OMNITOPIA_PROFESSOR_CARLTRON,Omnitopia machine/terminal,$05 Robot
2840,$D1F148,$1F84B5,raw,4129973,$FF04B5,True,LiveText_2840,,OMNITOPIA_PROFESSOR_CARLTRON,Omnitopia machine/terminal,$05 Robot
2841,$D1F14B,$1F84D4,raw,4130004,$FF04D4,True,LiveText_2841,,OMNITOPIA_PROFESSOR_CARLTRON,Omnitopia machine/terminal,$05 Robot
2842,$D1F14E,$1F851C,raw,4130076,$FF051C,True,LiveText_2842,,OMNITOPIA_PROFESSOR_CARLTRON,Omnitopia machine/terminal,$05 Robot
2843,$D1F151,$1F8530,raw,4130096,$FF0530,True,LiveText_2843,,OMNITOPIA_PROFESSOR_CARLTRON,Omnitopia machine/terminal,$05 Robot
2844,$D1F154,$1F8572,raw,4130162,$FF0572,True,LiveText_2844,,OMNITOPIA_PROFESSOR_CARLTRON,Omnitopia machine/terminal,$05 Robot
2845,$D1F157,$1F85D0,raw,4130256,$FF05D0,True,LiveText_2845,,OMNITOPIA_PROFESSOR_CARLTRON,Omnitopia machine/terminal,$05 Robot
2846,$D1F15A,$1F85FA,raw,4130298,$FF05FA,True,LiveText_2846,,OMNITOPIA_PROFESSOR_CARLTRON,Omnitopia machine/terminal,$05 Robot
2847,$D1F15D,$1F8617,raw,4130327,$FF0617,True,LiveText_2847,,OMNITOPIA_PROFESSOR_CARLTRON,Omnitopia machine/terminal,$05 Robot
2848,$D1F160,$1F8643,raw,4130371,$FF0643,True,LiveText_2848,,OMNITOPIA_PROFESSOR_CARLTRON,Omnitopia machine/terminal,$05 Robot
2849,$D1F163,$1F8660,raw,4130400,$FF0660,True,LiveText_2849,,OMNITOPIA_PROFESSOR_CARLTRON,Omnitopia machine/terminal,$05 Robot
2850,$D1F166,$1F8689,raw,4130441,$FF0689,True,LiveText_2850,,OMNITOPIA_PROFESSOR_CARLTRON,Omnitopia machine/terminal,$05 Robot
2851,$D1F169,$1F86A8,raw,4130472,$FF06A8,True,LiveText_2851,,OMNITOPIA_PROFESSOR_CARLTRON,Omnitopia machine/terminal,$05 Robot
2852,$D1F16C,$1F86BB,raw,4130491,$FF06BB,True,LiveText_2852,,OMNITOPIA_PROFESSOR_CARLTRON,Omnitopia machine/terminal,$05 Robot
2853,$D1F16F,$1F8711,raw,4130577,$FF0711,True,LiveText_2853,,OMNITOPIA_PROFESSOR_CARLTRON,Omnitopia machine/terminal,$05 Robot
2854,$D1F172,$1F872C,raw,4130604,$FF072C,True,LiveText_2854,,OMNITOPIA_PROFESSOR_CARLTRON,Omnitopia machine/terminal,$05 Robot
2855,$D1F175,$1F8761,raw,4130657,$FF0761,True,LiveText_2855,,OMNITOPIA_PROFESSOR_CARLTRON,Omnitopia machine/terminal,$05 Robot
2856,$D1F178,$1F8775,raw,4130677,$FF0775,True,LiveText_2856,,OMNITOPIA_PROFESSOR_CARLTRON,Omnitopia machine/terminal,$05 Robot
2857,$D1F17B,$1F87A3,raw,4130723,$FF07A3,True,LiveText_2857,,OMNITOPIA_PROFESSOR_CARLTRON,Omnitopia machine/terminal,$05 Robot
2858,$D1F17E,$1F87A9,raw,4130729,$FF07A9,True,LiveText_2858,,OMNITOPIA_PROFESSOR_CARLTRON,Omnitopia machine/terminal,$05 Robot
2859,$D1F181,$1F87B0,raw,4130736,$FF07B0,True,LiveText_2859,,OMNITOPIA_PROFESSOR_CARLTRON,Omnitopia machine/terminal,$05 Robot
2860,$D1F184,$1F87B8,raw,4130744,$FF07B8,True,LiveText_2860,,OMNITOPIA_PROFESSOR_CARLTRON,Omnitopia machine/terminal,$05 Robot
2861,$D1F187,$1F87BE,raw,4130750,$FF07BE,True,LiveText_2861,,OMNITOPIA_PROFESSOR_CARLTRON,Omnitopia machine/terminal,$05 Robot
2862,$D1F18A,$1F87C5,raw,4130757,$FF07C5,True,LiveText_2862,,OMNITOPIA_PROFESSOR_CARLTRON,Omnitopia machine/terminal,$05 Robot
2863,$D1F18D,$1F87CD,raw,4130765,$FF07CD,True,LiveText_2863,,OMNITOPIA_PROFESSOR_CARLTRON,Omnitopia machine/terminal,$05 Robot
2864,$D1F190,$1F87D3,raw,4130771,$FF07D3,True,LiveText_2864,,OMNITOPIA_PROFESSOR_CARLTRON,Omnitopia machine/terminal,$05 Robot
2865,$D1F193,$1F87DA,raw,4130778,$FF07DA,True,LiveText_2865,,OMNITOPIA_PROFESSOR_CARLTRON,Omnitopia machine/terminal,$05 Robot
2866,$D1F196,$1F87E2,raw,4130786,$FF07E2,True,LiveText_2866,,OMNITOPIA_PROFESSOR_CARLTRON,Omnitopia machine/terminal,$05 Robot
2867,$D1F199,$1F8843,raw,4130883,$FF0843,True,LiveText_2867,,OMNITOPIA_PROFESSOR_CARLTRON,Omnitopia machine/terminal,$05 Robot
2868,$D1F19C,$1F8890,raw,4130960,$FF0890,True,LiveText_2868,,OMNITOPIA_PROFESSOR_CARLTRON,Omnitopia machine/terminal,$05 Robot
2869,$D1F19F,$1A6764,raw,3434340,$F46764,True,LiveText_2869,,OMNITOPIA_PROFESSOR_CARLTRON,Carltron,$0B Carltron
2870,$D1F1A2,$1F895E,raw,4131166,$FF095E,True,LiveText_2870,,OMNITOPIA_PROFESSOR_CARLTRON,Boy / Carltron,PAGE_MAP
2871,$D1F1A5,$1FAB50,raw,4139856,$FF2B50,True,LiveText_2871,,OMNITOPIA_PROFESSOR_CARLTRON,Carltron,$0B Carltron
2872,$D1F1A8,$1F89FD,raw,4131325,$FF09FD,True,LiveText_2872,,OMNITOPIA_PROFESSOR_CARLTRON,Boy,$04 Boy
2873,$D1F1AB,$1F8A22,raw,4131362,$FF0A22,True,LiveText_2873,,OMNITOPIA_PROFESSOR_CARLTRON,Boy,$04 Boy
2874,$D1F1AE,$1F8A36,raw,4131382,$FF0A36,True,LiveText_2874,,OMNITOPIA_PROFESSOR_CARLTRON,Boy,$04 Boy
2875,$D1F1B1,$1F8A57,raw,4131415,$FF0A57,True,LiveText_2875,,OMNITOPIA_PROFESSOR_CARLTRON,Professor Ruffleberg,$0C Professor Ruffleberg
2876,$D1F1B4,$1F8A7C,raw,4131452,$FF0A7C,True,LiveText_2876,,OMNITOPIA_PROFESSOR_CARLTRON,Professor Ruffleberg,$0C Professor Ruffleberg
2877,$D1F1B7,$1F8ACF,raw,4131535,$FF0ACF,True,LiveText_2877,,OMNITOPIA_PROFESSOR_CARLTRON,Professor Ruffleberg,$0C Professor Ruffleberg
2878,$D1F1BA,$1F8B0A,raw,4131594,$FF0B0A,True,LiveText_2878,,OMNITOPIA_PROFESSOR_CARLTRON,Boy,$04 Boy
2879,$D1F1BD,$1A682C,raw,3434540,$F4682C,True,LiveText_2879,,OMNITOPIA_PROFESSOR_CARLTRON,Professor Ruffleberg,$0C Professor Ruffleberg
2880,$D1F1C0,$1F8BA1,raw,4131745,$FF0BA1,True,LiveText_2880,,OMNITOPIA_PROFESSOR_CARLTRON,Professor Ruffleberg,$0C Professor Ruffleberg
2881,$D1F1C3,$1F8BDC,raw,4131804,$FF0BDC,True,LiveText_2881,,OMNITOPIA_PROFESSOR_CARLTRON,Boy,$04 Boy
2882,$D1F1C6,$1F8C1C,raw,4131868,$FF0C1C,True,LiveText_2882,,OMNITOPIA_PROFESSOR_CARLTRON,Professor Ruffleberg,$0C Professor Ruffleberg
2883,$D1F1C9,$1F8C28,raw,4131880,$FF0C28,True,LiveText_2883,,OMNITOPIA_PROFESSOR_CARLTRON,Professor Ruffleberg,$0C Professor Ruffleberg
2884,$D1F1CC,$1F8C70,raw,4131952,$FF0C70,True,LiveText_2884,,OMNITOPIA_PROFESSOR_CARLTRON,Professor Ruffleberg,$0C Professor Ruffleberg
2885,$D1F1CF,$1F8CB6,raw,4132022,$FF0CB6,True,LiveText_2885,,OMNITOPIA_PROFESSOR_CARLTRON,Professor Ruffleberg,$0C Professor Ruffleberg
2886,$D1F1D2,$1F8D03,raw,4132099,$FF0D03,True,LiveText_2886,,OMNITOPIA_PROFESSOR_CARLTRON,Boy,$04 Boy
2887,$D1F1D5,$1F8D2D,raw,4132141,$FF0D2D,True,LiveText_2887,,OMNITOPIA_PROFESSOR_CARLTRON,Professor Ruffleberg,$0C Professor Ruffleberg
2888,$D1F1D8,$1A68B5,raw,3434677,$F468B5,True,LiveText_2888,,OMNITOPIA_PROFESSOR_CARLTRON,Boy,$04 Boy
2889,$D1F1DB,$1F8D7F,raw,4132223,$FF0D7F,True,LiveText_2889,,OMNITOPIA_PROFESSOR_CARLTRON,Professor Ruffleberg,$0C Professor Ruffleberg
2890,$D1F1DE,$1F8DA6,raw,4132262,$FF0DA6,True,LiveText_2890,,OMNITOPIA_PROFESSOR_CARLTRON,Professor Ruffleberg,$0C Professor Ruffleberg
2891,$D1F1E1,$1F8DC5,raw,4132293,$FF0DC5,True,LiveText_2891,,OMNITOPIA_PROFESSOR_CARLTRON,Professor Ruffleberg,$0C Professor Ruffleberg
2892,$D1F1E4,$1F8DE9,raw,4132329,$FF0DE9,True,LiveText_2892,,OMNITOPIA_PROFESSOR_CARLTRON,Presentation control,INHERIT
2893,$D1F1E7,$1F8DEB,raw,4132331,$FF0DEB,True,LiveText_2893,,OMNITOPIA_PROFESSOR_CARLTRON,Professor Ruffleberg,$0C Professor Ruffleberg
2894,$D1F1EA,$1F8E26,raw,4132390,$FF0E26,True,LiveText_2894,,OMNITOPIA_PROFESSOR_CARLTRON,Professor Ruffleberg,$0C Professor Ruffleberg
2895,$D1F1ED,$1F8EC8,raw,4132552,$FF0EC8,True,LiveText_2895,,OMNITOPIA_PROFESSOR_CARLTRON,Professor Ruffleberg,$0C Professor Ruffleberg
2896,$D1F1F0,$1A68EB,raw,3434731,$F468EB,True,LiveText_2896,,OMNITOPIA_PROFESSOR_CARLTRON,Professor Ruffleberg,$0C Professor Ruffleberg
2897,$D1F1F3,$1F8F4C,raw,4132684,$FF0F4C,True,LiveText_2897,,OMNITOPIA_PROFESSOR_CARLTRON,Professor Ruffleberg,$0C Professor Ruffleberg
2898,$D1F1F6,$1F8F97,raw,4132759,$FF0F97,True,LiveText_2898,,OMNITOPIA_PROFESSOR_CARLTRON,Professor Ruffleberg,$0C Professor Ruffleberg
2899,$D1F1F9,$1F8FC3,raw,4132803,$FF0FC3,True,LiveText_2899,,OMNITOPIA_PROFESSOR_CARLTRON,Professor Ruffleberg,$0C Professor Ruffleberg
2900,$D1F1FC,$1F8FCC,raw,4132812,$FF0FCC,True,LiveText_2900,,OMNITOPIA_PROFESSOR_CARLTRON,Professor Ruffleberg,$0C Professor Ruffleberg
2901,$D1F1FF,$1A6939,raw,3434809,$F46939,True,LiveText_2901,,OMNITOPIA_PROFESSOR_CARLTRON,Boy,$04 Boy
2902,$D1F202,$1A6942,raw,3434818,$F46942,True,LiveText_2902,,OMNITOPIA_PROFESSOR_CARLTRON,Boy,$04 Boy
2903,$D1F205,$1A698B,raw,3434891,$F4698B,True,LiveText_2903,,OMNITOPIA_PROFESSOR_CARLTRON,Boy,$04 Boy
2904,$D1F208,$1A69A5,raw,3434917,$F469A5,True,LiveText_2904,,OMNITOPIA_PROFESSOR_CARLTRON,Boy,$04 Boy
2905,$D1F20B,$1F906F,raw,4132975,$FF106F,True,LiveText_2905,,OMNITOPIA_PROFESSOR_CARLTRON,Presentation control,INHERIT
2906,$D1F20E,$1A69AC,raw,3434924,$F469AC,True,LiveText_2906,,OMNITOPIA_PROFESSOR_CARLTRON,Boy,$04 Boy
2907,$D1F211,$1F90B2,raw,4133042,$FF10B2,True,LiveText_2907,,OMNITOPIA_PROFESSOR_CARLTRON,Presentation control,INHERIT
2908,$D1F214,$1A69EC,raw,3434988,$F469EC,True,LiveText_2908,,OMNITOPIA_PROFESSOR_CARLTRON,Boy,$04 Boy
2909,$D1F217,$1F90BC,raw,4133052,$FF10BC,True,LiveText_2909,,OMNITOPIA_PROFESSOR_CARLTRON,Boy,$04 Boy
2910,$D1F21A,$1F90D7,raw,4133079,$FF10D7,True,LiveText_2910,,OMNITOPIA_PROFESSOR_CARLTRON,Presentation control,INHERIT
2911,$D1F21D,$1A69F3,raw,3434995,$F469F3,True,LiveText_2911,,OMNITOPIA_PROFESSOR_CARLTRON,Boy,$04 Boy
2912,$D1F220,$1F90E2,raw,4133090,$FF10E2,True,LiveText_2912,,OMNITOPIA_PROFESSOR_CARLTRON,Presentation control,INHERIT
2913,$D1F223,$1BEA00,raw,3631616,$F76A00,True,LiveText_2913,,OMNITOPIA_PROFESSOR_CARLTRON,Carltron,$0B Carltron
2914,$D1F226,$1BEA15,raw,3631637,$F76A15,True,LiveText_2914,,OMNITOPIA_PROFESSOR_CARLTRON,Carltron,$0B Carltron
2915,$D1F229,$1BEA2F,raw,3631663,$F76A2F,True,LiveText_2915,,OMNITOPIA_PROFESSOR_CARLTRON,Boy,$04 Boy
2916,$D1F22C,$1BEA46,raw,3631686,$F76A46,True,LiveText_2916,,OMNITOPIA_PROFESSOR_CARLTRON,Boy,$04 Boy
2917,$D1F22F,$1BEA62,raw,3631714,$F76A62,True,LiveText_2917,,OMNITOPIA_PROFESSOR_CARLTRON,Carltron,$0B Carltron
2918,$D1F232,$1BEA9F,raw,3631775,$F76A9F,True,LiveText_2918,,OMNITOPIA_PROFESSOR_CARLTRON,Carltron,$0B Carltron
2919,$D1F235,$1BEADE,raw,3631838,$F76ADE,True,LiveText_2919,,OMNITOPIA_PROFESSOR_CARLTRON,Carltron,$0B Carltron
2920,$D1F238,$1FA901,raw,4139265,$FF2901,True,LiveText_2920,,OMNITOPIA_PROFESSOR_CARLTRON,Professor Ruffleberg,$0C Professor Ruffleberg
2921,$D1F23B,$1FA91F,raw,4139295,$FF291F,True,LiveText_2921,,OMNITOPIA_PROFESSOR_CARLTRON,Carltron,$0B Carltron
2922,$D1F23E,$1FA943,raw,4139331,$FF2943,True,LiveText_2922,,OMNITOPIA_PROFESSOR_CARLTRON,Carltron,$0B Carltron
2923,$D1F241,$1FA959,raw,4139353,$FF2959,True,LiveText_2923,,OMNITOPIA_PROFESSOR_CARLTRON,Professor Ruffleberg,$0C Professor Ruffleberg
2924,$D1F244,$1BEAEC,raw,3631852,$F76AEC,True,LiveText_2924,,OMNITOPIA_PROFESSOR_CARLTRON,Boy,$04 Boy
2925,$D1F247,$1F926A,raw,4133482,$FF126A,True,LiveText_2925,,OMNITOPIA_PROFESSOR_CARLTRON,Narration/System,$02 Narration / System
2926,$D1F24A,$1F927F,raw,4133503,$FF127F,True,LiveText_2926,,OMNITOPIA_PROFESSOR_CARLTRON,Narration/System,$02 Narration / System
2927,$D1F24D,$1BEAF8,raw,3631864,$F76AF8,True,LiveText_2927,,OMNITOPIA_PROFESSOR_CARLTRON,Boy,$04 Boy
2928,$D1F250,$1BEB00,raw,3631872,$F76B00,True,LiveText_2928,,OMNITOPIA_PROFESSOR_CARLTRON,Boy,$04 Boy
2929,$D1F253,$1BEB1B,raw,3631899,$F76B1B,True,LiveText_2929,,OMNITOPIA_PROFESSOR_CARLTRON,Boy,$04 Boy
2930,$D1F256,$1BEB38,raw,3631928,$F76B38,True,LiveText_2930,,OMNITOPIA_PROFESSOR_CARLTRON,Boy,$04 Boy
2931,$D1F259,$1BEB4E,raw,3631950,$F76B4E,True,LiveText_2931,,OMNITOPIA_PROFESSOR_CARLTRON,Boy,$04 Boy
2932,$D1F25C,$1BEBBF,raw,3632063,$F76BBF,True,LiveText_2932,,OMNITOPIA_PROFESSOR_CARLTRON,Boy,$04 Boy
2933,$D1F25F,$1F938F,raw,4133775,$FF138F,True,LiveText_2933,,OMNITOPIA_PROFESSOR_CARLTRON,Boy,$04 Boy
2934,$D1F262,$195000,raw,3297280,$F25000,True,LiveText_2934,$F35000,OMNITOPIA_PROFESSOR_CARLTRON / normal mirrored side,Omnitopia machine/terminal,$05 Robot
2935,$D1F265,$19502C,raw,3297324,$F2502C,True,LiveText_2935,$F3502C,OMNITOPIA_PROFESSOR_CARLTRON / normal mirrored side,Omnitopia machine/terminal,$05 Robot
2936,$D1F268,$1F93BD,raw,4133821,$FF13BD,True,LiveText_2936,,OMNITOPIA_PROFESSOR_CARLTRON,Professor Ruffleberg,$0C Professor Ruffleberg
2937,$D1F26B,$1F93F9,raw,4133881,$FF13F9,True,LiveText_2937,,OMNITOPIA_PROFESSOR_CARLTRON,Professor Ruffleberg,$0C Professor Ruffleberg
2938,$D1F26E,$1F9405,raw,4133893,$FF1405,True,LiveText_2938,,OMNITOPIA_PROFESSOR_CARLTRON,Professor Ruffleberg,$0C Professor Ruffleberg
2939,$D1F271,$1F9419,raw,4133913,$FF1419,True,LiveText_2939,,OMNITOPIA_PROFESSOR_CARLTRON,Boy,$04 Boy
2940,$D1F274,$1F9425,raw,4133925,$FF1425,True,LiveText_2940,,OMNITOPIA_PROFESSOR_CARLTRON,Boy,$04 Boy
2941,$D1F277,$1F945E,raw,4133982,$FF145E,True,LiveText_2941,,OMNITOPIA_PROFESSOR_CARLTRON,Professor Ruffleberg,$0C Professor Ruffleberg
2942,$D1F27A,$1F9488,raw,4134024,$FF1488,True,LiveText_2942,,OMNITOPIA_PROFESSOR_CARLTRON,Professor Ruffleberg,$0C Professor Ruffleberg
2943,$D1F27D,$1F94E3,raw,4134115,$FF14E3,True,LiveText_2943,,OMNITOPIA_PROFESSOR_CARLTRON,Professor Ruffleberg,$0C Professor Ruffleberg
2944,$D1F280,$1F953C,raw,4134204,$FF153C,True,LiveText_2944,,OMNITOPIA_PROFESSOR_CARLTRON,Boy,$04 Boy
2945,$D1F283,$1F955F,raw,4134239,$FF155F,True,LiveText_2945,,OMNITOPIA_PROFESSOR_CARLTRON,Professor Ruffleberg,$0C Professor Ruffleberg
2946,$D1F286,$1F9588,raw,4134280,$FF1588,True,LiveText_2946,,OMNITOPIA_PROFESSOR_CARLTRON,Professor Ruffleberg,$0C Professor Ruffleberg
2947,$D1F289,$1F95D7,raw,4134359,$FF15D7,True,LiveText_2947,,OMNITOPIA_PROFESSOR_CARLTRON,Professor Ruffleberg,$0C Professor Ruffleberg
2948,$D1F28C,$1F961D,raw,4134429,$FF161D,True,LiveText_2948,,OMNITOPIA_PROFESSOR_CARLTRON,Professor Ruffleberg,$0C Professor Ruffleberg
2949,$D1F28F,$1F962B,raw,4134443,$FF162B,True,LiveText_2949,,OMNITOPIA_PROFESSOR_CARLTRON,Professor Ruffleberg,$0C Professor Ruffleberg
2950,$D1F292,$1F9664,raw,4134500,$FF1664,True,LiveText_2950,,OMNITOPIA_PROFESSOR_CARLTRON,Professor Ruffleberg,$0C Professor Ruffleberg
2951,$D1F295,$1F96C0,raw,4134592,$FF16C0,True,LiveText_2951,,OMNITOPIA_PROFESSOR_CARLTRON,Professor Ruffleberg,$0C Professor Ruffleberg
2952,$D1F298,$1F971B,raw,4134683,$FF171B,True,LiveText_2952,,OMNITOPIA_PROFESSOR_CARLTRON,Professor Ruffleberg,$0C Professor Ruffleberg
2953,$D1F29B,$1F973D,raw,4134717,$FF173D,True,LiveText_2953,,OMNITOPIA_PROFESSOR_CARLTRON,Boy / Professor Ruffleberg,PAGE_MAP
2954,$D1F29E,$1F9855,raw,4134997,$FF1855,True,LiveText_2954,,OMNITOPIA_PROFESSOR_CARLTRON,Boy,$04 Boy
2955,$D1F2A1,$1F9890,raw,4135056,$FF1890,True,LiveText_2955,,OMNITOPIA_PROFESSOR_CARLTRON,Professor Ruffleberg,$0C Professor Ruffleberg
2956,$D1F2A4,$1F98E5,raw,4135141,$FF18E5,True,LiveText_2956,,OMNITOPIA_PROFESSOR_CARLTRON,Boy,$04 Boy
2957,$D1F2A7,$1F98F4,raw,4135156,$FF18F4,True,LiveText_2957,,OMNITOPIA_PROFESSOR_CARLTRON,Professor Ruffleberg,$0C Professor Ruffleberg
2958,$D1F2AA,$1FACB0,raw,4140208,$FF2CB0,True,LiveText_2958,,OMNITOPIA_PROFESSOR_CARLTRON,Professor Ruffleberg,$0C Professor Ruffleberg
2959,$D1F2AD,$1FAD10,raw,4140304,$FF2D10,True,LiveText_2959,,OMNITOPIA_PROFESSOR_CARLTRON,Omnitopia machine/terminal,$05 Robot
2960,$D1F2B0,$1F9A12,raw,4135442,$FF1A12,True,LiveText_2960,,OMNITOPIA_PROFESSOR_CARLTRON,Professor Ruffleberg,$0C Professor Ruffleberg
2961,$D1F2B3,$1FAD50,raw,4140368,$FF2D50,True,LiveText_2961,,OMNITOPIA_PROFESSOR_CARLTRON,Professor Ruffleberg,$0C Professor Ruffleberg
2962,$D1F2B6,$1F9AC8,raw,4135624,$FF1AC8,True,LiveText_2962,,OMNITOPIA_PROFESSOR_CARLTRON,Narration/System,$02 Narration / System
2963,$D1F2B9,$1F9ADE,raw,4135646,$FF1ADE,True,LiveText_2963,,OMNITOPIA_PROFESSOR_CARLTRON,Professor Ruffleberg,$0C Professor Ruffleberg
2964,$D1F2BC,$1F9B0A,raw,4135690,$FF1B0A,True,LiveText_2964,,OMNITOPIA_PROFESSOR_CARLTRON,Professor Ruffleberg,$0C Professor Ruffleberg
2965,$D1F2BF,$1F9B45,raw,4135749,$FF1B45,True,LiveText_2965,,OMNITOPIA_PROFESSOR_CARLTRON,Professor Ruffleberg,$0C Professor Ruffleberg
2966,$D1F2C2,$1F9B8D,raw,4135821,$FF1B8D,True,LiveText_2966,,OMNITOPIA_PROFESSOR_CARLTRON,Professor Ruffleberg,$0C Professor Ruffleberg
2967,$D1F2C5,$1F9BFF,raw,4135935,$FF1BFF,True,LiveText_2967,,OMNITOPIA_PROFESSOR_CARLTRON,Professor Ruffleberg,$0C Professor Ruffleberg
2968,$D1F2C8,$1F9C7A,raw,4136058,$FF1C7A,True,LiveText_2968,,OMNITOPIA_PROFESSOR_CARLTRON,Professor Ruffleberg,$0C Professor Ruffleberg
2969,$D1F2CB,$1F9C8B,raw,4136075,$FF1C8B,True,LiveText_2969,,OMNITOPIA_PROFESSOR_CARLTRON,Omnitopia machine/terminal,$05 Robot
2970,$D1F2CE,$1F9CA7,raw,4136103,$FF1CA7,True,LiveText_2970,,OMNITOPIA_PROFESSOR_CARLTRON,Omnitopia machine/terminal,$05 Robot
2971,$D1F2D1,$1F9CDD,raw,4136157,$FF1CDD,True,LiveText_2971,,OMNITOPIA_PROFESSOR_CARLTRON,Omnitopia machine/terminal,$05 Robot
2972,$D1F2D4,$1F9CF1,raw,4136177,$FF1CF1,True,LiveText_2972,,OMNITOPIA_PROFESSOR_CARLTRON,Omnitopia machine/terminal,$05 Robot
2973,$D1F2D7,$1F9D1F,raw,4136223,$FF1D1F,True,LiveText_2973,,OMNITOPIA_PROFESSOR_CARLTRON,Omnitopia machine/terminal,$05 Robot
2974,$D1F2DA,$1F9D44,raw,4136260,$FF1D44,True,LiveText_2974,,OMNITOPIA_PROFESSOR_CARLTRON,Final-evacuation speaker,SCENE_ACTOR
2975,$D1F2DD,$1F9D5A,raw,4136282,$FF1D5A,True,LiveText_2975,,OMNITOPIA_PROFESSOR_CARLTRON,Boy,$04 Boy
2976,$D1F2E0,$1F9D80,raw,4136320,$FF1D80,True,LiveText_2976,,OMNITOPIA_PROFESSOR_CARLTRON,Final-evacuation speaker,SCENE_ACTOR
2977,$D1F2E3,$1F9DA1,raw,4136353,$FF1DA1,True,LiveText_2977,,OMNITOPIA_PROFESSOR_CARLTRON,Professor Ruffleberg,$0C Professor Ruffleberg
2978,$D1F2E6,$1F9DDC,raw,4136412,$FF1DDC,True,LiveText_2978,,OMNITOPIA_PROFESSOR_CARLTRON,Final-evacuation speaker,SCENE_ACTOR
2979,$D1F2E9,$1F9DEE,raw,4136430,$FF1DEE,True,LiveText_2979,,OMNITOPIA_PROFESSOR_CARLTRON,Final-evacuation speaker,SCENE_ACTOR
2980,$D1F2EC,$1F9E0B,raw,4136459,$FF1E0B,True,LiveText_2980,,OMNITOPIA_PROFESSOR_CARLTRON,Final-evacuation speaker,SCENE_ACTOR
2981,$D1F2EF,$1F9E2A,raw,4136490,$FF1E2A,True,LiveText_2981,,OMNITOPIA_PROFESSOR_CARLTRON,Boy,$04 Boy
2982,$D1F2F2,$1F9E3D,raw,4136509,$FF1E3D,True,LiveText_2982,,OMNITOPIA_PROFESSOR_CARLTRON,Boy,$04 Boy
2983,$D1F2F5,$1F9E49,raw,4136521,$FF1E49,True,LiveText_2983,,OMNITOPIA_PROFESSOR_CARLTRON,Boy,$04 Boy
2984,$D1F2F8,$1F9E63,raw,4136547,$FF1E63,True,LiveText_2984,,OMNITOPIA_PROFESSOR_CARLTRON,Boy,$04 Boy
2985,$D1F2FB,$1F9E88,raw,4136584,$FF1E88,True,LiveText_2985,,OMNITOPIA_PROFESSOR_CARLTRON,Boy beat / presentation control,$04 Boy
2986,$D1F2FE,$1FADB0,raw,4140464,$FF2DB0,True,LiveText_2986,,OMNITOPIA_PROFESSOR_CARLTRON,Professor Ruffleberg,$0C Professor Ruffleberg
2987,$D1F301,$1A69FB,raw,3435003,$F469FB,True,LiveText_2987,,OMNITOPIA_PROFESSOR_CARLTRON,Professor Ruffleberg,$0C Professor Ruffleberg
2988,$D1F304,$1F9F08,raw,4136712,$FF1F08,True,LiveText_2988,,OMNITOPIA_PROFESSOR_CARLTRON,Professor Ruffleberg,$0C Professor Ruffleberg
2989,$D1F307,$1F9F14,raw,4136724,$FF1F14,True,LiveText_2989,,OMNITOPIA_PROFESSOR_CARLTRON,Boy,$04 Boy
2990,$D1F30A,$1F9F4D,raw,4136781,$FF1F4D,True,LiveText_2990,,OMNITOPIA_PROFESSOR_CARLTRON,Boy,$04 Boy
2991,$D1F30D,$1FAE00,raw,4140544,$FF2E00,True,LiveText_2991,,OMNITOPIA_PROFESSOR_CARLTRON,Boy,$04 Boy
2992,$D1F310,$1FA04A,raw,4137034,$FF204A,True,LiveText_2992,,OMNITOPIA_PROFESSOR_CARLTRON,Omnitopia machine/terminal,$05 Robot
2993,$D1F313,$1FA170,raw,4137328,$FF2170,True,LiveText_2993,,OMNITOPIA_PROFESSOR_CARLTRON,Omnitopia machine/terminal,$05 Robot
2994,$D1F316,$1FA1BF,raw,4137407,$FF21BF,True,LiveText_2994,,OMNITOPIA_PROFESSOR_CARLTRON,Omnitopia machine/terminal,$05 Robot
2995,$D1F319,$1FA2C7,raw,4137671,$FF22C7,True,LiveText_2995,,OMNITOPIA_PROFESSOR_CARLTRON,Omnitopia machine/terminal,$05 Robot
2996,$D1F31C,$1FA313,raw,4137747,$FF2313,True,LiveText_2996,,OMNITOPIA_PROFESSOR_CARLTRON,Omnitopia machine/terminal,$05 Robot
2997,$D1F31F,$1FA35E,raw,4137822,$FF235E,True,LiveText_2997,,OMNITOPIA_PROFESSOR_CARLTRON,Omnitopia machine/terminal,$05 Robot
2998,$D1F322,$1FA39C,raw,4137884,$FF239C,True,LiveText_2998,,OMNITOPIA_PROFESSOR_CARLTRON,Omnitopia machine/terminal,$05 Robot
2999,$D1F325,$1FA3CE,raw,4137934,$FF23CE,True,LiveText_2999,,OMNITOPIA_PROFESSOR_CARLTRON,Omnitopia machine/terminal,$05 Robot
3000,$D1F328,$1FA404,raw,4137988,$FF2404,True,LiveText_3000,,OMNITOPIA_PROFESSOR_CARLTRON,Omnitopia machine/terminal,$05 Robot
3001,$D1F32B,$1FA462,raw,4138082,$FF2462,True,LiveText_3001,,OMNITOPIA_PROFESSOR_CARLTRON,Omnitopia machine/terminal,$05 Robot
